N,P,K,temperature,humidity,ph,rainfall,label
90,42,43,20.87974371,82.00274423,6.502985292000001,202.9355362,rice
85,58,41,21.77046169,80.31964408,7.038096361,226.6555374,rice
60,55,44,23.00445915,82.3207629,7.840207144,263.9642476,rice
74,35,40,26.49109635,80.15836264,6.980400905,242.8640342,rice
78,42,42,20.13017482,81.60487287,7.628472891,262.7173405,rice
69,37,42,23.05804872,83.37011772,7.073453503,251.0549998,rice
69,55,38,22.70883798,82.63941394,5.70080568,271.3248604,rice
94,53,40,20.27774362,82.89408619,5.718627177999999,241.9741949,rice
89,54,38,24.51588066,83.53521629999999,6.685346424,230.4462359,rice
68,58,38,23.22397386,83.03322691,6.336253525,221.2091958,rice
91,53,40,26.52723513,81.41753846,5.386167788,264.6148697,rice
90,46,42,23.97898217,81.45061596,7.50283396,250.0832336,rice
78,58,44,26.80079604,80.88684822,5.108681786,284.4364567,rice
93,56,36,24.01497622,82.05687182,6.98435366,185.2773389,rice
94,50,37,25.66585205,80.66385045,6.94801983,209.5869708,rice
60,48,39,24.28209415,80.30025587,7.042299068999999,231.0863347,rice
85,38,41,21.58711777,82.7883708,6.2490506560000005,276.65524589999995,rice
91,35,39,23.79391957,80.41817957,6.970859754,206.2611855,rice
77,38,36,21.8652524,80.1923008,5.953933276,224.55501690000003,rice
88,35,40,23.57943626,83.58760316,5.85393208,291.2986618000001,rice
89,45,36,21.32504158,80.47476396,6.442475375,185.4974732,rice
76,40,43,25.15745531,83.11713476,5.070175667,231.3843163,rice
67,59,41,21.94766735,80.97384195,6.012632591,213.3560921,rice
83,41,43,21.0525355,82.67839517,6.254028451,233.1075816,rice
98,47,37,23.48381344,81.33265073,7.375482851,224.0581164,rice
66,53,41,25.0756354,80.52389148,7.778915154,257.0038865,rice
97,59,43,26.35927159,84.04403589,6.2865001760000006,271.35861370000003,rice
97,50,41,24.52922681,80.54498576,7.070959995,260.2634026,rice
60,49,44,20.77576147,84.49774397,6.244841491,240.0810647,rice
84,51,35,22.30157427,80.64416466,6.043304899,197.9791215,rice
73,57,41,21.44653958,84.94375962,5.824709117,272.2017204,rice
92,35,40,22.17931888,80.33127223,6.3573893660000005,200.0882787,rice
85,37,39,24.52783742,82.73685569,6.364134967999999,224.67572310000003,rice
98,53,38,20.26707606,81.63895217,5.01450727,270.4417274,rice
88,54,44,25.7354293,83.88266234,6.149410611,233.1321372,rice
95,55,42,26.79533926,82.1480873,5.950660556,193.3473987,rice
99,57,35,26.75754171,81.17734011,5.960370061,272.29990560000005,rice
95,39,36,23.86330467,83.15250801,5.561398642,285.2493645,rice
60,43,44,21.01944696,82.95221726,7.416245107000001,298.40184710000005,rice
63,44,41,24.17298839,83.7287574,5.583370042,257.0343554,rice
62,42,36,22.78133816,82.06719137,6.430010215,248.7183228,rice
64,45,43,25.62980105,83.52842314,5.534878156,209.9001977,rice
83,60,36,25.59704938,80.14509262,6.903985986,200.834898,rice
82,40,40,23.83067496,84.81360127,6.271478837999999,298.5601175,rice
85,52,45,26.31355498,82.36698992,7.224285503,265.5355937,rice
91,35,38,24.8972823,80.52586088,6.13428721,183.6793207,rice
76,49,42,24.958779,84.47963372,5.206373153,196.95600080000003,rice
74,39,38,23.24113501,84.59201843,7.782051312999999,233.0453455,rice
79,43,39,21.66628296,80.70960551,7.062779015,210.8142087,rice
88,55,45,24.63544858,80.41363018,7.730367824,253.7202781,rice
60,36,43,23.43121862,83.06310136,5.286203711000001,219.9048349,rice
76,60,39,20.0454142,80.3477562,6.766240045,208.5810155,rice
93,56,42,23.85724032,82.22572988,7.382762603,195.0948311,rice
65,60,43,21.97199397,81.89918197,5.658169482000001,227.3637009,rice
95,52,36,26.22916897,83.83625819,5.543360237999999,286.5083725,rice
75,38,39,23.44676801,84.79352417,6.215109715,283.9338466,rice
74,54,38,25.65553461,83.47021081,7.120272972,217.3788583,rice
91,36,45,24.44345477,82.45432595,5.950647577000001,267.97619480000003,rice
71,46,40,20.2801937,82.1235421,7.236705436,191.9535738,rice
99,55,35,21.7238313,80.2389895,6.501697816,277.9626192,rice
72,40,38,20.41447029,82.20802629,7.592490617,245.1511304,rice
83,58,45,25.75528612,83.51827127,5.875345751,245.6626799,rice
93,58,38,20.61521424,83.77345559,6.932400225,279.5451717,rice
70,36,42,21.84106875,80.72886384,6.9462098810000015,202.3838319,rice
76,47,42,20.08369642,83.29114712,5.739175027000001,263.6372176,rice
99,41,36,24.45802087,82.74835604,6.738652179,182.5616319,rice
99,54,37,21.14347496,80.33502926,5.5948196260000005,198.6730942,rice
86,59,35,25.78720567,82.11124033,6.946636369,243.5120414,rice
69,46,41,23.64124821,80.28597873,5.012139669,263.1103304,rice
91,56,37,23.43191632,80.56887849,6.363472207999999,269.5039162,rice
61,52,41,24.97669518,83.891805,6.880431223,204.8001847,rice
67,45,38,22.72791041,82.17068809999998,7.300410836,260.8875056,rice
79,42,37,24.87300744,82.84022551,6.587918707999999,295.6094492000001,rice
78,43,42,21.32376327,83.00320459,7.283736617000001,192.3197536,rice
75,54,36,26.29465461,84.56919326,7.023936392,257.4914906,rice
97,36,45,22.2286982,81.85872947,6.939083505,278.0791793,rice
67,47,44,26.73072391,81.78596776,7.868474653,280.4044392,rice
73,35,38,24.88921174,81.97927117,5.005306977,185.9461429,rice
77,36,37,26.88444878,81.46033732,6.136131869,194.5766559,rice
81,41,38,22.67846116,83.72874389,7.5240800760000015,200.9133156,rice
68,57,43,26.08867875,80.37979919,5.706943251,182.9043504,rice
72,45,35,25.42977518,82.94682591,5.758506323,195.3574542,rice
61,53,43,26.40323239,81.05635517,6.349606327,223.3671883,rice
67,43,39,26.04371967,84.96907151,5.9999690260000005,186.7536773,rice
67,58,39,25.2827223,80.54372813,5.453592032,220.1156708,rice
66,60,38,22.08576562,83.47038318,6.372576327000001,231.7364957,rice
82,43,38,23.28617173,81.43321641,5.105588355,242.3170629,rice
84,50,44,25.48591986,81.40633547,5.9353444060000005,182.6549356,rice
81,53,42,23.67575393,81.03569343,5.17782304,233.7034975,rice
91,50,40,20.82477109,84.1341879,6.462391607000001,230.22422230000004,rice
93,53,38,26.92995077,81.91411159,7.069172227,290.67937830000005,rice
90,44,38,23.83509503,83.88387074,7.473134377,241.20135130000003,rice
81,45,35,26.52872817,80.12267476,6.158376967000001,218.9163567,rice
78,40,38,26.46428311,83.85642678,7.549873681,248.2256491,rice
60,51,36,22.69657794,82.81088865,6.028321557999999,256.9964761,rice
88,46,42,22.68319059,83.46358271,6.604993475,194.2651719,rice
93,47,37,21.53346343,82.14004101,6.500343222000001,295.9248796,rice
60,55,45,21.40865769,83.32931909999998,5.935745417000001,287.5766935000001,rice
78,35,44,26.54348085,84.67353597,7.072655622,183.6222657,rice
65,37,40,23.35905428,83.59512273,5.333322606,188.413665,rice
71,54,16,22.61359953,63.69070564,5.7499144210000015,87.75953857,maize
61,44,17,26.10018422,71.57476937,6.931756557999999,102.2662445,maize
80,43,16,23.55882094,71.59351368,6.657964753,66.71995467,maize
73,58,21,19.97215954,57.68272924,6.596060648,60.65171481,maize
61,38,20,18.47891261,62.69503871,5.970458434,65.43835393,maize
68,41,16,21.77689322,57.80840636,6.158830619,102.0861694,maize
93,41,17,25.6217169,66.50415474,6.047906679,105.4654703,maize
89,60,19,25.19192419,66.69029010000001,5.913664501,78.06639649,maize
76,44,17,20.41683147,62.55424820000001,5.855442401,65.27798457,maize
67,60,25,24.92162194,66.78627406,5.750254943,109.2162279,maize
70,44,19,23.31689124,73.4541537,5.852607099,94.29712821,maize
90,49,21,24.84016732,68.3584573,6.4725232870000005,74.05474936,maize
62,52,16,22.27526694,58.84015925,6.9670577620000005,63.87020584,maize
92,44,16,18.87751445,65.76816093,6.082973754,94.76189431,maize
66,54,21,25.19008683,60.200168700000006,5.919045532,72.12375573,maize
63,58,22,18.25405352,55.28220433,6.204747652999999,63.72358154,maize
70,47,17,24.612911800000006,70.4162444,6.600827017,104.1626147,maize
61,41,17,25.1420613,65.26185135,6.021902237000001,76.68456006,maize
66,53,19,23.09348056,60.11593810000001,6.033550195,65.49730729,maize
74,55,19,18.05033737,62.89366992,6.28886807,84.23613484,maize
77,57,21,24.9321581,73.80435276,6.550563822999999,79.74078719,maize
99,50,15,18.14710054,71.09445342,5.573286437,88.07753741,maize
74,56,22,18.28362235,66.65952796,6.829199275,80.97573281,maize
83,45,21,18.83344471,58.75082029,5.716222912,79.75328959999999,maize
100,48,16,25.71895816,67.22190688,5.54990242,74.51490791,maize
79,51,16,25.33797709,68.49835977,6.586244581,96.46380213,maize
94,39,18,23.89114571,57.48775781,5.893093135,102.8301942,maize
75,49,15,21.53574127,71.50905983,5.918263801,102.4852929,maize
78,48,22,23.08974909,63.10459626,5.588650585,70.43473609,maize
87,54,20,25.61707368,63.4711755,6.576418207000001,108.8303762,maize
87,35,25,21.44526922,63.1621551,6.178056304,65.88951188,maize
63,43,19,18.51816776,55.53128131,6.641906353,90.988051,maize
84,57,25,22.53510514,67.99257471,6.489040367,64.40866039,maize
64,35,23,23.02038334,61.89472002,5.680361037999999,63.03843397,maize
60,46,22,24.89364635,65.61418761,6.625404347999999,87.9298085,maize
98,44,21,25.77175115,74.089114,6.524478032,107.4931917,maize
75,56,18,19.39851734,62.35750641,5.696205468,60.95197486,maize
86,55,21,21.54156232,59.64024162,6.803931519,109.7515385,maize
98,35,18,23.79746068,74.82913698,6.252797547999999,91.76337172,maize
76,57,18,18.9802729,74.52600826,6.092725883,94.26249353,maize
99,56,17,24.10859207,73.13112261,6.234330356,71.07562236,maize
60,44,23,24.7947077,70.04556743,5.722579819,76.72860067,maize
74,48,17,21.63162756,60.27766379,6.430616465,69.21803098,maize
89,60,17,25.37548751,57.21025565,5.983952675,101.7004306,maize
69,51,23,22.21738222,72.85462807,6.80163854,106.6213157,maize
96,46,22,20.58314011,69.00128641,6.499936446,66.29390357,maize
61,60,15,24.87502824,68.74248334,6.265564338,91.26056654,maize
74,58,18,20.03728219,56.35606753,6.727303282,109.024141,maize
74,43,23,25.95263264,61.89082199,6.325235159,99.57981207,maize
63,43,17,19.28889933,65.47050802,6.807487794,71.3195307,maize
99,36,20,20.57981887,65.34583901,6.671085817000001,78.34604471,maize
77,36,23,24.71417533,56.73426469,6.648725327,88.45361858,maize
87,60,23,20.27317074,63.91281869,6.439071996,62.50351892,maize
60,38,17,18.41932981,64.23580251,6.474476516,76.41312437,maize
94,54,17,23.39128187,61.74427165,5.871647806,107.3198135,maize
95,38,22,19.84939404,61.24500053,5.730617109,100.7689246,maize
84,44,21,21.869274,61.91044947,5.850439831,107.2681929,maize
77,58,19,22.8056033,56.50768935,5.791649933,101.5952794,maize
66,44,20,19.0781471,69.02298571,6.740000687999999,80.72515943,maize
63,35,16,22.02720976,65.35549924,6.272417541,83.73280082,maize
79,45,20,23.80546189,59.24537979,5.715208817000001,89.96220140000001,maize
72,60,25,18.52510753,69.0276233,5.773454729,88.10234397,maize
67,51,24,23.50297882,61.32026065,5.584171461,64.77791424,maize
86,36,24,26.54986394,72.89187265,5.787268394,73.33636055,maize
76,48,18,19.29563411,69.63481219,5.77597783,83.21030571,maize
75,53,18,20.68899915,59.4375337,6.864793607,103.651438,maize
81,45,23,19.32666088,68.03449300000001,6.192360002999999,84.22969177,maize
73,45,21,24.60532218,73.58868502,6.636803222999999,96.59195302,maize
71,35,24,22.27373646,59.52193158,5.826426917,67.96704792,maize
96,54,22,25.70196694,61.33450447,6.960358276,83.20711308,maize
99,39,18,19.20129357,68.30578978,6.11275104,87.85092352,maize
62,48,20,21.70181447,60.47470519,6.708446922,95.71388473,maize
86,37,16,20.51716779,59.21235483,5.561510732,67.61013737,maize
94,50,19,23.30355338,73.62548442,5.873242491,97.59081274,maize
76,39,24,24.2547451,55.64709899,6.995843776,64.23845455,maize
77,52,17,24.86374934,65.7420046,5.714799723,75.82270467,maize
74,39,23,22.6265115,65.77472881,6.78073637,88.17251033,maize
81,49,20,18.04185513,60.61494304,5.513697923,104.2321615,maize
63,42,21,23.26237612,72.33125523,5.798423907999999,67.10225139,maize
99,38,21,22.88330922,71.59722446,6.352471866,67.72777298,maize
90,52,25,25.97482359,69.36385721,6.822586546,103.2234212,maize
68,40,19,26.14384005,66.20569924,6.655426355,107.2361366,maize
60,57,24,18.66116213,61.55327249,6.1212940410000005,75.03247667,maize
71,52,18,25.10787449,55.97732754,5.790770202999999,78.16077693,maize
61,59,17,23.33844615,59.24580604,6.47444292,105.0083144,maize
88,38,15,25.08239719,65.92195844,6.455116637000001,62.49190812,maize
65,60,22,25.36768364,72.52054555,6.6069840860000015,107.9124111,maize
78,37,22,25.34217103,63.31801994,6.330554389,74.52082026,maize
78,58,15,25.00933355,67.816568,6.5286312660000005,62.91359494,maize
92,60,23,18.66746724,71.516474,5.721667141,69.93293255,maize
79,59,17,20.37999665,63.73849998,6.644205485,108.5054416,maize
91,55,15,18.09300227,72.61024172,6.376651091,78.96159541,maize
76,51,18,26.16985907,71.96246617,6.247040422,79.84925393,maize
87,48,25,18.65396672,61.37879671,6.656730007999999,93.62039175,maize
71,60,22,26.07470121,59.37147589,6.2048017,85.75692395,maize
90,57,24,18.92851916,72.80086137,6.158860284,82.34162918,maize
67,35,22,23.30546753,63.24648023,6.385684213999999,108.7603001,maize
60,54,19,18.74826712,62.49878458,6.417820493,70.23401597,maize
83,58,23,19.74213321,59.66263104,6.381201909,65.50861389,maize
83,57,19,25.73044432,70.74739256,6.877869005,98.73771338,maize
40,72,77,17.02498456,16.98861173,7.485996067,88.55123143,chickpea
23,72,84,19.02061277,17.13159126,6.920251378,79.92698081,chickpea
39,58,85,17.88776475,15.40589717,5.9969320370000005,68.54932919,chickpea
22,72,85,18.86805647,15.65809214,6.391173589,88.51048983,chickpea
36,67,77,18.36952567,19.56381041,7.152811172000001,79.26357665,chickpea
32,73,81,20.45078582,15.40312102,5.988992796000002,92.68373702,chickpea
58,70,84,20.6543203,16.60820843,6.231049027999999,74.6631118,chickpea
59,70,84,17.3348681,18.74926979,7.550808267000001,82.61734721,chickpea
42,62,75,18.17912258,18.90426935,7.010570541,81.84997529,chickpea
28,74,81,18.01272266,18.30968112,8.753795334,81.98568791,chickpea
58,66,79,20.99373558,19.33470387,8.718192847000001,93.55280105,chickpea
43,66,79,19.46233971,15.22538951,7.976607593,74.58565097,chickpea
58,63,81,19.81344531,14.69765308,6.515499548999999,78.96514709,chickpea
23,62,85,18.97424756,19.5161216,8.490127142,80.7108745,chickpea
27,62,77,18.19737048,14.71070537,6.576415562,70.18185181,chickpea
28,72,84,18.72963144,19.18197264,6.481783042999999,71.58010169,chickpea
50,56,76,20.99502153,19.8601304,7.966605025,73.50734019,chickpea
39,71,84,20.28155898,16.39535215,8.140825437,82.52339655,chickpea
25,78,76,17.48042641,15.7559405,7.228963452,66.96980581,chickpea
31,70,77,20.88818675,14.32313811,6.492546046,90.46228334,chickpea
26,80,83,17.08498521,16.14565756,7.528599957000001,71.31007253,chickpea
25,68,77,20.09340593,15.11279612,7.701446446,85.74904898,chickpea
31,78,76,17.57212145,14.99927489,8.519975748,89.31050665,chickpea
60,68,83,19.12065218,18.43475844,6.620900869,85.52950164,chickpea
59,62,83,18.57665902,19.22008229,8.104396057999999,72.94940441,chickpea
22,67,78,17.16606398,14.42457525,6.204090835,72.32667516,chickpea
36,65,80,18.2872007,16.67921616,6.051091339,74.87445574,chickpea
59,60,84,19.03025305,18.66725565,7.690962337999999,94.70992037,chickpea
54,77,85,17.141861399999996,17.0662427,7.8292111439999985,83.74606679,chickpea
43,68,81,17.47809436,17.93253975,6.761599706,78.92060234,chickpea
28,76,82,20.56601874,14.25803981,6.654425315,83.75937135,chickpea
42,79,85,17.22385224,15.82069268,6.129533877,76.57580954,chickpea
32,60,83,19.69141713,19.44225438,8.829273328,91.76071648,chickpea
22,78,76,17.84851658,19.09172907,8.621662982,76.32470713,chickpea
31,79,75,18.8202251,16.1074793,8.204862075,89.73119396,chickpea
28,58,81,17.47500984,16.54314829,6.18042747,93.35034262,chickpea
57,58,77,18.72649425,17.58406365,7.978996755,81.20176515,chickpea
49,55,78,18.65580107,16.17772668,7.863113671,81.70769297,chickpea
46,76,77,18.2356751,19.68538502,6.967843048,83.74879344,chickpea
54,61,77,18.81198127,15.21618225,6.206582192999999,77.54294240000002,chickpea
38,60,76,18.65054116,17.80852431,8.868741443,77.92798682,chickpea
59,55,79,20.36720401,16.89574311,8.766128654,82.2545577,chickpea
36,76,75,18.38120357,16.63805158,8.736337905,70.52056697,chickpea
57,68,81,17.17012591,17.30457712,8.081095263,72.78624223,chickpea
35,66,81,19.37101121,15.77458129,6.138243973,85.24819851,chickpea
35,64,78,17.92845928,14.27327988,7.496645259,85.37378769,chickpea
52,60,79,19.45339934,18.23490739,8.380185271,75.6317566,chickpea
27,76,83,19.12829388,14.92241479,6.289614016,89.61857826,chickpea
57,60,84,19.1034283,17.26184541,6.586777189,75.49101167,chickpea
52,68,78,17.48504075,16.96070581,6.89655198,86.05078037,chickpea
43,79,79,19.40751744,18.98030507,7.8067476560000015,80.25064637,chickpea
44,74,85,20.18649426,19.63719995,7.150681303,78.26039559,chickpea
24,55,78,17.30287885,15.15405941,6.64919573,75.57790384,chickpea
29,77,75,17.50361137,15.48083156,7.778591617999999,72.9446671,chickpea
20,60,78,18.17234999,14.70085967,6.358740355,90.7760707,chickpea
56,67,78,17.57445618,16.71826572,8.255450758,77.81891424,chickpea
37,66,85,20.93175255,18.91295403,6.456148474,78.06910795,chickpea
49,71,76,19.71098332,17.63879418,6.613072145,85.57925437,chickpea
59,69,80,19.07937684,17.86754927,8.165359297,69.40619137,chickpea
20,79,77,18.54988627,16.02542689,7.64867466,76.32565249,chickpea
24,56,85,18.19903647,17.41333199,6.545888558,80.6405403,chickpea
51,72,75,18.88852533,14.99451145,7.1042247970000005,80.11133840000002,chickpea
57,73,85,18.49311205,14.72115044,7.358099622,91.94595352,chickpea
22,64,82,19.48974337,17.17260319,6.4740245000000005,87.51312796,chickpea
52,73,79,17.25769499,18.74943955,7.840339388999999,94.00287214,chickpea
29,75,75,19.62416326,18.71483156,7.064790365,88.4585692,chickpea
44,59,78,20.67526473,19.85388984,7.599033472,84.78344008,chickpea
41,69,82,20.02381489,16.63294455,6.715587232000001,68.97806542,chickpea
52,56,85,20.118744600000007,14.44228303,6.81712422,88.68168643,chickpea
34,76,80,20.65691793,15.84572566,7.985417393,65.23811143,chickpea
42,74,83,19.2582557,14.2804191,7.545258424,65.78042032,chickpea
34,71,79,17.927806,15.85622899,7.728998197,74.63872762,chickpea
27,73,79,19.16288268,15.83500655,7.354973451,82.69766829,chickpea
30,70,79,20.26942271,19.96978871,7.313122235,69.64449182,chickpea
57,57,75,17.09104223,18.25142068,7.785039076,87.27444866,chickpea
27,79,82,17.06579293,17.54024066,6.307004922999999,70.87150577,chickpea
32,71,85,20.62767492,14.44008871,6.4039823160000005,92.06630306,chickpea
31,76,82,20.8248451,17.85057083,7.599279991,79.20509212,chickpea
33,75,84,19.46210401,18.72831993,7.217018459,68.81405149,chickpea
47,80,77,17.18248372,16.42891834,7.561108006,72.85017344,chickpea
54,62,80,17.48911699,16.39055394,7.489545074,79.45758333,chickpea
47,79,78,17.48395377,14.76014523,6.609696734,65.11365631,chickpea
35,57,83,19.48316794,17.44534641,7.476800943,80.4986291,chickpea
53,73,77,19.71359733,18.09665739,7.325451279,73.64476535,chickpea
45,61,78,19.48649305,16.06240074,6.489389282,81.52842690000001,chickpea
37,78,79,19.95264829,14.82633099,7.786366322,88.6810311,chickpea
30,75,81,19.41789736,16.80472243,6.4084378860000015,68.4951189,chickpea
37,55,82,19.45591848,18.02235902,8.423873703,78.44910564,chickpea
53,65,76,20.19137759,16.41998269,8.719960893,77.33795356,chickpea
22,60,85,18.8392908,14.74071856,7.811997977000001,94.78189594,chickpea
60,61,78,20.71219282,19.83643308,6.317153205,94.03659867,chickpea
42,67,77,18.99424448,15.9362937,7.114405288,78.69707199,chickpea
39,76,76,19.96837462,15.57324389,8.135900726000001,69.15759062,chickpea
35,63,76,17.81564548,17.60756635,7.714153037999999,90.82097601,chickpea
30,65,82,20.71424384,15.27824066,7.103798069,76.77888672,chickpea
57,56,78,17.34150229,18.75626255,8.861479668,67.9545435,chickpea
48,65,78,17.43732714,14.33847406,7.861128148,73.0926704,chickpea
36,56,83,18.89780215,19.76182946,7.4526709,69.09512477,chickpea
40,58,75,18.59190771,14.77959596,7.168096055,89.60982451,chickpea
49,69,82,18.31561493,15.36143547,7.26311855,81.78710463,chickpea
13,60,25,17.13692774,20.59541693,5.68597166,128.256862,kidneybeans
25,70,16,19.63474332,18.90705639,5.759237003,106.3598183,kidneybeans
31,55,22,22.91350245,21.33953114,5.873171894,109.225556,kidneybeans
40,64,16,16.43340342,24.24045875,5.926676985,140.3717815,kidneybeans
2,61,20,22.13974653,23.02251117,5.95561668,76.64128258,kidneybeans
26,65,22,17.84806561,18.77621951,5.9499490810000015,143.09841709999995,kidneybeans
17,57,21,19.88394011,20.31564139,5.789214288999999,60.91974792,kidneybeans
26,80,18,19.32509638,23.3334788,5.581021521,104.7783947,kidneybeans
17,59,17,18.416700100000003,23.42829938,5.689858133,132.9801054,kidneybeans
27,59,22,21.81167649,23.20591245,5.794158503999999,130.0608093,kidneybeans
28,58,24,19.72702528,18.28173015,5.748190462999999,143.7630894,kidneybeans
25,57,19,17.15432954,19.87070659,5.566522896,87.99669731,kidneybeans
28,80,17,19.62207826,18.67170854,5.809419584,144.1567454,kidneybeans
25,60,22,21.63149148,21.17919701,5.887263027,134.3649948,kidneybeans
12,78,23,16.06522754,18.72479695,5.99812453,88.06638775,kidneybeans
6,77,25,20.61162204,24.36314135,5.792744849,69.63833855,kidneybeans
22,79,17,21.42451099,20.39659714,5.912289889,116.5206923,kidneybeans
27,80,15,19.07096165,21.21092266,5.7883869510000014,86.21917578,kidneybeans
10,55,23,21.18853178,19.63438599,5.728233081,137.1948633,kidneybeans
23,65,20,23.0429097,22.42610972,5.833940084,108.3684316,kidneybeans
19,78,16,20.65375833,23.10538637,5.967533236,67.71768947,kidneybeans
19,65,25,18.09551014,18.29318436,5.6250964460000015,144.7902323,kidneybeans
22,70,19,18.23775702,21.07643273,5.515615023,69.44951585,kidneybeans
37,64,22,17.48189735,18.8251973,5.954665349,121.9401369,kidneybeans
11,71,17,19.9191786,21.47324158,5.74644777,82.68554379,kidneybeans
18,79,20,20.27514686,23.2353604,5.877347515,139.7521543,kidneybeans
21,63,17,15.77370214,19.2303162,5.979973965,108.3441414,kidneybeans
24,80,22,16.71170642,19.17651433,5.635993966,96.77285817,kidneybeans
34,60,22,17.66148158,18.15302753,5.635231778,100.6711761,kidneybeans
16,75,21,18.50692825,23.61670065,5.679224346,87.05132890000002,kidneybeans
17,77,23,24.51324787,20.81527638,5.670062975,64.19497947,kidneybeans
37,72,18,18.87614998,24.54038287,5.724242065,105.4120514,kidneybeans
40,73,20,21.59343016,20.31871249,5.811314232000001,61.13872036,kidneybeans
9,77,17,20.12373284,24.45202552,5.783425416,106.158201,kidneybeans
1,62,23,15.43546065,18.37477907,5.607808432000001,139.0302034,kidneybeans
33,59,22,22.64236876,21.59396123,5.946999529,122.3886015,kidneybeans
23,59,19,21.98560799,24.87304788,5.852046999,129.5650601,kidneybeans
6,62,22,20.53052663,18.09224048,5.824090984,120.4509288,kidneybeans
25,63,20,15.78601387,21.14544088,5.502999119,95.17028129,kidneybeans
7,79,23,19.6365349,19.68751084,5.821649914,96.65888933,kidneybeans
8,72,17,20.57341244,19.7520218,5.711439256,87.87869161,kidneybeans
27,64,15,20.16080524,24.84207559,5.514927264,138.2362122,kidneybeans
28,66,23,21.53989176,24.25386207,5.99616119,120.6913038,kidneybeans
32,57,18,15.53834801,23.75560241,5.695422862999999,107.3850593,kidneybeans
27,56,22,19.91853092,20.70099804,5.833010957999999,108.6434544,kidneybeans
17,77,24,20.76952209,18.93146941,5.568456899,109.0193712,kidneybeans
0,65,15,23.46168338,23.22197648,5.645435626,95.84253438,kidneybeans
13,72,21,24.32116642,21.0278674,5.821194486,60.27552528,kidneybeans
34,60,23,20.12574053,24.96969858,5.659254981,100.0497183,kidneybeans
9,80,19,21.80619564,18.57086554,5.945465949,125.0972687,kidneybeans
11,72,20,19.52226241,24.92607153,5.9511774520000005,113.334026,kidneybeans
3,67,24,17.00067625,19.90790546,5.520880013999999,103.2926407,kidneybeans
35,69,23,16.78791503,24.96881755,5.578410206,75.45328039,kidneybeans
3,77,25,24.84906168,22.89464642,5.608165195,62.21292186,kidneybeans
23,62,19,16.51783455,20.4555596,5.609435127999999,98.77794225,kidneybeans
22,71,17,18.15300153,19.38602098,5.509295379,107.6907964,kidneybeans
31,79,25,23.18864385,22.3104551,5.902033406,63.38208822,kidneybeans
34,59,18,23.38002569,21.98879437,5.744117663,87.66898664,kidneybeans
12,63,17,18.358923,19.37703396,5.717143397,138.414764,kidneybeans
27,56,20,19.25975367,20.51346956,5.542690119,94.9533526,kidneybeans
7,63,24,22.95458237,24.03553105,5.858617867,107.7315386,kidneybeans
24,67,22,20.120043,22.89845607,5.618844277000001,104.6252153,kidneybeans
11,71,24,21.14011423,22.7182355,5.6066203460000015,141.6056722,kidneybeans
37,74,15,24.92360104,18.22590825,5.582178402,62.7089169,kidneybeans
25,76,24,15.33042636,24.91506728,5.56503533,135.3315583,kidneybeans
34,66,17,18.81097271,21.27833035,5.889614577000001,125.084915,kidneybeans
20,69,15,23.44260668,22.77255917,5.934136378,107.4137246,kidneybeans
37,65,16,22.8352024,18.97267518,5.683548308,63.59276673,kidneybeans
18,74,15,24.9035819,22.27512704,5.70836603,146.4727237,kidneybeans
4,67,25,23.78709569,24.35679348,5.948164454,119.6404412,kidneybeans
37,56,25,22.05592283,19.60379304,5.774755143999999,126.7265372,kidneybeans
5,59,15,18.87492997,20.18238348,5.97229163,134.1811718,kidneybeans
11,61,21,18.62328774,23.02410338,5.532100554,135.33780330000002,kidneybeans
22,80,20,23.00884744,18.86880997,5.669560726,100.118612,kidneybeans
12,61,19,19.33162606,24.13995025,5.655726817000001,68.51253427,kidneybeans
5,74,21,16.24469193,21.35793891,5.591704013999999,66.97053257,kidneybeans
27,69,22,17.91652287,24.90814655,5.932323085,69.14681022,kidneybeans
31,75,18,15.46789263,21.43780702,5.824208308999999,88.88796102,kidneybeans
36,68,20,17.06104474,23.77201471,5.86442953,81.83420522,kidneybeans
5,65,16,21.32776028,18.48522915,5.866744372,109.1013261,kidneybeans
32,79,15,23.90910104,20.74619325,5.706198621,81.60211243,kidneybeans
11,78,22,23.89756791,22.74378977,5.940546818,112.6616435,kidneybeans
0,55,22,22.98666928,20.57940608,5.916779289,143.85849380000005,kidneybeans
14,59,15,21.35135729,22.91244883,5.779090476,146.4548645,kidneybeans
29,68,23,24.1638445,19.27907819,5.82738029,116.7324324,kidneybeans
32,68,19,24.62835037,18.18325169,5.514234138,149.7441028,kidneybeans
17,64,17,21.02213209,24.93896255,5.662699104,124.6118471,kidneybeans
13,69,19,17.30844532,20.01730914,5.86390397,115.199245,kidneybeans
14,67,22,23.82576704,24.75485098,5.624690247999999,84.64143632,kidneybeans
9,69,20,19.30607278,23.96362799,5.591560999,129.3449326,kidneybeans
20,73,22,16.03768615,22.33195853,5.976312537999999,130.3900798,kidneybeans
40,78,20,19.18572809,20.83398341,5.669236258,80.15293435,kidneybeans
27,72,23,19.92889503,21.79992115,5.961934481,64.02640797,kidneybeans
14,67,15,19.56376468,24.67385131,5.690065688,139.2921004,kidneybeans
7,56,18,18.31357543,24.32991649,5.698371311,76.14153904,kidneybeans
27,65,18,20.10993761,23.22323766,5.59503163,73.36386477,kidneybeans
30,63,16,23.60506572,21.90539577,5.5259045260000015,100.5978728,kidneybeans
37,70,25,19.73136909,24.89487354,5.819403771,84.06354115,kidneybeans
27,63,19,20.93409877,21.1893007,5.562201934,133.1914419,kidneybeans
22,60,24,18.78226261,20.24768314,5.630664753,104.2570723,kidneybeans
3,72,24,36.51268371,57.92887167,6.03160778,122.6539694,pigeonpeas
40,59,23,36.89163721,62.73178224,5.269084669,163.7266551,pigeonpeas
33,73,23,29.23540524,59.38967583,5.985792703,103.3301803,pigeonpeas
27,57,24,27.33534897,43.35795962,6.09186275,142.33036769999995,pigeonpeas
10,79,18,21.0643684,55.46985938,5.624731337999999,184.6226709,pigeonpeas
30,75,25,30.33276599,42.35249879,6.446091759,149.299952,pigeonpeas
40,70,20,31.80130272,45.03186173,5.623490042999999,147.03614419999997,pigeonpeas
38,55,19,33.18184225,38.23184742,5.864623352000001,198.8298806,pigeonpeas
35,58,20,29.38538562,63.47742011,5.761702519,90.05422663,pigeonpeas
38,61,21,30.27374995,67.38680755,4.696518678,127.7767134,pigeonpeas
33,58,24,35.45790488,68.75810535,5.269504214,108.6333046,pigeonpeas
16,56,17,33.80020039,40.03262418,7.445444882999999,176.6165894,pigeonpeas
31,72,17,28.69180475,49.47225353,5.833031707999999,96.36222901,pigeonpeas
16,80,20,31.24021696,56.67369054,7.3393209289999986,122.0146733,pigeonpeas
27,72,17,28.98039357,57.23265151,6.347929353,120.7435664,pigeonpeas
40,62,19,27.32198928,34.13737127,4.697750704,96.51524028,pigeonpeas
18,58,16,21.47607807,38.80023714,4.962661422,180.382234,pigeonpeas
3,68,16,18.31910448,34.69776639,4.964887857,107.4721605,pigeonpeas
26,67,24,36.97794384,37.73992903,5.642813116,161.48129630000005,pigeonpeas
16,70,20,24.80467592,40.1242747,5.6093956,121.5639121,pigeonpeas
24,63,19,19.3479443,55.96805489,4.681576043,194.5921148,pigeonpeas
9,76,25,28.88302142,50.12323801,5.70951224,179.2155874,pigeonpeas
16,55,19,19.54314136,47.19188279,6.413543781,192.4372194,pigeonpeas
28,75,21,24.7741949,50.54621094,6.007508163,114.2821387,pigeonpeas
16,71,24,18.33124824,38.40975482,4.946369874,139.64833169999997,pigeonpeas
24,70,21,19.14729038,45.3733757,5.517208078,132.7748215,pigeonpeas
38,72,21,28.23416057,49.4421345,5.902103172,186.5008581,pigeonpeas
9,66,21,30.11812084,34.13307843,5.719889876,157.0858232,pigeonpeas
34,56,17,33.4126864,35.42910045,4.548202098,139.6702541,pigeonpeas
1,76,19,24.18553163,46.68746847,6.6695294160000005,177.3377996,pigeonpeas
6,69,19,26.88630675,41.69617915,4.7509292180000005,94.46748008,pigeonpeas
26,73,21,31.33170829,57.97429171,4.946263888,161.7820226,pigeonpeas
27,61,18,33.30711818,67.07780816,5.266227032,108.5090168,pigeonpeas
27,71,23,23.45379018,46.48714759,7.10959773,150.87122019999995,pigeonpeas
36,61,21,34.53823889,39.04468913,5.617008201,168.5948318,pigeonpeas
17,73,18,19.50112224,34.51086611,5.632353113,197.3752649,pigeonpeas
26,72,22,28.76794904,37.57792132,4.674941549,91.72084869,pigeonpeas
17,64,16,30.97758716,32.24914235,7.161797643,180.716828,pigeonpeas
14,74,19,18.39759147,36.82639309,6.624966131,93.12330644,pigeonpeas
39,60,15,35.09357419,30.98685456,5.004074623999999,116.9106908,pigeonpeas
6,66,15,34.93174223,30.40046769,6.3458060110000005,159.2649827,pigeonpeas
8,59,18,29.50523036,35.72032498,6.216814453,187.8961851,pigeonpeas
2,67,18,34.51934775,47.52980027,5.921666758,129.0064612,pigeonpeas
1,76,17,28.43430726,52.10010827,6.012719118,147.0414824,pigeonpeas
16,73,19,18.41645629,34.80541039,4.684079249,163.27474730000003,pigeonpeas
23,75,25,31.07508973,47.19847683,7.077170002000001,91.31256412,pigeonpeas
32,70,20,20.89342749,46.24856523,6.208843215,195.5697875,pigeonpeas
28,59,22,30.90607799,52.79913039,7.05181629,170.99198280000005,pigeonpeas
5,62,23,27.9348279,66.45457122,4.722222454,145.3728801,pigeonpeas
36,67,25,35.95176642,36.52780776,6.418062652000001,136.0456753,pigeonpeas
1,66,23,19.54317155,56.92831399,4.803564468,173.1686574,pigeonpeas
24,73,20,19.63736208,32.31528909,4.608695247,176.4134092,pigeonpeas
17,67,18,31.2192752,56.46868874,5.611510977000001,129.20286529999998,pigeonpeas
5,55,18,33.50876355,45.70976142,7.322097972000001,126.6738117,pigeonpeas
5,56,24,24.80710166,45.01110015,5.023115055,188.4928637,pigeonpeas
37,77,17,36.20970524,31.94550613,5.617122801,191.0658531,pigeonpeas
13,73,20,30.50420876,35.48885969,5.391560417999999,162.59277230000004,pigeonpeas
6,63,23,26.01630259,49.94704718,5.906596905,160.33374469999995,pigeonpeas
16,77,22,31.48469278,35.6395615,6.574209678,100.546816,pigeonpeas
25,64,20,33.15122581,32.45974539,4.807776748999999,105.03802749999998,pigeonpeas
34,75,24,23.50222822,51.29019509,4.760038038999999,192.3023991,pigeonpeas
20,77,23,34.87248659,38.83786012,5.180271502,148.25027859999997,pigeonpeas
35,80,25,28.09269012,44.93322042,4.895927306,197.1144011,pigeonpeas
14,75,24,24.54757829,57.3414485,6.436160044,118.3606557,pigeonpeas
36,80,21,33.64769646,48.41490082,7.066087261,100.4673278,pigeonpeas
7,77,18,20.5591255,60.54880693,6.655918077999999,191.0895109,pigeonpeas
29,78,25,19.95991719,59.33157782,5.982854522999999,195.787103,pigeonpeas
30,60,21,28.87667593,62.4901206,5.457871272999999,182.2688175,pigeonpeas
20,74,16,36.04353699,43.61444121,4.759490199,159.8938645,pigeonpeas
19,57,23,23.6734328,47.2879691,7.342409555,141.12507219999995,pigeonpeas
3,60,19,25.74679443,40.7192594,4.820788186000001,100.7791633,pigeonpeas
5,77,19,31.08564994,66.68832981,6.242052013,175.9303271,pigeonpeas
5,68,20,18.72987676,61.33186249,5.001038726,139.8710041,pigeonpeas
37,73,21,29.50304807,63.46513414,5.560224582999999,189.5208915,pigeonpeas
9,59,24,20.43517772,39.37252634,4.747352458,137.22796619999997,pigeonpeas
20,72,15,36.00415838,56.01334416,7.313517308,134.8596466,pigeonpeas
31,56,23,31.46846241,35.39454002,5.661826398,174.5723999,pigeonpeas
0,70,21,36.30049702,56.03021253,4.672437054,101.6073988,pigeonpeas
21,74,15,29.49096726,67.10604388,6.471862118,153.2504506,pigeonpeas
13,67,18,30.5753044,34.75591197,5.384762927000001,177.5764304,pigeonpeas
27,74,20,24.69487673,59.96669215,5.8598134160000015,91.95792434,pigeonpeas
29,72,24,23.17409556,36.67847052,6.962386495,162.5931264,pigeonpeas
5,68,20,19.04380471,33.10695144,6.12166671,155.3705624,pigeonpeas
39,57,19,29.32379604,45.93248374,6.421748487,165.4113371,pigeonpeas
22,62,16,34.6455408,54.32342534,4.828936119,180.9009998,pigeonpeas
18,55,23,21.9989826,56.31006755,6.98571967,136.82743119999998,pigeonpeas
39,77,21,22.99774444,60.24218572,4.603563116,159.689339,pigeonpeas
13,75,20,30.55992394,35.29006485,6.979540061,178.8998611,pigeonpeas
27,71,24,31.46417866,48.17631461,7.064973419,165.40535400000005,pigeonpeas
26,64,22,25.95058595,40.58227261,5.16516459,109.1821183,pigeonpeas
23,55,16,21.01142393,69.69141302,5.111488821,185.2039114,pigeonpeas
4,69,19,19.25100056,47.70351758,5.374358869,149.063196,pigeonpeas
20,67,19,19.24462755,50.54495302,5.671419084,180.6465282,pigeonpeas
7,74,17,22.47253208,62.56532471,5.667419697000001,96.74706956,pigeonpeas
17,64,18,36.75087487,58.25799145,6.07938452,124.6028153,pigeonpeas
35,71,17,29.89286629,66.35375127,6.931924962999999,198.1403003,pigeonpeas
11,72,22,29.37735586,44.82294584,6.842744374,172.40168,pigeonpeas
20,60,22,29.65052947,42.89833235,6.876572502999999,186.9226052,pigeonpeas
10,71,18,19.54284889,66.34777265,6.151029296,173.11069819999997,pigeonpeas
33,61,24,20.04611791,48.93905624,4.567446499,122.4564203,pigeonpeas
3,49,18,27.91095209,64.70930606,3.692863601,32.67891866,mothbeans
22,59,23,27.32220619,51.27868781,4.371745575,36.5037914,mothbeans
36,58,25,28.66024187,59.3189118,8.399135957999999,36.92629678,mothbeans
4,43,18,29.02955344,61.09387478,8.840656256,72.98016599,mothbeans
29,54,16,27.78031515,54.65030015,8.153022903,32.05025323,mothbeans
32,43,22,31.99928579,54.1077461,5.270749441,71.6266696,mothbeans
14,55,15,27.33580911,55.27755933,8.050304395,73.44775287,mothbeans
5,35,20,28.92952635,53.57014709,9.679240873,66.35634104,mothbeans
25,57,24,27.65472156,58.59986279,6.974978386,36.94255012,mothbeans
11,53,24,28.52396666,55.77264351,7.39389918,61.32935611,mothbeans
40,49,17,31.02215872,45.89239456,6.68727523,53.56783314,mothbeans
38,56,25,25.74095321,45.38497051,7.88118645,67.43488235,mothbeans
27,43,23,31.70447482,56.85420099,5.875333778,44.94317432,mothbeans
24,38,22,24.47876451,58.51663927,8.202706015,34.96933295,mothbeans
23,45,21,31.46511256,51.79939437,8.985348193,74.44330654,mothbeans
29,57,20,25.60973447,50.7330069,5.87707519,53.39249517,mothbeans
31,35,23,30.30260453,47.18283631,7.707595055,68.04039813,mothbeans
0,55,25,28.17489437,43.6672299,4.524171562,45.78172762,mothbeans
7,45,22,25.50634557,44.8302551,9.926212291,74.32635105,mothbeans
17,58,25,31.12896766,43.58788762,6.455592696,32.76742894,mothbeans
11,44,17,26.34043268,55.59160391,8.016210782,35.1051197,mothbeans
22,49,22,28.23494706,61.5620517,3.71105919,72.66666443,mothbeans
9,51,19,27.04453473,49.32609633,5.49091063,48.25207759,mothbeans
28,48,15,25.16125354,55.25435777,9.254089438,40.89732789,mothbeans
26,50,19,27.3179125,51.66921088,6.005242945,32.55919573,mothbeans
36,56,20,25.4123765,49.66474269,7.437078236,31.87416982,mothbeans
8,60,18,31.21629982,46.01868196,3.808429173,53.1205277,mothbeans
24,37,21,30.573999,58.22686794,5.818219385,62.74803826,mothbeans
22,43,24,25.42517036,53.22082660000001,4.52363558,46.19374559,mothbeans
36,43,24,27.09400578,43.65305437,3.510404312,41.53749535,mothbeans
22,44,24,24.30935081,56.32938343,6.030447288,58.99536268,mothbeans
17,43,22,30.06142622,45.90067655,5.498340807999999,41.0550915,mothbeans
8,45,15,28.09568993,60.98353839999999,4.61136408,33.84110759,mothbeans
7,56,23,26.33908791,40.00933429,5.545219232000001,55.50429227,mothbeans
36,57,16,28.61409059,57.14218792,8.292875733999999,57.02891698,mothbeans
11,45,19,28.70012137,44.359648,3.828031463,44.11622138,mothbeans
6,36,22,24.21610338,59.79236306,8.869532817,42.24783476,mothbeans
17,57,20,28.50677929,45.20094476,3.793575185,66.1761456,mothbeans
4,47,20,25.97948991,64.95585424,4.193189124,72.19245835,mothbeans
9,49,16,30.88482722,41.36561835,7.661537347999999,55.053805,mothbeans
25,51,24,25.5042419,61.66852372,9.392694614,65.07981523,mothbeans
36,44,21,25.12528913,51.33189406,4.516154055,38.48678973,mothbeans
21,38,20,27.10508014,63.56791363,5.794289715,62.20279647,mothbeans
37,57,20,31.1006247,44.82069159,7.354286985,70.79934452,mothbeans
32,48,18,26.45707778,56.40226277,5.993513566,64.16167699,mothbeans
29,44,20,30.04132304,63.56222995,8.620107545,31.83192392,mothbeans
25,51,18,27.77799528,54.82130787,9.45949344,50.28438729,mothbeans
10,44,24,30.99256944,43.02151392,8.0344125,58.27600682,mothbeans
23,35,18,26.4908332,47.36534833,5.414492777,36.99362831,mothbeans
9,60,23,31.96987867,57.17377029,6.2760043360000015,64.25520357,mothbeans
3,58,21,25.36140526,46.82652785,9.160691747,55.60523179,mothbeans
22,42,22,25.54249137,56.96640758,7.887658711,48.46797044,mothbeans
12,39,21,28.99319096,62.85948245,8.183844843,70.4713043,mothbeans
39,36,22,29.34317422,60.50320928,9.072011412,34.03335472,mothbeans
32,41,16,28.63618921,61.39451307,7.702287236,68.54877876,mothbeans
30,41,15,24.83206631,44.17085032,5.88509677,52.0810886,mothbeans
19,36,22,25.44689075,58.55363573,6.16496284,57.04826619,mothbeans
4,46,15,31.01274943,62.40392519,3.504752314,63.77192383,mothbeans
21,39,20,27.06179658,52.3003173,7.388007482999999,60.74583498,mothbeans
35,57,25,27.0956288,42.26206161,8.340398059,71.12710390000002,mothbeans
22,55,24,28.56800579,57.30636014,8.66077954,64.53027638,mothbeans
35,51,17,28.79929247,49.84213387,3.558822825,40.85534718,mothbeans
17,56,17,27.94293692,45.41393636,5.9565851,69.66289997,mothbeans
28,57,17,30.47757686,61.58245338,9.416003106,61.86633917,mothbeans
22,36,16,30.58139475,50.77148138,8.18422855,64.58559639,mothbeans
11,41,19,26.85911286,41.81420849,5.131779302,44.13827124,mothbeans
38,38,18,26.31051759,61.18749126,6.294130312999999,35.73403813,mothbeans
23,37,24,28.77833449,44.2252605,7.991902443,33.95825723,mothbeans
25,35,20,28.90245417,43.35365671,8.923095695,71.90018566,mothbeans
40,45,20,29.37687468,57.69622912,6.878498176,38.34303462,mothbeans
23,58,19,24.17093241,58.25204566,5.243634848999999,59.18953429,mothbeans
2,56,23,26.65333029,59.79023382,7.550090941,36.91852635,mothbeans
3,56,17,28.19912143,53.50567601,8.709291687999999,52.13580529,mothbeans
26,51,25,28.76488954,52.62741529,7.792508067999999,55.21606732,mothbeans
39,42,20,29.3499706,61.25353851,8.055908857999999,40.82840673,mothbeans
27,59,20,28.00937423,52.60950014,4.397698806,36.01203025,mothbeans
24,45,19,26.85851927,48.8246387,5.9523849570000005,34.7426459,mothbeans
7,40,17,31.2123945,40.92604945,8.532078732999999,53.78769958,mothbeans
15,45,23,24.20422636,61.43378674,7.224193642,46.0203959,mothbeans
26,52,23,29.98835437,49.60384796,4.931890506,52.92929636,mothbeans
20,45,16,29.93964907,54.61813464,4.626212446,45.43669946,mothbeans
34,54,24,31.2119298,41.55934359,5.026003659,68.80141783,mothbeans
19,51,25,26.80474415,48.23991436,3.5253661,43.87801983,mothbeans
29,41,21,31.49398069,62.84916863,8.86979671,64.56807592,mothbeans
20,50,22,30.99694676,46.42693735,9.406887533,38.31597852,mothbeans
11,40,23,29.61253065,63.04749127,5.80428611,50.1978269,mothbeans
15,54,15,29.97604322,57.03184356,8.35495812,44.86052932,mothbeans
35,55,22,30.88883074,52.62696801,8.634929739,55.51932414,mothbeans
9,59,25,30.39321309,60.16299493,7.699200949,35.37493212,mothbeans
40,45,18,30.43683729,55.20522037,5.261285926,30.92014047,mothbeans
35,38,19,25.32688786,63.18180319,9.112771682,32.71129281,mothbeans
14,58,17,30.53684308,59.96664731,4.605700542,33.48919022,mothbeans
40,55,18,30.38257873,40.5926071,7.115994051,47.95406479,mothbeans
18,36,23,24.01825377,53.76623369,7.214078621,35.03404425,mothbeans
35,52,15,28.69841277,61.14754363,9.93509073,65.67591794,mothbeans
4,59,22,29.33743412,49.00323081,8.914074888,42.44054315,mothbeans
22,51,16,27.96583691,61.34900107,8.639586199,70.10472076,mothbeans
33,47,17,24.86803974,48.27531965,8.621514073,63.9187654,mothbeans
2,51,17,25.87682261,45.96341933,5.838508699,38.53254678,mothbeans
16,51,21,31.01963639,49.97675220000001,3.532008668,32.81296548,mothbeans
19,55,20,27.43329405,87.80507732,7.18530147,54.73367631,mungbean
8,54,20,28.3340432,80.77275974,7.034214276,38.7976407,mungbean
36,55,20,27.01470397,84.34262707,6.635968697999999,55.296354,mungbean
10,56,16,28.17432665,81.04554836,6.828187498999998,36.35720652,mungbean
22,56,17,29.87888063,87.32761241,6.89077995,44.75215854,mungbean
9,57,24,29.89232778,89.71503316,7.165121108999998,42.99498978,mungbean
34,59,23,28.56212158,83.24855855,6.935804256,56.48265193,mungbean
31,51,25,27.53592929,85.57019009999998,7.196774236,53.01899249,mungbean
0,49,18,29.68361658,87.93598094,6.990095452,41.82490236,mungbean
21,39,20,28.14448546,82.1193047,7.064782137999999,46.75690086,mungbean
28,35,22,29.53037621,86.73346018,7.156563094,59.87232071,mungbean
17,52,17,27.88352946,86.45147631,6.364967184,44.64407105,mungbean
24,42,23,28.22471276,82.35916228,6.428054409,44.01206619,mungbean
28,46,16,29.008124,84.96089355,6.664187809,45.91011391,mungbean
21,38,21,29.75538903,86.45193297,6.637677489,37.54602719,mungbean
34,60,25,29.78416743,85.16906976,6.79385576,40.77872823,mungbean
19,53,22,27.8640132,80.4513142,6.852884642999999,42.83053902,mungbean
31,58,15,27.11026483,84.96771717,7.121571293,51.52617423,mungbean
19,35,24,27.11030369,83.64274107,6.883308033,49.11964582,mungbean
24,53,17,28.95451232,89.07866095,6.421271178,57.65901369,mungbean
13,47,20,29.21780035,87.93724219,6.54450214,43.1386631,mungbean
31,53,16,28.7420098,85.81675947,6.452006451,48.54598575,mungbean
28,45,23,29.65021184,80.29868321,6.489259136,56.76278363,mungbean
31,37,21,27.23924995,86.404241,6.713410626,37.31236904,mungbean
33,60,15,28.95172351,81.67085323,6.510840928,56.51103293,mungbean
34,45,21,28.18837136,82.60629652,6.2873801170000005,37.01110438,mungbean
13,57,25,28.30041493,86.20681554,6.86308576,50.47333854,mungbean
33,57,17,27.89636126,88.71782287,6.78415271,57.79863368,mungbean
32,57,22,28.6899851,87.50436797,6.769415887999999,44.56598352,mungbean
23,59,25,27.826262300000003,88.73100226,6.320768488,56.68833819,mungbean
35,41,18,28.70562673,81.59200689,6.705008503999999,59.87065439,mungbean
6,48,24,28.6362812,84.61431076,6.790736339,48.48319335,mungbean
29,36,25,28.28511547,88.4393979,7.130278657000001,48.56690235,mungbean
4,36,22,27.60887393,86.13316408,7.012740397000001,43.80041104,mungbean
10,59,22,28.60901145,86.99495766,7.1556850160000005,36.94616965,mungbean
14,48,21,29.24598976,84.80084105,6.991242362,53.43228915,mungbean
8,50,21,28.62911222,89.11480590000002,6.218923893,50.49913241,mungbean
20,40,15,29.57329479,88.07505524,7.199495367999999,45.04467075,mungbean
36,43,22,27.82684262,87.16679147,6.3898821660000005,58.37249772,mungbean
14,57,15,29.8757015,83.14796296,6.623438282,40.12044158,mungbean
11,60,23,27.33684386,88.50229102,7.033012777000001,51.09802625,mungbean
10,59,15,29.83040388,89.30428305,6.32400451,58.86687093,mungbean
7,60,25,28.2753171,82.76020821,6.397636709,56.04995423,mungbean
2,47,15,29.86860065,85.99127934,6.401455706,58.41394143,mungbean
20,45,22,29.5888162,89.9939693,6.904587016,54.96121262,mungbean
2,39,15,28.07219563,82.9116472,6.478557136,49.61865305,mungbean
27,40,24,27.84026517,89.99615558,7.063022095,52.84626009,mungbean
35,48,15,27.10818093,87.45126690000002,6.981758362000001,55.03723979,mungbean
4,59,25,27.68515114,81.94268594,6.227134139,54.62243308,mungbean
1,48,24,29.34594634,85.60472562,6.232836962,59.03629954,mungbean
36,43,21,28.36319404,84.8593608,7.140437859,52.93031105,mungbean
11,46,24,27.65280218,89.80650642,6.459252023,56.52558045,mungbean
34,47,19,27.31372793,85.44815232,6.568795403999999,53.15223123,mungbean
21,44,18,27.06909959,86.89934108,7.12851089,50.46746116,mungbean
17,58,20,28.06642822,85.91625451,6.42937879,39.23831035,mungbean
25,40,21,27.73329078,81.13903037,6.248900919,44.17580911,mungbean
2,38,18,27.53632932,89.92908171,6.619891497999999,45.48591922,mungbean
9,48,20,29.66461594,84.28187572,6.377568542000001,56.09542002,mungbean
37,49,25,29.914544300000006,85.85384444,6.415459592,41.39081525,mungbean
36,38,15,28.36363858,87.59810657,6.3206620120000006,57.99524359,mungbean
40,58,15,29.46416042,87.60890009,6.978400282000001,43.15411472,mungbean
30,44,16,29.73013036,82.89166381,6.442335592999999,50.91511275,mungbean
1,59,23,27.46852989,87.17649,7.184398832,43.78420984,mungbean
9,48,22,27.77076285,87.09979549,6.402926221,49.50812624,mungbean
14,41,17,29.12939524,88.48312598,7.085982325,36.45012824,mungbean
35,52,19,27.10606808,89.89593328,6.698574085,37.45680611,mungbean
31,48,17,28.88078945,86.94206817,6.594739424,53.79732545,mungbean
4,41,20,28.14720892,83.8001509,6.647965508,37.44800463,mungbean
30,37,25,29.89129144,80.14487166,7.120032489,54.7960127,mungbean
9,35,20,27.41503453,80.98004661,6.91380932,40.53173216,mungbean
20,41,20,29.27308605,89.4875022,7.073048264,50.9246554,mungbean
37,50,23,29.65296893,88.48587386,6.5304707,56.01913159,mungbean
34,35,21,28.44524991,82.67639542,6.684381357,58.18713162,mungbean
14,37,15,27.96235681,83.97586797,6.581351374,48.9366954,mungbean
23,39,22,29.25649321,81.97952224,6.86483915,42.02483277,mungbean
5,45,21,28.36291385,88.00989267,6.487124217000001,43.05130077,mungbean
22,37,20,27.62749466,86.49366929,6.605733067999999,39.26137642,mungbean
40,51,17,28.66086349,86.12194568,6.860602782000001,50.01534317,mungbean
27,56,20,29.2114218,87.11497805,6.41874299,51.53848218,mungbean
31,40,22,29.40889385,86.16063492,6.365513634,53.35486977,mungbean
38,36,21,28.02952623,84.8845732,6.5563729660000005,36.12042927,mungbean
6,37,17,28.08657178,80.35005927,6.760694227999999,38.14476781,mungbean
6,47,18,29.16174608,80.28038146,6.715276662999999,40.16545979,mungbean
24,44,17,29.8596912,80.03499648,6.666380512000001,50.66487502,mungbean
25,59,19,29.06631494,83.6869203,6.626629798,43.95183726,mungbean
32,56,21,27.38538997,88.66663953,6.702772465,58.29933073,mungbean
8,45,18,27.93034941,85.42058715,7.011030515,43.25095608,mungbean
19,39,17,29.2808618,81.8009244,6.890156495,44.47427436,mungbean
39,37,15,28.9973145,83.78911515,6.821747052,59.84499208,mungbean
33,37,19,27.92678579,86.5543196,7.183189922,43.4826194,mungbean
26,54,17,28.5474135,88.9570454,6.27258822,49.4897245,mungbean
21,51,15,29.36488409,89.1886954,6.679127482,48.30159325,mungbean
22,54,20,28.56149805,83.63802195,6.689825155,41.013132,mungbean
29,45,16,28.43683487,87.91332682,6.583381939,43.12063289,mungbean
4,40,21,28.79728147,80.45744422,6.725551062,44.30070517,mungbean
10,37,22,28.7275267,89.12760359,7.069747813999999,58.52974279,mungbean
4,44,19,27.95639663,83.52706038,6.921993877999999,43.25726752,mungbean
20,45,17,28.17458662,83.69659318,6.770955317,37.2464655,mungbean
23,45,23,28.77653519,86.69133979,6.983130466,56.12443206,mungbean
25,48,21,28.438097,83.48991368,6.267684328,52.55469976,mungbean
56,79,15,29.48439992,63.19915325,7.454532137,71.89090748,blackgram
25,62,21,26.73433965,68.13999721,7.040056094,67.15096376,blackgram
42,61,22,26.27274407,62.28814857,7.418650668,70.23207557,blackgram
42,73,25,34.03679184,67.21113844,6.501869314,73.23573601,blackgram
44,58,18,28.03644051,65.06601664,6.814410927999999,72.49507741,blackgram
50,55,16,28.81460716,65.33538112,7.581442888,62.26242533,blackgram
35,72,21,34.03619494,64.28791388,7.741418772,66.85510868,blackgram
30,64,20,33.8642935,61.57072498,6.573531614,68.02199825,blackgram
27,64,21,32.84213012,68.68401492,7.543804222999999,73.67166182,blackgram
50,74,17,27.10053268,63.36085585,6.5408208,73.84949872,blackgram
39,73,24,25.65842532,61.18235808,7.22405917,69.28607828,blackgram
57,67,25,32.34744009,66.61452812,7.551364319,64.55882254,blackgram
52,63,19,29.58949031,68.32176769,6.928898659,67.53021213,blackgram
55,66,22,30.91219459,68.79427388,7.747775262999999,66.63830637,blackgram
51,56,18,28.12787838,64.2097765,6.706505915,70.86340755,blackgram
36,66,15,30.08545364,69.34811988,6.668238556,67.1367443,blackgram
59,55,19,31.74379487,62.51007687,7.332375138,68.97097538,blackgram
50,58,23,27.81326852,62.50460464,7.596802025,69.75555541,blackgram
30,65,25,32.88733849,64.59457409,7.70650895,71.50569456,blackgram
20,62,18,29.36358721,64.98742947,7.366542647,61.91208707,blackgram
58,71,15,27.82592799,67.58618829999999,6.919243702,74.01229707,blackgram
25,71,24,28.49538735,60.44848407,7.187721817999999,74.91559514,blackgram
52,71,16,27.74274761,68.53997144,7.0758864720000005,71.78615328,blackgram
40,63,18,30.41588462,67.66323804,6.74441168,63.02473185,blackgram
20,60,25,27.3254209,69.09047809,6.726469087999999,61.19250859,blackgram
48,61,21,30.28496619,61.69295127,6.628264883,65.62859526,blackgram
49,68,22,28.56840626,61.53278622,7.127064207,63.49726331,blackgram
48,62,15,25.36586097,66.6379724,7.538631462000001,65.81655892,blackgram
32,66,17,34.9466155,65.26774011,7.162357641,70.1415139,blackgram
21,63,22,25.09737391,67.72837887,6.859409487000001,74.61649888,blackgram
20,72,19,32.47648301,64.34848735,7.397190844,65.82045699999999,blackgram
25,65,21,33.86351172,68.59232289,6.880245789,69.24464096,blackgram
41,78,21,25.19857725,60.37332688,6.581313137,70.88787207,blackgram
53,67,17,31.77681682,69.01852894,7.296972161,61.46892873,blackgram
39,60,21,34.89814946,63.59948557,6.97297656,64.72797143,blackgram
25,76,17,31.74105409,68.63525428,7.241148507,62.3061735,blackgram
21,78,19,27.16159076,66.76017239,6.92009048,69.85112265,blackgram
57,60,17,26.23773129,67.88521396,7.504608385,73.58663968,blackgram
56,75,15,30.20157245,60.06534859,7.152272256,66.37171179,blackgram
49,72,15,31.55846339,67.83563765,7.137004749,74.86960831,blackgram
24,80,19,29.67892453,69.0854554,6.8080417220000005,65.66436565,blackgram
49,76,18,27.05365239,67.7017527,7.393631868,60.4693835,blackgram
28,68,19,34.63880966,61.38597868,7.69950698,72.43169115,blackgram
55,78,21,33.39438752,62.93692886,6.602888248999999,63.57445989,blackgram
50,64,25,28.84079155,63.37230676,6.734447425,70.25496749,blackgram
34,80,19,31.49338309,63.0563645,6.521217963,71.48327008,blackgram
20,68,23,25.54960633,63.95425534,7.707332484,63.1830529,blackgram
55,67,16,34.37329112,69.69366426,6.596719015,70.27184748,blackgram
23,70,15,34.600824700000004,63.11296779,7.403623355,60.41790253,blackgram
53,74,15,29.43463808,64.94329356,7.517097,72.17818157,blackgram
26,67,16,29.10713092,67.90577375,7.17620823,67.83345933,blackgram
33,80,22,28.57006111,65.71765781,6.593961761,70.0866434,blackgram
37,79,19,27.54384835,69.3478631,7.143942758,69.40878198,blackgram
33,75,21,33.04687968,68.93875631,6.690655045,62.30278274,blackgram
22,55,20,33.95309131,69.96100028,7.423530351,61.16350463,blackgram
20,68,17,30.11873003,60.11680815,6.578714842999999,71.72980375,blackgram
43,68,20,29.57812712,66.17587668,7.497469256,69.43895491,blackgram
44,76,22,27.26458947,68.01232937,7.775306272000001,68.91754359,blackgram
34,60,16,31.35730791,64.24992106,7.322555222999999,63.85668948,blackgram
21,72,17,31.52104732,66.55723677,7.580527339,61.71111448,blackgram
25,68,19,29.39982732,64.25510719,7.1084501210000015,67.47677295,blackgram
41,62,15,29.38400259,64.14928485,7.358974541,65.24194361,blackgram
28,65,23,28.38686534,61.88871127,7.405176138,74.24459122,blackgram
35,64,15,28.47442276,63.53604453,6.500144962,69.5274407,blackgram
52,58,16,30.64095781,61.14508627,7.167435834,71.36947525,blackgram
58,75,25,25.25596239,61.36669662,7.261791753,68.64685069,blackgram
34,66,19,32.97030511,60.18122078,7.586642101,73.44678678,blackgram
52,70,16,33.66855394,66.60416867,7.534811832999999,67.32520551,blackgram
23,57,19,32.83963757,67.99803573,7.251000789,73.40452716,blackgram
42,58,25,27.45853567,62.90020977,6.513620917999999,69.46020927,blackgram
37,62,17,25.68576704,69.84354028,7.121254928,74.62068748,blackgram
44,75,22,30.0328403,64.14800537,7.574561547,71.21006868,blackgram
21,80,20,28.20667264,68.27085245,7.350869792,64.32887142,blackgram
56,76,16,28.27265858,61.18956161,7.5131510760000015,63.29900785,blackgram
29,76,15,28.541723600000005,64.2020154,7.0256077060000015,69.68862306,blackgram
43,61,20,26.87187036,61.61367264,6.804253866,63.51822045,blackgram
55,60,15,32.79766751,68.77994074,7.163043872,64.11411069,blackgram
44,63,15,26.42333018,64.51136845,7.338929556,63.46546487,blackgram
29,67,21,29.79181107,63.38789228,6.621323612,63.02169909,blackgram
47,63,16,27.44003279,67.10464369,6.661870999,72.50669768,blackgram
40,68,17,34.1262979,65.14877461,7.733149554,70.40795007,blackgram
58,61,15,30.94908189,64.23364112,7.402891666,62.78730907,blackgram
41,74,18,28.75751783,61.02701476,6.599147297999999,73.37686831,blackgram
58,79,17,27.24766491,66.10123083,7.04174124,62.31842057,blackgram
27,62,24,28.63005477,66.770943,7.353876754,62.2737345,blackgram
27,60,17,26.41768321,63.64698302,7.026795358999999,64.42177127,blackgram
52,65,20,32.81705216,66.15665137,6.814301033,68.83924882,blackgram
44,55,25,29.6321052,65.91359954,7.42160832,71.16331975,blackgram
21,62,24,33.49077065,62.73317204,6.8473828910000005,65.45328463,blackgram
60,59,22,31.86847286,66.74217464,7.191522601,74.22238583,blackgram
33,77,21,30.32992227,65.62971858,7.01285529,71.64631281,blackgram
59,58,17,28.546224,66.31394098,7.368318809,62.83469851,blackgram
29,63,17,30.02629908,67.88811637,7.26154329,66.47264636,blackgram
59,63,18,31.65531175,60.13263713,6.52669158,66.69096751,blackgram
29,70,15,30.33499674,63.54718862,6.872594461,74.16699119,blackgram
58,73,16,33.36984395,65.67718163,6.874142175,64.89517488,blackgram
55,77,22,31.4345059,62.99303471,7.76061831,64.77651469,blackgram
42,79,23,27.71678273,63.29103387,6.781841984,68.56507978,blackgram
44,77,21,32.63918668,61.3009051,7.326980454,61.83876146,blackgram
38,62,25,32.7477393,67.77954584,7.453975408,63.37784443,blackgram
32,76,15,28.05153602,63.49802189,7.604110177000001,43.35795377,lentil
13,61,22,19.44084326,63.27771461,7.728832424,46.83130119,lentil
38,60,20,29.84823072,60.63872613,7.491217102,46.80452595,lentil
11,74,17,21.36383757,69.92375891,6.633864582,46.6352865,lentil
37,71,16,26.28663931,68.51966729,7.324863481,46.13833007,lentil
29,71,18,22.17499963,62.13873825,6.410441476,53.46622584,lentil
2,72,18,26.57597546,60.97876599,7.836719564,50.89110726,lentil
6,59,21,26.58972517,66.14007674,6.139215944,50.90994463,lentil
13,64,20,19.1345771,62.57526895,6.590571088,36.46946971,lentil
8,58,17,28.75273118,69.15640149,7.286049977999999,35.15426171,lentil
6,77,20,25.78746268,60.2816298,6.058306161,49.14337177,lentil
2,75,22,23.89271875,61.78779413,6.658605362,52.55730112,lentil
3,69,23,28.67408774,63.18832976,7.299360767,42.96018627,lentil
27,80,24,28.42062847,61.77336343,7.815210661,49.02366803,lentil
39,78,15,21.35499456,62.60136323,5.925391795,41.78219834,lentil
40,79,17,21.12695586,63.18738532,6.403683619,38.71834464,lentil
37,62,22,24.02037872,61.62313345,7.397546271,49.78102578,lentil
31,60,24,25.40474421,65.8567539,7.722335992,51.92057267,lentil
22,67,22,29.03017561,64.49166566,7.475926645,54.93937710000001,lentil
3,78,18,20.21368219,68.65257685,6.887130053,50.89732989,lentil
4,80,16,29.19585548,68.01965728,7.441976825,44.93261911,lentil
13,61,24,18.29783597,69.6897615,7.629910252999999,49.39111479,lentil
12,66,20,27.41434987,63.41785982,7.336117221,44.43177543,lentil
4,61,21,24.84063998,60.09116626,6.75020529,48.77790371,lentil
9,60,21,29.94413861,67.31323084,7.52178027,40.37113729,lentil
18,66,22,25.87990287,67.55109024,6.347379185,47.89645224,lentil
32,56,18,20.0467711,65.84395319,7.135251532000001,46.05333124,lentil
6,72,15,22.99451999,66.70897237,7.670178119,54.49044154,lentil
15,77,20,25.13163619,66.92642362,7.399749291,49.04015558,lentil
0,65,24,28.49584395,62.44616219,7.841496029,53.14531023,lentil
30,79,22,18.28766124,69.48515056,6.254216611,48.60449438,lentil
3,63,16,24.38041875,61.18458224,6.868881707999999,53.13946695,lentil
2,78,23,21.31852148,66.43934593,7.320514721,45.42616802,lentil
10,78,18,18.54141834,62.70637578,6.296976913,44.07819743,lentil
14,67,25,25.28710601,60.85993533,7.241151936,49.37369982,lentil
39,65,23,25.43459777,69.12613376,7.685959305,41.02682925,lentil
19,72,15,28.83600962,69.76112921,6.890760124,44.08562546,lentil
18,57,21,27.37659643,63.93927841,6.155915975,49.47371773,lentil
31,58,15,28.31886863,60.19461399,6.167855382000001,45.36521251,lentil
28,58,25,27.4818649,62.04814951,6.861640036,37.81123974,lentil
5,65,19,18.28072173,68.10365387,6.978361689,48.80253285,lentil
16,65,19,27.61204997,69.29786244,7.043160241,42.72374404,lentil
34,65,19,23.43974653,63.22011726,5.94239222,45.40277297,lentil
14,69,19,20.95628486,63.68128841,7.239455147,52.39881209,lentil
22,55,16,23.7937153,68.03209183,6.516317561,49.73922097,lentil
24,61,17,22.6371424,65.44544859,6.233269045,38.30411077,lentil
2,79,15,21.53577883,65.47227704,7.505283615,35.75107592,lentil
26,63,17,29.87854588,65.73085206,6.950300686,44.95654782,lentil
27,61,15,25.2653291,67.10004577,6.958054839,48.33941188,lentil
24,70,16,25.17885316,68.93307305,6.54803469,35.03484812,lentil
13,74,25,24.12192608,61.09533545,6.461618577,44.23629285,lentil
6,64,23,23.33565221,67.40460704,7.065264073,36.18678721,lentil
12,58,23,21.74600081,63.39503184,6.765091462000001,50.43306085,lentil
32,79,22,27.60195453,63.46170674,5.91645379,54.37814199,lentil
6,68,18,24.388717,62.50453062,6.711341147000001,47.26052494,lentil
10,79,20,24.98287462,66.895409,6.379881442,38.21370568,lentil
38,77,22,28.234829,69.3159965,6.313284267999999,35.36831423,lentil
17,74,17,26.03026959,69.55863145,7.393210848,37.11395801,lentil
26,68,24,28.04849594,64.07691942,7.504930973,37.15824966,lentil
23,75,17,24.87425505,64.00213929,7.198076286,48.28137482,lentil
32,78,22,23.97081395,62.35557553,7.007037515,53.40906048,lentil
19,79,19,20.06003985,67.76252583,6.677262562,42.89509057,lentil
22,60,18,19.59221047,61.28633405,6.74398035,41.7704893,lentil
28,69,16,29.77013109,66.29327012,6.547361617999999,35.69674138,lentil
1,67,21,27.52135365,60.53657684,6.551577598,48.06491307,lentil
12,67,23,25.62896213,63.14909763,6.585020302999999,45.49683991,lentil
36,67,20,20.39078312,60.47528931,6.924042372000001,53.31508572,lentil
28,70,21,25.39038396,60.4989659,7.437373666,39.18374505,lentil
12,71,19,24.91079638,60.71367427,7.142611056000002,42.19740397,lentil
22,68,16,27.70496805,63.20915034,7.74672376,37.46160727,lentil
26,66,22,18.06486101,65.1034354,6.300479414,51.54922825,lentil
16,65,16,18.13027797,62.45851612,6.078724107,50.6128521,lentil
14,59,22,23.82723528,67.89815262,6.76660668,46.90725077,lentil
33,59,19,23.19305333,62.74710773,7.641024177,49.55213308,lentil
21,63,17,25.08966129,68.17543102,6.559681838,41.45486619,lentil
0,69,21,25.86928193,61.88321072,7.072923306,36.68284038,lentil
10,75,17,18.43966037,68.05394959,7.732194787999999,39.00992137,lentil
30,61,18,27.14911056,67.02664337,6.157782589,52.50812701,lentil
0,74,17,23.33375853,64.50515776,7.240988401,47.01510708,lentil
35,74,22,26.7230014,62.96841833,6.898905799,42.87274897,lentil
7,63,24,19.55750776,64.45268309,6.818681086000002,53.04669416,lentil
9,56,17,26.13708256,66.7729209,6.261937875,46.48280681,lentil
14,74,15,27.99990346,65.57653373,6.493036868,49.94043064,lentil
14,76,20,29.05941162,62.10652364,7.042474679,36.5011366,lentil
36,65,16,25.71269843,64.1123333,7.692013657,50.17067771,lentil
28,67,21,21.79792649,63.73086065,6.250994222999999,46.62370222,lentil
28,79,16,24.70626432,60.26854183,6.0521848810000005,53.12442925,lentil
40,61,22,20.94981756,65.8108757,7.002216044,44.23913012,lentil
10,70,19,24.84918386,68.98088448,7.272427638,41.61080544,lentil
12,80,19,21.91041045,65.21662467,5.962001484,36.10211371,lentil
37,77,20,25.93381964,68.70533022,7.080506001,51.02372773,lentil
0,67,22,29.82112112,69.4073209,6.5937983870000005,51.56461082,lentil
7,73,25,27.52185591,63.13215259,7.28805662,45.20841071,lentil
10,56,18,27.99627907,68.6428593,7.32710972,46.10585191,lentil
39,70,15,20.76774783,63.90164154,6.366355781,47.9271552,lentil
26,56,22,23.05276444,60.424786,7.011121216,52.60285259,lentil
9,77,17,21.65845777,63.58337146,6.280725549,38.07659414,lentil
4,59,19,26.25070298,67.62779652,7.621494566,40.8106299,lentil
34,73,15,20.97195263,63.83179889,7.630424082999999,53.10207889,lentil
33,77,15,23.89736406,66.32102048,7.802212437,40.74536757,lentil
2,24,38,24.55981624,91.63536236,5.922935513,111.9684622,pomegranate
6,18,37,19.65690085,89.93701023,5.937649577999999,108.0458926,pomegranate
8,26,36,18.78359608,87.4024767,6.804781106,102.5184759,pomegranate
37,18,39,24.1469628,94.5110662,6.424670614,110.2316633,pomegranate
0,27,38,22.44581266,89.90147027,6.7380162210000005,109.3905998,pomegranate
31,25,38,24.96273236,92.40501423,6.4973666770000005,109.4169192,pomegranate
21,21,38,22.5526059,89.32594859999998,6.327673765,104.8955643,pomegranate
6,30,40,22.77035608,91.45498527,6.36137446,106.9659201,pomegranate
25,27,41,19.20090378,94.27659596,6.9235093710000015,108.0423555,pomegranate
15,11,38,23.12808226,92.68328358,6.630646082999999,109.3930157,pomegranate
14,5,36,24.92639065,85.19098079,5.832525853,104.7693804,pomegranate
16,10,41,24.77464458,85.63608688,6.738993954,105.7595811,pomegranate
36,7,37,19.8671184,86.35590206,5.782435567,108.3168858,pomegranate
4,20,41,24.26601316,93.7974061,6.537042717,104.5375109,pomegranate
29,22,40,23.62600218,89.73266695,6.145104401,107.6836871,pomegranate
16,15,42,19.67832052,89.08935702,6.890784045,108.5468633,pomegranate
18,27,41,22.36509395,92.30882391,7.175344328,104.8216333,pomegranate
11,18,42,21.57936934,94.88267728,5.938528744,102.8593382,pomegranate
5,15,38,18.26233221,88.16779129,5.709380472,108.0756727,pomegranate
18,23,44,23.71028128,89.61794165,6.184400085,105.64999070000002,pomegranate
9,8,40,22.48720144,89.9224883,6.553509673,111.6631582,pomegranate
40,27,45,21.66024980000001,94.79397419,5.885638185,112.4349689,pomegranate
22,23,44,20.13037175,89.31505137,6.1438746910000015,107.3416913,pomegranate
9,16,39,18.41164435,91.11927248,6.101198974,105.1834976,pomegranate
12,29,40,19.68291173,89.75272999,6.594037135,111.2818551,pomegranate
0,17,42,23.20242586,91.19442671,6.8598408210000015,109.0946323,pomegranate
2,21,44,18.92157197,87.31290342,6.56893406,102.8013275,pomegranate
28,6,40,22.10621387,91.34039616,6.769855664,106.8704803,pomegranate
8,23,44,18.47412402,89.68919664,7.130837931,108.4758509,pomegranate
29,16,36,19.81069447,88.92944254,5.7403380020000006,102.860084,pomegranate
17,18,43,24.4880844,90.83687246,5.843005428,103.1969341,pomegranate
34,21,42,18.75927679,89.93457597,6.648687273999999,111.0196744,pomegranate
21,23,42,19.54128063,90.29751796,6.902751061,104.3739878,pomegranate
25,17,40,18.91251245,87.74938524,6.608023872,111.28005159999998,pomegranate
8,25,36,19.91330523,94.95031368,6.828522375,104.0277061,pomegranate
26,18,42,19.72620525,89.64934166,6.910374919,108.22872759999998,pomegranate
4,19,42,23.83185873,87.84034604,6.306605528,111.2232716,pomegranate
36,24,41,24.94467632,94.25702672,7.009180374,103.8799347,pomegranate
5,24,40,24.692258,93.87030088,6.297907578999999,104.6735454,pomegranate
19,17,39,24.72485577,85.56083187,6.728599215,111.2787584,pomegranate
39,30,38,20.12644921,87.59629625,6.965156737999999,108.065579,pomegranate
5,29,44,21.02432943,93.0569505,5.578095745,104.7847006,pomegranate
4,24,43,22.40423537,88.1508343,7.199504273,109.8695196,pomegranate
38,21,35,20.33691147,89.38003827,5.841367187,110.9653137,pomegranate
37,11,36,24.24779615,85.56033312,6.710143266,106.9216033,pomegranate
9,25,41,24.81530144,91.90842992,5.972714857000001,109.2853418,pomegranate
29,22,43,19.66329768,87.95158129,5.561851831,106.0380805,pomegranate
5,21,38,22.43377991,90.3396556,6.107054807999999,112.459697,pomegranate
22,26,38,22.92052307,85.12912161,6.988035315,110.2437841,pomegranate
4,18,37,22.91843172,85.40695044,7.13147457,106.2817706,pomegranate
21,6,41,24.88244467,89.39686219,7.086947687,107.1951707,pomegranate
29,21,45,23.40981539,93.13277,6.749260456,105.2240743,pomegranate
23,5,44,21.20725375,94.26304717,7.16300467,107.5660804,pomegranate
13,7,43,18.20230419,91.12282162,7.013481515,109.66239740000002,pomegranate
5,13,37,22.34375696,89.7870345,5.648243648999999,103.3183074,pomegranate
27,24,41,24.32770134,90.88292835,6.610251186,110.4606459,pomegranate
7,23,35,19.75088482,88.71691157,7.054313822999999,102.5538035,pomegranate
12,20,39,19.86173586,86.19740917,6.026999326,111.0217929,pomegranate
4,19,43,18.07132963,93.14554876,5.7794274020000005,106.3602023,pomegranate
3,9,45,23.89162561,89.61850203,6.535244251,104.617522,pomegranate
1,27,36,23.98598756,93.34236582,5.684995235,104.991282,pomegranate
23,30,44,20.93892916,85.42912869,6.12476108,103.0295938,pomegranate
24,21,42,20.82210727,87.22815682,6.999014379,109.4429934,pomegranate
13,30,37,20.86474944,91.61793636,6.277148771,106.8685636,pomegranate
40,11,44,24.45840036,86.10874614,6.322396027000001,111.3779693,pomegranate
21,9,40,24.51147697,90.64498715,5.956401828,105.6209954,pomegranate
3,27,44,24.56811204,92.03009222,6.591302797000001,110.9633894,pomegranate
40,29,42,24.63228709,89.01574455,7.104094929,110.6956184,pomegranate
14,25,40,20.07386547,90.97819712,6.407872061,103.7084055,pomegranate
38,14,37,21.80523051,94.63612858,6.658402594,102.6488846,pomegranate
34,9,36,22.8122645,86.34233767,6.276038961,110.4432293,pomegranate
32,14,37,22.73031253,88.48567856,6.825256236,104.6843243,pomegranate
18,21,35,23.2801227,94.94330457,6.368560522,111.1382096,pomegranate
8,23,38,19.30106297,87.1775172,7.005410734,105.4766591,pomegranate
15,6,41,19.0087067,88.83768149,6.8973684770000006,108.6793978,pomegranate
0,5,36,24.35193812,90.88612388,6.152906502,105.529185,pomegranate
22,9,44,24.72235539,88.87651295,5.744361602000001,112.1926517,pomegranate
14,8,43,21.92513945,94.46485312,7.051654924,111.71620159999998,pomegranate
31,11,45,24.83954414,86.88738076,6.034612928,107.6435771,pomegranate
39,17,45,18.09691127,90.42177379,6.9244907310000015,104.88188999999998,pomegranate
10,5,42,20.24104904,91.08706822,6.887005997,109.2537734,pomegranate
8,28,38,23.22594,94.42971362,6.8444019,105.6917856,pomegranate
32,13,42,23.50128217,92.97527546,5.786058032000001,106.61905,pomegranate
18,9,40,19.44623085,89.02127045,5.627186257000001,106.1606833,pomegranate
20,27,41,20.51343484,92.51675903,5.700088663,110.5764023,pomegranate
39,25,36,18.90223032,94.99897537,5.567805185,107.6103211,pomegranate
20,7,45,18.90592319,89.24126808,6.077886012,112.4750941,pomegranate
11,10,45,22.63045168,88.45577158,6.397995609,109.0357597,pomegranate
40,18,43,19.38603815,86.79058496,5.767372539,109.91309840000002,pomegranate
3,26,39,24.38318965,91.19431555,7.079973241,103.6012114,pomegranate
9,16,36,23.77989026,92.93386903,5.893332377999999,106.977723,pomegranate
30,20,38,22.59890174,93.16343942,7.058222596,110.0932899,pomegranate
40,9,41,24.37766782,85.4017118,5.78270695,106.128338,pomegranate
40,30,35,20.89273273,91.07776977,6.269663962999999,104.4407083,pomegranate
32,25,35,18.09903225,85.70786282,5.892913826,107.0050976,pomegranate
33,23,45,20.00218987,85.83618191,7.116538883,112.337046,pomegranate
4,14,41,19.85139326,89.80732335,6.430163481,102.8186358,pomegranate
13,17,45,21.25433607,92.65058936,7.159520979,106.2784673,pomegranate
39,24,39,23.65374106,93.32657504,6.431265737,109.8076178,pomegranate
8,28,37,23.88404783,86.20613842,6.082571701,108.3121789,pomegranate
91,94,46,29.36792366,76.24900101,6.149934034,92.82840911,banana
105,95,50,27.33368994,83.67675197,5.849076099,101.0494791,banana
108,92,53,27.40053601,82.96221306,6.276800323,104.9378,banana
86,76,54,29.3159075,80.11585705,5.926824754,90.10978128,banana
80,77,49,26.05433004,79.39654531,5.519088423,113.2297373,banana
93,94,53,25.86632408,84.42379269,6.079178787999999,114.5357503,banana
90,92,55,27.00932084,80.18546798,6.13465588,97.32531705,banana
108,89,53,29.55054817,78.06762846,5.808497603999999,99.34482238,banana
108,88,55,26.28845991,83.390039,5.891458107,113.8729798,banana
105,77,52,29.16226551,76.16151562,5.816622478999999,100.0075679,banana
118,88,52,28.65003945,82.68752542,5.8431631610000005,98.75084366,banana
101,87,54,29.07311132,76.50045221,6.376756632999999,100.1692639,banana
95,75,50,28.08166093,75.26429821,5.623615687000001,118.2761894,banana
106,85,53,27.1994597,78.80860679999998,5.91505509,99.72430835,banana
86,95,49,28.05484146,78.04602887,6.458714879,108.3957179,banana
83,79,55,25.14748006,83.34688193,5.565028635,98.66679427,banana
85,95,47,25.94019018,78.3422098,6.211833161,119.84797,banana
109,79,45,27.66752761,79.68542782,6.490074429,108.66464,banana
100,76,45,25.56703012,75.94067692,5.590236025,102.7867717,banana
117,86,48,28.6956201,82.54195839,6.225225238999999,116.1616839,banana
114,94,53,26.33544853,76.8532006,6.190757458999999,118.6858263,banana
110,78,50,25.93730186,78.89864446,5.915568968,98.21747528,banana
94,70,48,25.13686519,84.88394407,6.195152442,91.46442491,banana
80,71,47,27.50527651,80.79783998,6.156373499,105.0776992,banana
114,79,51,26.21009246,82.34429458,6.313197204,112.0700033,banana
88,78,45,29.10403455,79.19588629,6.324270089,92.07835761,banana
112,73,48,29.244063800000006,77.32017166,5.7074889870000005,90.66727868,banana
117,76,47,25.56202173,77.38229006,6.119216009,93.10247183,banana
111,87,48,26.3985515,81.36028902,5.571401169,98.16752001,banana
89,83,47,28.09577643,77.79586769,5.63127166,109.5408614,banana
93,91,47,27.84767901,83.31110751,6.101241579,117.2878912,banana
92,81,52,27.39341554,81.4654833,6.438137278999998,94.31102057,banana
105,74,45,25.14517635,81.38204104,6.098369122,119.218154,banana
102,71,48,28.65456263,79.28693687,5.695267822000001,102.4633775,banana
94,91,51,29.16093424,76.67484233,5.6180944460000015,109.575944,banana
116,71,47,27.57278064,82.0638878,6.435785799,91.34276507,banana
117,79,49,25.40909896,82.36208097,6.176644228,112.9794804,banana
119,72,55,25.99069521,83.33983116,6.220643671,112.0777152,banana
99,73,53,26.29039046,81.06003778,5.8717022110000014,118.6730366,banana
91,84,52,29.14827211,78.71024836,6.390741836,117.536781,banana
80,90,47,26.59743595,79.35898915,6.21084479,107.3944717,banana
101,70,48,25.36059237,75.03193255,6.012696655,116.5531455,banana
108,89,53,29.12036889,80.18080728,5.908770059,112.3982055,banana
100,80,52,27.53911354,77.25629897,6.049801781,110.3262123,banana
109,91,53,29.66727337,83.51014178,6.010095852999999,110.2511102,banana
82,78,46,25.05802193,84.97323747,5.738678895,110.4408803,banana
106,70,55,25.86824781,78.52399914,5.74055541,116.3019555,banana
90,86,52,25.85036988,81.95580471,5.793260262,119.08561709999998,banana
83,95,50,26.51682337,77.79913575,5.50947065,108.8547508,banana
119,90,48,28.66725136,79.59242542,5.986442306,118.2583441,banana
107,72,45,28.14938935,81.54448882,5.790768046,91.40508414,banana
116,81,55,26.42313317,83.69950440000002,5.915546415,95.12322062,banana
101,75,50,26.59386409,81.40740301,6.242528277999999,109.9825551,banana
93,81,50,27.71822477,76.57853189,6.0360792660000016,102.2099836,banana
95,75,45,28.98333432,82.95958244,5.829898502000001,109.022564,banana
107,71,55,29.42017919,83.96754496,6.088064451,117.229079,banana
83,94,47,27.39872329,81.10523402,6.469370954,112.1355384,banana
102,73,54,26.4020227,84.41007614,5.720726906,111.0162259,banana
86,79,45,27.81251452,82.69285419,5.80766417,99.20961514,banana
117,86,53,25.19640218,83.55829874,5.703381727999999,115.8586081,banana
111,79,53,28.31193338,75.77363772,6.165001277999999,119.695765,banana
95,74,50,25.90113128,80.47152737,6.002481605,110.10323,banana
91,75,55,27.48612983,76.11239849,6.212369363,109.2768851,banana
93,83,46,29.38254012,83.50423735,5.765308943,109.2486647,banana
92,85,51,29.22118628,81.08183635,5.740764682000001,108.8616474,banana
104,80,54,27.09062164,81.33506906,5.879119455,110.1331182,banana
103,72,51,26.12643374,81.81365007,6.099478745,104.4812858,banana
92,75,45,29.01207743,77.95192527,5.674403358999999,90.43495443,banana
93,85,49,27.96799119,79.28625709,5.694243847,119.4765557,banana
120,87,52,28.0764455,76.05522115,5.905494703,118.99235729999998,banana
108,72,46,25.16278237,84.97849241,6.110844721,90.94554618,banana
105,88,54,25.78749808,84.51194224,6.020445317,114.2005455,banana
98,79,50,25.34119774,84.47321314,6.435917308,91.06493353,banana
111,88,55,29.44795403,78.34971537,5.505393832999999,96.45042585,banana
97,74,45,26.47522633,78.51833782,5.677719902000001,113.1161095,banana
95,82,48,27.39489579,83.31172003,5.719014989,92.78133617,banana
89,91,55,25.08347445,80.26173100000003,6.275572297999999,94.32961456,banana
89,85,55,26.671983500000003,76.48541655,6.275384607,91.73358569,banana
118,88,51,25.44926208,79.49221962,6.201911642000001,100.6619171,banana
101,92,45,28.22776705,80.64303840000002,5.758054257,98.00403016,banana
99,92,47,28.127950899999995,77.48247073,6.3239336470000005,103.5045395,banana
82,77,46,28.9470467,82.1888998,5.901100841,95.83016448,banana
90,86,55,27.96236771,84.15403614,5.644486582000001,97.55986676,banana
95,88,52,28.00316034,78.90085998,6.235461772000001,94.68180316,banana
104,73,46,29.1400919,80.1190228,6.28236237,90.45142867,banana
102,73,52,27.9122104,83.36307683,6.356090905,90.24211529,banana
100,74,52,25.43480512,81.53977797,5.837258235,96.47800391,banana
94,89,48,28.55980972,84.51602322,5.653437902,111.0843029,banana
99,70,46,26.59580783,82.99556744,5.727469947,100.5123341,banana
112,87,48,27.19711623,77.39706290000002,6.200111067999999,99.46950465,banana
117,82,45,25.29391516,79.29122198,5.614471478,105.4220251,banana
96,86,51,29.90888522,76.98740841,6.257369799,91.99964712,banana
113,85,45,27.94972463,76.63713353,6.037430836,109.0921631,banana
105,93,46,25.01018457,78.76260938,5.760457558,108.3690513,banana
85,89,51,29.21144871,84.70189923,6.1581644220000005,108.5501443,banana
108,94,47,27.35911627,84.54625006,6.387431382999999,90.81250457,banana
92,81,52,28.0106804,76.52808057,5.891413895,103.7040783,banana
110,71,54,28.67208915,82.20793613,5.725418961,94.37987496,banana
82,75,55,27.34585147,78.48738349999998,6.281069505,92.15524332,banana
117,81,53,29.50704598,78.20585613,5.507641777999999,98.12565829,banana
2,40,27,29.73770045,47.54885174,5.954626604,90.09586854,mango
39,24,31,33.55695561,53.72979826,4.757114897,98.67527561,mango
21,26,27,27.00315545,47.67525434,5.6995869720000005,95.85118326,mango
25,22,25,33.56150184,45.53556603,5.977413802999999,95.70525913,mango
0,21,32,35.89855625,54.25964196,6.430139436,92.19721736,mango
20,19,35,34.17719782,50.62161586,6.113935087000001,98.00687989,mango
19,21,34,30.01592643,53.19212381,5.074272692,97.72843182,mango
18,17,31,31.74592134,45.16127859,5.667507706,93.75441586,mango
11,36,33,35.99009679,52.22780489,5.978634285,95.3713484,mango
30,28,30,31.86641378,52.19331595,5.064613314,98.46768642,mango
18,19,27,27.75518664,52.34605806,4.772385986000001,94.11213345,mango
23,23,27,34.72413192,51.4271781,5.161148592,97.31258083,mango
37,30,34,27.53907547,53.63549533,6.797779227,99.35408185,mango
11,27,30,27.69637763,48.56224879999999,6.39474303,89.85646496,mango
12,19,31,27.25373364,52.66319725,5.566704378,91.87312479,mango
3,28,33,30.33723921,48.88704844,5.755049971,94.42850522,mango
37,38,32,31.85744939,45.53106268,5.417340525,91.55845821,mango
26,37,30,35.39986338,49.45962621,6.166173833999999,97.41054011,mango
14,18,30,29.80747243,52.13797867,5.191265116,95.74606104,mango
40,16,35,34.16438906,54.16482251,4.954739564,98.33351125,mango
4,20,25,28.93270187,47.94053996,5.664587011,99.9834242,mango
36,25,33,27.98392787,53.33018851,5.548584852,99.61465679,mango
30,17,31,31.20478173,54.49960506,6.804437106,94.62954663,mango
28,37,28,32.13409675,50.52559148,6.097869767000001,98.63333684,mango
38,15,30,28.91862016,48.13974548,5.075504537,97.01331604,mango
12,37,30,31.09779147,47.41196659,4.546466109,90.28624348,mango
38,19,31,34.73823882,49.08864345,5.855119267999999,90.65022183,mango
8,33,29,29.98080499,49.48613279,6.442393461,91.82271568,mango
15,27,28,33.80398664,46.12866113,4.507523551,90.82549241,mango
34,16,25,30.07202564,50.96040505,6.10729559,92.09609766,mango
11,36,31,27.92063282,51.77965917,6.47544932,100.2585673,mango
33,29,34,31.40948821,49.21729127,6.832979508999999,92.99739415,mango
12,31,26,35.7877738,51.94190321,5.395275719,100.2160615,mango
12,34,28,33.36140093,45.02236377,6.13526938,98.81596545,mango
5,16,31,35.96054636,48.69677802,4.555688532,98.00644238,mango
1,30,29,28.33333307,51.39586505,6.4341977560000005,91.67241761,mango
16,35,31,32.27652024,50.19368841,5.316875978000001,95.99487068,mango
35,18,26,31.99490489,50.84881347,5.279388967,97.38741498,mango
4,40,26,27.58258929,48.56916221,6.720041791,95.8445641,mango
9,29,34,29.38471637,45.88744691,5.72742254,100.8124659,mango
2,38,33,32.38697531,53.2328243,4.691396195,90.21633216,mango
26,32,32,30.91471455,49.92963856,6.810186079,90.14047759,mango
34,38,31,35.37775595,45.58110023,6.454045329,97.41586402,mango
5,32,33,32.32362177,52.58967710000001,5.842763773,93.36718816,mango
31,29,26,28.22373428,47.40519056,5.024124683999999,97.76832322,mango
34,34,35,27.27433181,47.16808054,6.422710539,95.257992,mango
36,19,32,27.10710832,50.70880979,4.94295037,92.37238878,mango
7,17,26,34.89226666,48.75613373,6.414526606,91.63074547,mango
38,15,27,33.7462686,48.50387598,6.777788126,92.26439205,mango
5,19,25,27.351105600000004,54.43945147,6.441328044,96.27792547,mango
37,36,26,32.89300162,52.61323969,4.650536197,94.49161372,mango
21,31,32,35.38598705,51.42664176,5.254532213,90.29643888,mango
37,36,27,27.552973600000005,47.90859131,5.910634533,90.40332704,mango
23,23,30,32.82141065,47.45553843,4.755273631000001,90.89173106,mango
36,26,26,30.17294105,51.0845903,6.814630246,95.23444287,mango
24,33,35,29.26382931,54.82257868,5.342866119,100.7586226,mango
26,18,30,32.06097197,51.08494181,6.336234623999999,96.59816497,mango
22,17,26,28.69818144,47.71875722,4.754435025,99.642454,mango
11,34,32,29.14305008,49.40983294,6.831706773,97.55155537,mango
29,35,28,28.347161100000005,53.53903102,6.9674177660000005,90.40260445,mango
22,28,26,27.67256197,45.41692012,4.947683034,92.84991507,mango
23,24,32,28.1218093,46.16888595,5.630619901,93.30247448,mango
1,35,34,30.79375683,46.69536813,6.27339822,92.21318555,mango
2,24,34,28.89409382,54.80750249,6.472774648,94.76322976,mango
39,37,25,33.33024826,45.61143594,6.953246506,98.28583013,mango
15,36,27,27.78912455,53.96886679,5.6437102160000014,91.01152997,mango
3,18,31,31.65333432,48.20662669,6.392313972999999,91.09745581,mango
8,38,32,29.75150773,46.73723302,4.981816523,91.405983,mango
33,31,34,31.32995611,50.22287593,5.421265282999999,89.78216168,mango
14,29,32,35.63627319,48.97047762,6.942520105,97.51952041,mango
18,20,26,31.66524687,51.98594645,5.435840509,89.98024312,mango
9,21,32,32.26935342,53.56092806,5.870116071,95.94035356,mango
20,30,27,27.81005614,51.59445462,4.74910393,95.89898581,mango
9,38,25,34.58561471,50.34035336,5.497946899,100.3060719,mango
26,24,34,31.27180992,52.23810152,6.811291098,89.74409017,mango
31,36,29,33.93679864,52.72170281,6.460542749,97.4611918,mango
14,18,35,31.09154239,47.02058367,4.791146778,91.46664318,mango
40,16,35,31.89356292,49.02450149,6.4841522000000005,89.59371481,mango
28,27,34,32.45465292,50.69693751,6.526654345,95.04871605,mango
0,17,30,35.47478322,47.97230503,6.279133738,97.79072474,mango
1,29,29,27.32961444,49.30347234,6.052026047000001,93.53197359,mango
2,36,31,30.90225239,49.95955487,5.73171945,91.77522598,mango
12,27,26,29.09382275,45.5661059,5.32307197,96.23520043,mango
7,28,35,30.02086169,46.78393776,4.66910839,96.63721027,mango
0,36,26,34.13072188,51.25786185,5.101206389,96.38808001,mango
26,35,31,33.44619894,53.05980465,5.339556562,98.05089394,mango
27,21,30,35.3915464,52.48823147,5.061081874,91.22881052,mango
22,38,31,31.53356352,53.06009323,5.8211060360000015,98.57025046,mango
22,18,31,30.764551500000003,47.93791463,5.956027059,90.38503469,mango
28,23,28,30.01821337,50.09831810000001,5.676032581,96.08745082,mango
7,31,27,31.32863689,47.59319575,6.524114355,94.67344737,mango
29,34,26,33.88004781,54.39416048,6.2739536760000005,89.29147581,mango
8,37,33,28.07802689,54.9640534,6.128167757000001,97.45373619,mango
39,16,27,35.53845018,52.94641947,4.934964765,91.54560427,mango
40,24,25,28.70595247,50.44030129,5.445008416,95.8946444,mango
19,38,26,31.48451729,48.77926304,4.525722333,93.17221967,mango
21,21,30,27.69819273,51.41593238,5.403908327999999,100.7720705,mango
22,18,33,30.41235793,52.48100602,6.621623545,93.92375879,mango
31,20,30,32.17752026,54.01352682,6.207495815,91.88766069,mango
18,26,31,32.611261400000004,47.74916499,5.418475257000001,91.10190759,mango
24,130,195,29.99677232,81.54156612,6.112305667,67.12534492,grapes
13,144,204,30.7280404,82.42614055,6.092241627000001,68.38135469,grapes
22,123,205,32.44577836,83.88504863,5.896343436,68.73932528,grapes
36,125,196,37.46566825,80.65968681,6.15526103,66.83872293,grapes
24,131,196,22.03296178,83.74372787,5.732453638,65.34440794,grapes
2,123,198,39.64851881,82.21079946,6.253034534,70.39906054,grapes
35,140,197,16.77557314,82.75241875,6.106190557000001,66.76285469,grapes
11,122,195,12.14190714,83.56812483,5.647202395,69.63122027,grapes
6,123,203,12.7567962,81.62497448,6.130310493,66.77844567,grapes
17,134,204,39.04071989,80.18393287,6.499604931,73.88467027,grapes
25,130,197,39.70772192,82.68593454,5.554831977,74.91506217,grapes
27,145,205,9.467960445,82.29335466,5.800242694,66.02765219,grapes
9,122,201,29.58748357,80.91934392,5.570290539,68.06417307,grapes
16,139,203,17.82803682,80.96093443,6.27564088,65.84748763,grapes
32,141,204,8.825674745,82.89753705,5.536645599,67.235765,grapes
22,138,195,27.83487131,83.51444973,6.208196881,73.02882766,grapes
31,144,202,11.02105378,80.55557235,5.870600622,68.23963161,grapes
3,136,205,17.5862944,80.84806564,6.334771461,71.40654520000002,grapes
28,122,197,19.89363946,82.73366439,5.856575335,69.66256816,grapes
4,136,204,29.93707596,81.77713468,5.898944282,65.52279323,grapes
39,145,201,36.73126647,80.58931938,5.775600435,72.24230804,grapes
38,132,197,20.42094753,81.54185044,5.931101816,66.93065667,grapes
36,133,198,25.51939719,83.98351748,6.2286454,69.17281221,grapes
25,121,201,30.50734778,82.71775569,5.594240602999999,70.08200379,grapes
15,125,199,18.426993600000007,80.55625868,5.569230319,69.75734306,grapes
24,140,205,12.087022,83.59398734,5.93202852,68.66813363,grapes
13,132,203,23.60115364,82.48336987,6.423216506,73.23901752,grapes
5,126,197,12.80000387,81.20876367,6.417500829,67.10439401,grapes
30,120,200,38.06099482,82.24729637,6.234904253,65.70148216,grapes
23,142,197,39.06555518,82.03812973,6.000573725,69.30772897,grapes
26,135,203,33.78372897,81.16314317,5.6851027689999984,74.53557341,grapes
7,126,203,16.76201707,82.00335557,5.662140095,73.28712806,grapes
32,139,198,35.89307536,82.66850729,6.358186848,66.53946559,grapes
9,141,202,21.01245395,81.17931863,6.119495295,66.38448261,grapes
20,142,196,10.89875873,80.01639435,6.207600782999999,68.69420397,grapes
32,129,201,16.36251869,83.00471609,6.48754639,71.55665483,grapes
3,134,199,20.28370163,81.32235739,5.81717753,71.06611222,grapes
38,138,204,25.11108456,83.25447587,6.325480034,73.01026829,grapes
14,131,198,33.4641162,83.86742974,5.562790949,67.92204319,grapes
20,122,204,11.7976469,80.86325389,6.487369687,65.06962486,grapes
40,126,201,11.36300891,80.03100049,6.116982944,71.18289431,grapes
36,128,204,25.23542319,80.68700527,5.695792761,67.03840888,grapes
11,132,197,15.99050693,81.23966573,5.7343170070000005,74.40198861,grapes
0,137,195,22.4359017,80.18612085,6.329499832000001,65.3973168,grapes
19,123,200,34.76086052,81.03544763,6.167013532,65.70430027,grapes
31,136,197,31.11047251,83.34010951,5.653776057999999,71.43001582,grapes
4,134,200,28.57828803,80.95628959,5.840256272,73.34232097,grapes
39,139,201,41.18664903,81.01783402,5.5399808120000005,68.68895899,grapes
8,127,196,27.02766138,83.17093908,5.833302165,70.95666003,grapes
39,138,203,21.19339319,82.33098331,6.399433771,74.62834921,grapes
32,120,204,10.38004759,83.44518113,6.138958698,67.39173790000001,grapes
12,142,203,31.3115978,82.56407013,5.972850837999999,65.01095312,grapes
8,133,195,20.46657776,80.97598029,6.456079585,71.29813872,grapes
8,139,199,29.36947679,81.53996362,6.3364266670000005,66.13442813,grapes
21,134,202,10.72302459,80.02130636,6.425419926,65.29821120000001,grapes
40,140,195,14.97846952,80.49979873,6.2943956760000015,71.63437433,grapes
39,127,202,15.3246651,81.67215994,6.477768039,71.60102999,grapes
19,120,195,18.73932187,81.12109244,5.931538447,73.55807954,grapes
21,139,201,19.3642553,83.36094029,5.980598579,67.15094741,grapes
17,136,195,41.20733624,81.61051026,6.389783283,65.90227462,grapes
33,139,203,33.34214482,82.51034633,5.693287415,70.68098614,grapes
22,133,201,23.81995682,80.12211649,6.00299607,67.27398640000001,grapes
32,130,196,40.66012294,81.24995984,6.372959542,74.03030056,grapes
37,135,205,11.82768186,80.2827185,5.510924848999999,74.10225057,grapes
15,140,195,13.28504331,83.54193816,5.69945282,65.80006004,grapes
39,132,196,35.83089092,83.32560104,5.778594403,73.67984885,grapes
40,121,199,26.18159716,81.03886263,6.315586313,66.05911698,grapes
40,132,202,24.57558351,80.70695797,5.9718130060000005,69.706113,grapes
29,142,203,29.67229086,83.71498986,5.891195653,66.48490371,grapes
32,121,199,39.37102553,81.25353895,6.129812716,74.08101744,grapes
6,140,205,17.66558428,82.92903419,6.313085601,69.8671263,grapes
8,120,196,24.06679352,82.66396666,6.053662544,69.81855775,grapes
34,133,202,15.31413469,80.09711412,5.804799142,74.82144653,grapes
35,135,199,21.77466746,80.54942557,6.400719746,69.39630398,grapes
16,145,199,26.91624843,80.76838926,5.953966361,69.30927185,grapes
8,136,201,41.65602996,82.22118237,5.6092559920000005,74.19664838,grapes
25,129,195,17.98667801,81.17712085,5.777271492000001,72.37127689,grapes
16,130,201,29.12033769,82.79092939,5.682395429,68.8503047,grapes
39,129,203,34.38922481,83.18392806,5.863996687,71.03001556,grapes
38,135,203,41.36106301,82.79782954,6.444373116,69.92107482,grapes
33,120,205,35.12158265,82.26890793,5.550832177999999,69.71518491,grapes
35,125,204,19.6491772,80.15215777,6.107741787999999,73.69529586,grapes
1,132,200,16.27852801,82.94270065,5.620745638,66.57462809,grapes
39,140,203,21.11903604,80.63399198,6.349875906,69.27779761,grapes
28,145,202,19.2077707,82.90428409999998,6.484323189,66.83113717,grapes
6,128,200,25.96308415,82.57813624,5.838748311,70.31782647,grapes
6,139,199,25.67385024,81.6212135,6.29099842,74.10919422,grapes
29,122,196,41.94865736,81.15595212,5.638328481,73.06862952,grapes
37,144,197,11.18994268,80.8084305,6.415555956,66.34234944,grapes
38,120,197,17.5438296,82.94703302,6.323722572,73.77063744,grapes
38,141,198,13.05809741,80.28297993,5.757009965,70.75633584,grapes
14,121,203,9.724457611,83.74765639,6.1586894060000015,74.46411148,grapes
6,125,204,27.92004934,82.93262435,5.7335398070000005,69.92092839,grapes
32,138,197,9.535585543,80.73112694,5.908724337000001,69.44115171,grapes
11,124,204,13.42988625,80.06633966,6.361141107000001,71.40043037,grapes
23,138,200,9.851242629,80.22631717,5.96537863,68.42802444,grapes
40,143,201,24.97256132,82.72828653,6.476757723,66.70016285,grapes
6,142,202,27.23708304,82.94573346,6.224542938,70.42508897,grapes
37,124,195,18.70679077,83.4795292,6.209928251,66.5964488,grapes
35,134,204,9.949929082,82.55138983,5.841138354,66.00817551,grapes
119,25,51,26.47330219,80.92254421,6.283818329,53.65742581,watermelon
119,19,55,25.18780042,83.44621709,6.818261382999999,46.87420883,watermelon
105,30,50,25.29954705,81.77527562,6.37620108,57.04147057,watermelon
114,8,50,24.74631269,88.30866319,6.581587932000001,57.95826144,watermelon
93,22,52,26.58740671,81.32563243,6.932739726,41.87540028,watermelon
80,26,55,24.53442564,88.989272,6.140099215,49.11618732,watermelon
85,27,45,26.0713757,88.7285657,6.467095849,57.79652846,watermelon
85,22,53,25.96534238,89.77076659,6.849471704,59.46338556,watermelon
82,22,45,26.22338015,85.34866045,6.512196212,54.60159289,watermelon
118,13,54,24.41311871,89.81574032,6.039584629,44.07843475,watermelon
83,25,53,26.49195283,80.04678201,6.057697106,57.72799157,watermelon
86,15,47,24.04355803,84.18406764,6.423898762,53.78929956,watermelon
101,10,47,25.5421695,83.31883376,6.936997681,57.57343233,watermelon
119,9,50,26.74550678,83.9195902,6.251286661,40.794305,watermelon
104,17,46,25.7131428,80.22972777,6.190015912000001,43.08961827,watermelon
95,12,51,25.76484262,84.17269959999999,6.681606702000001,44.22066914,watermelon
102,14,52,26.79489868,89.64815231,6.51075991,57.74091817,watermelon
109,21,55,24.9004602,89.73524177,6.770278088,57.44942094,watermelon
81,18,50,26.80750629,88.22874955,6.429788072999999,58.79889057,watermelon
103,17,51,25.11189154,80.02621335,6.209888345,44.20656987,watermelon
105,14,50,26.2148837,87.68839820000002,6.419052193,59.65590798,watermelon
97,8,52,24.9103226,86.97190046,6.237861736,49.48575692,watermelon
120,19,49,25.79448878,84.26830701,6.762471628999998,56.45229202,watermelon
95,16,55,25.26931156,87.55055105,6.612847999,40.12650421,watermelon
83,29,52,25.76402693,87.5931128,6.704688865,46.05122728,watermelon
83,9,45,25.85483596,89.13163965,6.049609892,46.85176955,watermelon
91,21,50,24.33528185,81.44030363,6.762030215,48.32113628,watermelon
116,5,54,25.37601283,80.99313508,6.65398725,57.23028471,watermelon
112,28,54,24.86094646,85.05318563,6.738030547,55.29563514,watermelon
88,29,51,24.71885473,88.94568335,6.095689937,48.45978627,watermelon
118,15,45,24.21495706,84.20576992,6.538006356,48.01138482,watermelon
92,21,48,25.81692236,82.043255,6.377427122,54.82963379,watermelon
106,14,45,24.47018505,84.16390229,6.417011754,57.26773002,watermelon
99,5,47,24.13078816,84.84494575,6.649086972,51.19470197,watermelon
98,8,51,26.1793464,86.52258079,6.25933595,49.43050977,watermelon
108,22,46,26.17668721,86.72952049999998,6.121168559,53.33484977,watermelon
119,7,55,26.03867719,84.6378378,6.031424482,44.3993381,watermelon
117,27,48,26.53259325,82.39053979,6.835268183999999,54.30660782,watermelon
109,10,53,26.81938687,87.8274604,6.5517503060000015,46.06193778,watermelon
80,16,46,25.50405534,81.40297428,6.940236218,48.47833278,watermelon
100,18,52,26.20234499,80.38266489,6.87606733,56.47941847,watermelon
91,7,53,25.13735887,89.28272716,6.457216535,43.52897517,watermelon
86,6,53,25.92030221,83.47202566,6.921847887999999,42.10681516,watermelon
107,5,52,26.6634609,89.98405233,6.8814257460000015,57.40847165,watermelon
103,16,49,24.06731461,81.64075303,6.915717008,51.75212401,watermelon
101,20,48,24.6774157,82.75411437,6.206247493999999,57.05709413,watermelon
85,25,47,26.11440416,87.64081095,6.29542477,58.48160844,watermelon
84,7,51,26.81530456,87.65694462,6.399669044,55.74073582,watermelon
102,28,54,25.15623099,80.27525115,6.862157042000001,55.49541453,watermelon
98,25,52,25.2801372,83.15393658,6.224066378,49.29456609,watermelon
97,25,50,26.22005978,80.90127035,6.093814669,49.08553937,watermelon
90,16,45,24.92093261,80.61750795,6.291540277999999,50.55710813,watermelon
95,12,46,26.21667586,81.01009354,6.32281728,54.65423596,watermelon
82,23,49,26.81383586,87.21986949,6.873283991,51.70497792,watermelon
82,25,51,24.31334971,87.47409052,6.074209622000001,48.11248366,watermelon
110,28,46,24.29105004,88.04541346,6.49889585,51.26046418,watermelon
118,21,51,24.42998931,86.33904774,6.678805092,48.58241822,watermelon
120,20,45,25.66576039,88.6984228,6.114128685,54.22722466,watermelon
91,7,52,25.07803672,83.46230461,6.405054243,56.39962921,watermelon
81,6,55,24.88910524,85.87059083,6.110142735,51.70699144,watermelon
101,13,54,25.42900869,82.91481799,6.828982708,56.34144589,watermelon
101,17,55,24.37118217,87.1269128,6.451499763999999,44.63907691,watermelon
111,6,53,26.493064500000006,88.59143088,6.313512998999999,46.06382209,watermelon
107,10,49,25.83202912,89.00481725,6.755192025,45.24690619,watermelon
115,11,46,24.41592661,89.39655519,6.623167177000001,40.32161859,watermelon
84,25,52,24.37190239,81.2514818,6.12532356,44.20899581,watermelon
120,7,47,24.24782473,83.03687902,6.653867608,54.76576239999999,watermelon
91,12,46,24.64458469,85.49938185,6.343942518,48.31219031,watermelon
89,22,52,24.89681131,86.10782926,6.217300786,53.14626213,watermelon
113,19,46,25.41864024,81.12122989,6.286387658,49.52320689,watermelon
97,22,50,26.26028739,86.14585891,6.769893799999998,58.97878791,watermelon
117,30,50,24.90123934,87.20772913,6.744966312000001,46.59207341,watermelon
90,14,52,24.84740848,89.20454622,6.391858432,59.67927244,watermelon
104,23,47,26.98212846,86.70068316,6.770434148,42.91292205,watermelon
81,16,45,26.90435747,86.25426228,6.727468157000001,59.75980023,watermelon
88,5,47,25.86475496,86.67468041,6.662244646,41.16554802,watermelon
92,7,45,26.70607759,81.14149505,6.944640222,51.51033554,watermelon
81,18,50,26.44019475,80.91934337,6.507110986,47.81847573,watermelon
111,5,55,26.283443,84.42478917,6.520663422,50.78669728,watermelon
108,23,51,26.84366082,83.85039964,6.106500787000001,40.228644,watermelon
113,30,50,26.03967219,83.9862443,6.277484042999999,43.87712348,watermelon
83,10,53,24.92994759,85.00802358,6.195142279,48.75859458,watermelon
101,11,51,25.50736962,84.24340241,6.792035575,44.2068997,watermelon
114,21,55,25.4438391,87.93923120000002,6.472756256,57.51549686,watermelon
99,6,45,26.12588914,86.5507939,6.000975617000001,40.71210074,watermelon
92,20,55,25.10474753,87.52676159999999,6.5877912620000005,59.26519444,watermelon
92,7,48,26.27520631,86.63249555,6.956508826,54.38748495,watermelon
91,24,55,26.27061608,83.09194521,6.259086582999999,46.76837499,watermelon
110,21,54,26.73690828,87.82430156,6.747537642,47.46447019,watermelon
112,25,51,25.04746944,85.5667282,6.932537231,56.72496677,watermelon
89,25,54,24.69368934,85.56967628,6.353107392999999,48.99390828,watermelon
100,10,53,24.54356968,84.60808277,6.211748957,42.00660251,watermelon
83,22,54,25.89762315,81.96664832,6.277245253999999,54.49960057,watermelon
95,14,50,26.6333118,84.31756844,6.560443519,56.31866159,watermelon
119,30,49,25.35794749,80.45846265,6.903020221,47.72078245,watermelon
97,12,47,25.28784623,89.63667876,6.765094963999998,58.28697664,watermelon
110,7,45,26.63838589,84.69546874,6.189213927000001,48.32428609,watermelon
96,18,50,25.3310446,84.30533791,6.904241707000001,41.53218699,watermelon
83,23,55,26.89750174,83.89241484,6.463271076,43.97193745,watermelon
120,24,47,26.98603693,89.4138489,6.260838965,58.54876687,watermelon
115,17,55,27.57826922,94.11878202,6.776533055,28.08253201,muskmelon
114,27,48,27.82054812,93.03555162,6.528404377999999,26.32405487,muskmelon
101,25,52,29.09910406,94.22237826,6.750145572,22.52497327,muskmelon
118,18,52,28.04943594,90.83130708,6.562832807,20.76223014,muskmelon
95,26,45,29.91690582,94.55695552,6.117530021,28.16057247,muskmelon
81,25,49,29.86895762,93.25103208,6.076459669,26.26243014,muskmelon
117,24,53,29.17220859,92.21405224,6.293486295,21.30290472,muskmelon
114,30,51,29.24908541,90.06998135,6.069171847000001,25.93496537,muskmelon
113,6,52,27.76317235,90.35567642,6.740983646,25.21609113,muskmelon
108,26,52,28.82629037,94.26765349,6.201797639,26.23838511,muskmelon
81,30,48,28.52379742,92.09688432,6.041027474,29.86681385,muskmelon
115,9,52,29.06785065,90.97685539,6.019372459,29.1194739,muskmelon
83,7,45,29.08417927,90.73891887,6.704104127000001,25.33014238,muskmelon
84,21,55,28.47090661,94.79453182,6.494251024,21.08484101,muskmelon
109,26,45,28.27973674,90.38971208,6.224535448999998,21.58992507,muskmelon
95,27,55,28.47212559,91.21322065,6.160414414,20.88620369,muskmelon
119,5,55,29.68846716,94.30111601,6.168757984,26.83924845,muskmelon
110,14,51,27.02415146,91.66737633,6.085444691,21.26034986,muskmelon
82,18,48,29.09588297,94.16748386,6.1590508160000015,26.70581328,muskmelon
87,14,48,29.69238699,92.58862544,6.606033244,29.1102594,muskmelon
85,9,53,28.20619412,92.86798698,6.447662945,28.78654515,muskmelon
100,6,53,29.05248036,93.92217834,6.105909623,23.66620626,muskmelon
107,12,46,29.57240298,93.61870344,6.559763394,27.56918621,muskmelon
91,13,47,29.10968327,92.43510994,6.14410903,27.95602304,muskmelon
102,25,50,28.20480805,92.91440379,6.099662369,20.36001144,muskmelon
117,25,53,29.11858526,92.12543021,6.413927319,24.52020164,muskmelon
85,21,52,29.62800691,90.10051615,6.0751441160000015,23.69586761,muskmelon
104,25,55,29.81196601,90.36881284,6.123802502,22.68766503,muskmelon
102,24,54,27.72338349,90.93897939,6.698468621,22.81863447,muskmelon
116,25,50,29.26092798,92.92367701,6.088885814,28.70627683,muskmelon
100,17,48,29.72791119,94.29753295,6.367800632000001,26.52364146,muskmelon
110,25,54,28.91105641,90.78413842,6.425930938,23.44398467,muskmelon
104,25,51,28.96361426,93.88482153,6.469983276000002,23.56130173,muskmelon
107,11,54,28.59052369,91.33617236,6.094016337999999,29.44008034,muskmelon
98,26,52,27.33897716,90.69759008,6.150090898999999,28.69113835,muskmelon
88,17,52,29.90415889,90.75284363,6.646962425,25.37828397,muskmelon
87,25,46,27.42711692,90.02696201,6.379690748,21.7508774,muskmelon
120,8,46,29.55657523,90.70937262,6.732834334,28.36535596,muskmelon
95,13,46,29.84070774,93.76312893,6.126019932,23.28207838,muskmelon
108,22,47,28.53545677,91.72742702,6.161123579,25.1290048,muskmelon
82,13,52,27.11535046,94.86907886,6.442810053,26.51924782,muskmelon
120,23,55,27.84492803,91.60666594,6.732049075,26.47844429,muskmelon
110,22,47,29.03157242,91.82172592,6.243673725,24.93861254,muskmelon
95,23,45,27.82424457,90.56698742,6.266208727,21.19014526,muskmelon
106,10,49,27.72653142,92.00687531,6.350623739,20.21126747,muskmelon
99,12,52,28.69708334,94.30759855,6.002927293,22.21807088,muskmelon
106,20,51,29.73019662,90.97015715,6.342573112,20.49035619,muskmelon
83,11,53,29.54097171,92.91778307,6.163921247999999,21.9653077,muskmelon
117,19,55,28.80311922,91.78336933,6.121745389,25.16359891,muskmelon
98,26,49,27.29035669,90.53330091,6.130160472999999,23.49535234,muskmelon
113,20,48,27.46583649,94.87679041,6.440584681,27.27899847,muskmelon
101,17,47,29.49401389,94.72981338,6.185053234,26.30820876,muskmelon
98,7,45,27.79161808,92.51054946,6.157724816,26.85422624,muskmelon
93,22,48,29.12533739,91.52291141,6.776987974,21.90440445,muskmelon
95,21,47,27.93114233,93.56161439,6.431970877,20.66127836,muskmelon
109,12,48,29.45771748,92.12534736,6.708743843,20.76212031,muskmelon
118,12,47,27.96872279,92.17444796,6.010739645,28.94766949,muskmelon
100,14,49,29.48882958,91.07574233,6.365956657999999,26.01909355,muskmelon
89,9,47,29.47156259,90.77069618,6.6683827660000015,28.75226067,muskmelon
95,16,46,27.076726500000003,90.14362622,6.74669542,24.4514648,muskmelon
95,7,45,27.30008597,90.80015308,6.031665834,25.09484511,muskmelon
87,6,45,29.82729394,90.79007335,6.40077205,22.84203589,muskmelon
93,20,50,29.93061247,93.22980899,6.448792688999999,24.34814338,muskmelon
84,29,49,29.94349168,93.90741192,6.251420275,20.39020503,muskmelon
111,5,47,28.03306461,91.47355778,6.2744528110000015,21.17924769,muskmelon
111,5,52,29.8843055,94.0371147,6.135996372,21.0000988,muskmelon
111,15,54,27.7058373,92.91185695,6.194090172,22.06207161,muskmelon
89,11,47,29.78714005,94.65343534,6.327822962000001,27.8659442,muskmelon
110,15,48,28.57819995,92.86597437,6.2125672110000005,27.598717800000006,muskmelon
95,30,52,29.48069921,90.33698678,6.640470862999999,26.0365768,muskmelon
115,12,52,27.51492243,94.96218673,6.685553129,21.01796432,muskmelon
120,25,50,28.05457761,94.81637388,6.327210469,21.84869328,muskmelon
102,11,45,29.03167341,93.12603235,6.35544263,24.15591199,muskmelon
94,5,55,28.5854649,91.89216849,6.085682343999999,26.88372572,muskmelon
84,18,46,27.08808014,93.42402083,6.781050372999999,25.32159689,muskmelon
107,22,54,27.99611732,90.84660317,6.630301421,21.61893763,muskmelon
80,18,52,27.87317436,91.14849627,6.484799661,24.05207925,muskmelon
86,18,45,28.96586565,90.71832938,6.566759102000001,22.25838137,muskmelon
113,28,48,28.87726019,92.48839665,6.170520517999999,24.44267592,muskmelon
115,18,53,29.17052093,94.19790371,6.0124803510000016,22.06994464,muskmelon
82,20,54,29.34033587,90.01506395,6.541150335,21.44532907,muskmelon
98,22,47,29.07265321,91.91533173,6.341400922,28.83568362,muskmelon
117,25,54,28.68275966,92.50969311,6.150686363999999,29.11187663,muskmelon
83,15,49,28.92705913,91.39356832,6.438008152999999,23.20076686,muskmelon
120,16,51,27.99901833,91.64193051,6.547041902999999,23.28618248,muskmelon
111,5,50,27.59350075,91.79742953,6.399891457000001,24.84266123,muskmelon
85,21,47,29.87331077,90.60932469,6.186770318,24.69720481,muskmelon
90,23,54,28.55852465,90.45773041,6.159020864,27.26588346,muskmelon
99,29,55,29.19378695,91.46241065,6.660954816,26.48240255,muskmelon
102,11,47,27.98780984,92.78226196,6.504906978999999,27.14509034,muskmelon
80,18,51,28.05380704,91.81758779,6.706053225,20.76582087,muskmelon
87,21,52,27.350629600000005,94.29119509999998,6.067665497999999,27.21244021,muskmelon
114,8,52,29.34081108,94.5513539,6.419083092,28.22908103,muskmelon
99,6,46,28.61475136,94.22253035,6.39637861,28.98574189,muskmelon
89,25,50,27.04863538,91.34685096,6.375923383,25.08146686,muskmelon
96,13,55,29.5275305,94.57459443,6.700337732,21.13545688,muskmelon
82,26,47,28.50416396,93.46806467,6.565312652999999,24.20007242,muskmelon
106,21,52,28.89578588,94.78993038,6.286515359,23.0362503,muskmelon
90,15,52,27.04927452,91.3821731,6.448061578,23.65747461,muskmelon
106,16,54,28.96017885,91.69532178,6.585872508,24.7458198,muskmelon
24,128,196,22.75088787,90.69489172,5.521466996,110.4317855,apple
7,144,197,23.8494014,94.34814995,6.133220586,114.0512495,apple
14,128,205,22.60800988,94.58900601,6.226289556,116.0396587,apple
8,120,201,21.18667419,91.13435689,6.321152192,122.233323,apple
20,129,201,23.41044706,91.69913296,5.587905967,116.07779309999998,apple
32,137,204,22.86006627,93.12859895,5.824151692999999,117.7296726,apple
27,139,205,22.48403042,93.40819246,5.7721799460000005,105.5473627,apple
0,123,205,22.02775403,92.96129462,5.790993052,121.1349176,apple
22,144,196,21.91191314,91.68748063,6.4992268210000015,117.0761277,apple
1,124,199,23.71059131,93.27392415,5.658473817000001,112.66765890000002,apple
30,122,197,21.37784654,92.72043743,5.573241391,106.1417017,apple
29,121,196,22.84852833,94.32130209,6.079497202000001,123.5977843,apple
13,126,204,23.1094265,92.79630809,6.3831802710000005,108.183792,apple
9,139,199,23.25230817,94.54128292,5.867420996,105.3558408,apple
0,133,200,23.67287749,90.4935574,5.708418722,104.2298028,apple
30,143,199,23.76881552,90.59810302,5.7983508000000015,102.2648546,apple
36,140,198,23.34386401,91.47684705,6.28188384,104.4267991,apple
37,137,199,22.63946441,90.18451645,5.697945522,108.3405879,apple
33,121,203,22.45696744,94.76285385,5.6059340870000005,114.8407725,apple
7,144,195,22.96388477,93.58065995,5.85648105,104.64729859999998,apple
35,128,205,21.07273439,93.56585985,6.041053829,107.8737015,apple
29,128,198,22.44075021,92.70785115,5.685062404,121.4977331,apple
2,143,196,22.71271308,90.45261746,5.669489065,109.8852597,apple
34,140,198,21.70416965,93.44006288,5.751707342,115.1781396,apple
29,144,204,22.43324518,92.48667725,5.800448951,119.1025189,apple
32,141,203,21.25941052,92.84416234,5.821347769,109.06584709999998,apple
13,144,197,22.9215706,94.89613443,6.28022267,105.6941544,apple
25,143,198,22.81212536,91.51861705,6.027314401,107.855225,apple
9,137,200,21.12152071,90.6878768,5.636687393,102.8017203,apple
6,144,198,21.11478672,90.31528693,5.559363609,104.5086618,apple
37,126,196,23.59997268,90.97597665,5.596449493,107.17281909999998,apple
2,120,203,23.12652652,94.71203306,5.893492998999999,108.62118329999998,apple
11,143,197,22.98458907,93.3204487,5.875718516,122.1952483,apple
10,141,201,22.12659387,90.97818277,6.386021424,104.5412275,apple
24,142,202,22.53779727,91.48135786,5.710819862,101.8474768,apple
23,138,195,22.49095104,91.70292746,5.7959857160000015,124.3915101,apple
18,125,204,22.35548159,94.47811755,6.046673619,116.7366261,apple
13,121,196,22.20700989,93.50574163,6.443382913,120.1593771,apple
26,122,202,22.44516988,94.73763514,5.617227184,107.1843273,apple
28,123,202,22.76643029,92.12438519,6.442289294,120.4359949,apple
26,121,201,22.19109412,90.02575116,6.162034371,112.3126628,apple
21,137,196,23.6119202,91.70293849,5.812781806,123.5900822,apple
21,135,198,23.86087054,94.92048112,5.7650151260000015,105.0241329,apple
5,144,205,21.42177231,92.62665309,6.184922574,102.8045658,apple
2,123,205,22.36629253,90.78572467,5.739652177000001,124.9831618,apple
15,133,199,23.99686172,91.61001707,5.8247786360000005,117.6102915,apple
31,130,198,21.80129837,92.73446667,5.554823557000001,120.05866709999998,apple
25,143,200,23.80436344,92.80441624,6.024248787,100.6192543,apple
16,143,204,23.71475278,91.53331177,5.631333387000001,121.8961665,apple
19,122,202,23.34467359,90.37981478,5.811975094,112.8954016,apple
10,125,196,22.31253665,90.03577124,5.730557448,113.0688155,apple
20,139,202,23.50201428,92.21083961,5.66999105,107.9868949,apple
28,123,198,23.46260321,91.45665004,5.682751473,111.7763395,apple
28,136,200,23.06204373,92.39544055,6.245858905,114.7399101,apple
2,131,199,22.47420512,91.22759742,6.017370134,124.2179699,apple
2,140,197,22.69780133,92.82223419,5.53456749,105.0508234,apple
27,138,201,23.66682067,93.90191078,5.952367662,105.4004751,apple
30,127,204,22.50050273,92.45878335,6.126436584,100.9343903,apple
32,145,203,23.83053666,90.84422164,6.406818518,109.5966791,apple
29,139,205,23.64142354,93.74461474,6.155939452999999,116.6912176,apple
26,126,195,21.41363812,92.99124545,5.878568981,118.3979065,apple
40,136,202,22.85267372,94.57645809999998,5.935336307999999,117.53140259999998,apple
6,124,200,22.98208095,93.84505029,5.971332179,109.5852253,apple
35,138,200,21.19909519,90.80819418,5.67130617,103.6838922,apple
17,136,196,23.87192332,90.49939035,5.882155987999999,103.0548094,apple
33,134,205,21.0365275,94.33919546,6.08551916,114.7412734,apple
16,143,197,22.61711614,93.51978375,5.90402645,116.9256766,apple
27,120,200,21.45278675,90.74531921,6.1102188260000005,116.7036582,apple
29,145,205,22.81227579,92.12992101,6.212302608,109.3383552,apple
3,141,197,21.98141856,91.12719303,6.142803397000001,115.4789148,apple
15,123,204,22.52709326,92.54780429,6.365972687999999,115.3830068,apple
5,136,195,22.35628673,91.92360477,6.264202804,107.7697413,apple
10,136,204,21.19852186,92.15595143,6.276198595,105.8554351,apple
7,141,195,23.8812458,93.45067555,5.514253142,104.9116663,apple
2,129,201,22.78234161,94.36803516,5.682343744,122.1449949,apple
29,138,197,22.19055385,92.43764169,5.830892252000001,121.6622761,apple
30,137,200,22.91430043,90.70475565,5.603413172000001,118.6044645,apple
29,132,204,23.08950736,90.22507299,6.0967531,108.2166601,apple
14,139,197,21.72484506,92.83975602,6.056529526,121.6961761,apple
18,125,203,22.44307715,91.59234006,6.160267496,102.5565807,apple
33,143,204,21.1316077,91.95769858,5.814434775,122.5391946,apple
40,144,196,22.71750705,92.25479855,5.987262638,107.0289866,apple
9,143,197,23.75033085,92.88160462,5.570020684,117.6602827,apple
38,135,203,23.76121837,93.661643,5.9655513110000005,100.825956,apple
28,130,196,22.13450646,94.67695747,6.062356467000001,112.9203223,apple
35,142,203,21.17089176,90.23730166,5.895319002000001,123.6495149,apple
12,129,205,22.36238282,91.15761594,6.119432215,118.68327250000002,apple
1,135,203,22.77856513,92.70124029,5.624203283,113.7759219,apple
0,145,205,21.22503442,90.09877774,5.52078314,113.9760462,apple
31,121,201,23.15791104,90.34396882,5.731535257999999,110.712841,apple
35,131,203,22.42776057,93.91722423,5.893490899,102.7230739,apple
29,140,195,23.64082979,90.95257927,5.560521058,116.7431319,apple
33,138,198,22.29423493,90.69033986,6.222390797999999,122.7418744,apple
14,140,197,23.35225078,90.90054697,6.071255131,113.0381382,apple
35,145,195,22.03911546,94.58075845,6.231950009,110.9804014,apple
40,120,197,23.80593812,92.48879468,5.889480679,119.6335548,apple
25,132,198,22.31944084,90.85174383,5.732757516,100.1173443,apple
31,137,196,22.14464104,93.82567435,6.400321212000001,120.6310784,apple
36,144,196,23.65167552,94.50528753,6.496934492,115.3611268,apple
10,140,197,22.16939473,90.27185592,6.229498836,124.4683112,apple
22,30,12,15.78144173,92.51077745,6.354006743999999,119.035002,orange
37,6,13,26.03097313,91.50819306,7.511755067999999,101.2847738,orange
27,13,6,13.36050601,91.35608208,7.335158382,111.2266885,orange
7,16,9,18.87957654,92.04304496,7.813916602999999,114.6659511,orange
20,7,9,29.47741671,91.57802915,7.1291369410000005,111.1727497,orange
26,27,10,28.06903173,92.91487288,6.079998496,114.1339416,orange
5,23,15,25.66901098,92.04670813,7.408939392000001,112.5424199,orange
0,18,14,29.77149434,92.00719952,7.207991261,114.41617859999998,orange
39,24,14,30.55472573,90.90343769,7.189259647,106.0711985,orange
13,23,6,23.96147583,90.26408017,7.365338111,102.6958703,orange
21,17,15,23.98289638,91.5473145,7.455991072000001,118.4901697,orange
33,12,8,25.26052689,90.31153735,6.822282114,117.36952959999998,orange
6,9,12,31.08368929,90.14362642,7.028746406000002,109.6894658,orange
19,7,10,14.78003032,91.22062116,6.118430299,100.1961762,orange
24,18,6,26.56608303,94.45239715,6.285312759,116.3796525,orange
9,11,8,24.85903405,94.39000473,6.559236744,111.78037340000002,orange
31,8,7,34.51465139,93.63812684,7.163245982,103.5684926,orange
22,17,5,24.12188673,90.72351622,6.945562889,102.835632,orange
13,5,8,23.85340379,90.10522549,7.474710503,103.923226,orange
16,8,9,24.60297538,91.28408653,7.601189842999999,111.2948115,orange
4,13,6,15.63211033,94.25966183,7.5611432239999985,101.4705704,orange
0,25,14,19.33516809,91.97978938,6.361671475,116.450422,orange
8,7,10,28.2620488,91.98317355,6.929216014,105.2132259,orange
4,23,5,22.67594476,93.36348717,7.477935216,110.3332655,orange
33,14,8,21.03200078,92.9641969,7.684420446,110.6823944,orange
30,7,15,33.23453301,91.06053924,7.825531916,115.7659902,orange
21,29,12,22.30318989,92.15987039,6.438668989,117.3688104,orange
11,14,5,11.50322938,94.8933184,6.946354724,115.56837759999998,orange
9,8,15,14.34320488,94.35734702,7.994465371,110.22231229999998,orange
5,18,14,33.105698100000005,93.48447453,7.434118807000001,119.1709113,orange
29,25,14,30.49183837,90.4582865,7.781988584,113.3302105,orange
33,12,15,30.25578031,92.03272799,6.052318465,116.7173125,orange
8,16,6,12.22816189,90.26457428,7.106650373,108.4161706,orange
15,14,8,10.01081312,90.22399223,6.22094286,119.3941064,orange
16,7,8,22.79196751,90.60901895,6.420457311,116.5084074,orange
0,12,7,20.18432263,90.65458473,6.969249676,116.8130969,orange
5,25,6,30.72119881,94.01331956,6.0113021810000005,106.8118019,orange
6,8,11,24.35590861,92.39651663,6.600948787999999,119.6946577,orange
10,5,5,21.21306973,91.35349216,7.817846496,112.9834361,orange
1,17,6,10.78689755,91.38411917,6.8198271,117.5293447,orange
1,30,10,11.89925671,91.34663797,7.291405641,103.5771468,orange
0,23,15,22.56664172,93.37488907,7.598729065,109.8585753,orange
24,27,9,18.86883219,93.24688124,6.157135092000001,119.3936976,orange
36,11,13,17.34083741,93.04897191,7.1917274,112.7194284,orange
40,21,8,34.90665289,92.87820148,7.418761774,102.1906333,orange
40,22,6,24.53610067,91.90997228,6.488221135,115.9787989,orange
32,18,13,13.8377282,91.74780462,6.044167236,107.9873218,orange
9,10,10,22.3551049,93.52211892,6.010391864,101.5164589,orange
13,16,8,34.74004942,93.12316972,6.949838549,100.1967854,orange
15,9,11,11.54785707,94.14861001,7.907956251,108.82891709999998,orange
29,11,5,23.13338811,91.94670335,7.639788459,104.4224145,orange
1,15,9,29.98364695,94.55239717,7.53350946,115.3560318,orange
18,5,11,20.87947369,90.93756231,6.251586885,102.4550786,orange
14,22,9,17.24944623,91.13772765,6.543191814,112.50905159999998,orange
33,15,7,15.83388699,91.68293851,7.651225301,109.7571416,orange
4,6,7,23.01014302,91.11764246,6.708889665,112.6738296,orange
17,16,14,16.39624284,92.18151927,6.625538653,102.944161,orange
12,20,10,24.45132792,93.10527686,6.528354932,109.4711098,orange
34,29,8,31.87859192,91.15248149,6.450640306,105.3437825,orange
39,28,10,31.34920143,91.48247612,7.181907673,109.1549823,orange
31,25,12,18.05142392,90.03969587,7.016482298,111.7793889,orange
12,6,8,30.84835031,92.86773675,6.388617138,107.4142681,orange
12,29,13,22.45616931,91.52781832,7.57125447,118.0069295,orange
26,11,11,13.70319166,90.95589386,7.609348255,106.2944879,orange
19,24,15,20.48954522,93.72485075,7.137136973,111.83919509999998,orange
39,21,9,13.20844373,94.02769434,6.354022554,106.2696156,orange
16,29,13,32.31944397,93.67804556,6.196907944,117.6236473,orange
36,29,13,20.68185224,90.91510525,7.829507245,109.7513927,orange
37,23,12,31.52675982,90.50621806,6.395258356,113.1169398,orange
39,9,15,25.35467646,91.81183218,7.992041984,116.7555937,orange
31,5,14,17.66545409,91.69865887,6.583411671,110.6857506,orange
18,12,8,12.59093977,91.81668769,6.206053072,119.39167179999998,orange
20,20,10,11.86631922,93.68394562,6.976997772000001,106.060149,orange
5,8,5,11.03367937,92.22706805,6.562594972,112.7715925,orange
20,8,12,25.2990432,94.96419851,7.260416405,117.9733424,orange
25,21,11,32.23797837,90.15406807,6.460044777999999,104.7052254,orange
14,19,14,17.68408797,94.35815354,6.699164936,108.0638166,orange
37,18,12,10.2708877,90.19147747,7.401121811,106.69552040000002,orange
26,15,6,17.22034507,94.78797376,6.912033409,108.0054343,orange
13,22,5,19.667056,90.50096668,7.764040111,100.1737964,orange
32,25,9,10.35609594,93.75652041,7.796034006,101.1456947,orange
19,7,9,27.255435,91.71369387,6.969883482999999,101.139435,orange
28,7,9,34.591784600000004,92.13229786,6.730757538,115.5650287,orange
24,30,11,32.39523995,94.51768464,6.601395755,113.25373,orange
7,17,10,10.16431299,91.22320999,6.465913274,106.362551,orange
18,23,8,21.49118657,93.43949693,6.41354791,101.4819888,orange
7,20,12,16.53460397,94.76759975,6.475275337,110.0447896,orange
20,23,11,31.8520694,90.12220323,6.407715561,109.9455062,orange
18,14,11,28.04799508,90.00621688,6.550814117000001,117.1311498,orange
34,11,10,31.75048899,94.59551226,7.36220835,115.1989301,orange
20,29,10,29.07412717,93.27189064,7.36549204,100.7896871,orange
37,24,13,19.14381903,90.71037456,7.8546243,108.0230792,orange
12,8,10,16.14820285,91.4448027,7.995848977,107.4287664,orange
34,10,14,34.05296914,92.05811721,6.725600855,116.8020848,orange
6,13,9,34.51423957,90.56151463,7.786725333,118.32719679999998,orange
27,30,5,32.71748548,90.54608254,7.656978112000001,113.328978,orange
13,8,12,25.16296632,92.54736032,7.105904818,114.3117197,orange
6,7,7,27.68167318,94.47316879,7.199106204,113.9995146,orange
40,17,15,21.35093384,90.9492967,7.871063004,107.0862095,orange
31,26,9,11.69894639,93.25638873,7.566165721,103.2005992,orange
61,68,50,35.21462816,91.49725058,6.7932454170000005,243.0745066,papaya
58,46,45,42.39413392,90.79028064,6.576261427,88.46607497,papaya
45,47,55,38.4191628,91.14220381,6.751452932,119.2653877,papaya
39,65,53,35.33294932,92.11508608,6.560743092999999,235.6133585,papaya
31,68,45,42.92325255,90.07600528,6.938313356,196.2408242,papaya
70,68,45,33.83508569,92.85470152,6.991626158,203.4044028,papaya
68,62,50,33.20258348,92.76437927,6.977700268,197.5282582,papaya
34,65,47,23.48546973,93.71043692,6.833768535,191.7760562,papaya
38,68,54,29.33710543,90.81781439,6.739170045,202.0572747,papaya
69,64,47,40.21199348,94.50766912,6.993473247000001,186.6762324,papaya
58,51,47,42.13473976,91.70445386,6.757470637000001,197.402901,papaya
59,47,53,32.86316618,91.4618874,6.8506632320000005,47.271547,papaya
44,64,54,29.80744318,91.38048469,6.74274935,232.7046126,papaya
56,57,48,31.56213762,93.0484859,6.506120752,63.62250788,papaya
69,60,54,36.32268069,93.06134398,6.98992719,141.1736926,papaya
56,58,49,37.13165026,94.60761797,6.69215564,172.47880619999995,papaya
49,55,53,38.4418717,93.63739039,6.544029776,77.71566883,papaya
38,51,52,32.66160599,90.78931681,6.927803911,78.85085502,papaya
54,65,47,27.92765919,91.55594211,6.721835879,149.91075569999995,papaya
57,57,51,39.01793345,91.48815629,6.99223441,105.8841531,papaya
39,52,53,32.51247398,94.65904123,6.704204398,51.07048113,papaya
58,67,45,38.72382798,91.72514851,6.702424548,62.62377075,papaya
61,64,52,43.30204933,92.83405443,6.641098708,110.562229,papaya
34,62,55,27.58548913,90.72526502,6.585346229,238.5008779,papaya
31,48,45,40.78881819,92.90951393,6.563134737,132.7923586,papaya
47,46,52,23.19451074,91.40301608,6.502289472999999,206.3999208,papaya
32,68,52,32.68067385,92.61715632,6.800321319,248.8592986,papaya
36,59,46,34.28879307,93.61082872,6.721130542999999,127.2509777,papaya
61,51,51,39.30050027,94.16193416,6.574677594,120.9512466,papaya
70,54,46,39.73149053,91.12220596,6.919342407,122.7628653,papaya
44,56,49,39.23342464,91.25589286,6.519779582999999,64.4478499,papaya
34,68,51,27.34734861,94.17756725,6.687088097999999,40.35153141,papaya
50,59,47,40.76998685,92.09278584,6.747975732,209.8678411,papaya
39,70,52,26.26559543,90.79668055,6.65149129,59.49373381,papaya
34,61,49,28.12971499,93.3210737,6.502675132,117.8201907,papaya
44,60,55,34.2804607,90.55561637,6.825371185,98.54047745,papaya
31,62,52,33.7960155,93.00754254,6.99104104,182.026807,papaya
65,62,51,31.53243779,90.87394933,6.5116248410000015,207.0735119,papaya
44,57,53,42.30495821,90.51431779,6.93172108,74.876786,papaya
50,47,48,24.63676897,90.61964344,6.712772332999999,218.2299187,papaya
43,50,48,28.28222883,91.37059792,6.63016515,179.27208069999998,papaya
60,46,53,24.48620746,92.98254537,6.761953186,183.49095,papaya
70,68,55,42.84609252,94.63548176,6.691202286,78.80996390000001,papaya
59,62,52,43.67549305,93.10887229,6.608667683999999,103.8235658,papaya
60,58,51,42.07213781,92.92203105,6.840802254,165.7412972,papaya
42,60,47,33.46873719,92.12746225,6.834808347999999,136.8277041,papaya
35,66,47,31.7018373,91.66232213,6.953439161,48.83810592,papaya
34,65,48,41.41968393,90.03863107,6.665024507999999,199.3096432,papaya
36,54,46,42.54744013,94.94482086,6.662875839,214.41038480000003,papaya
39,64,52,28.91842453,94.63676767,6.678695788,63.68794608,papaya
37,52,47,43.08022702,93.90305729,6.54277684,211.8529059,papaya
33,47,46,29.20300896,93.96834049,6.839443833,209.4083305,papaya
34,48,48,41.04224355,91.37258067,6.805277038,181.527598,papaya
49,54,50,25.62446619,93.18240298,6.762522087000001,97.26336657,papaya
40,65,49,35.32876402,91.06138506,6.678449317999999,163.9069365,papaya
68,52,49,24.42561272,92.27749066,6.577192175,63.35298768,papaya
50,46,52,31.18298415,90.21646909,6.734005647999999,54.01872359,papaya
65,63,50,31.88342554,91.3256535,6.524459342,79.27201575,papaya
40,49,47,42.93368602,91.1756748,6.501521192,246.36132680000003,papaya
42,53,48,23.11407669,94.31994776,6.758479569,231.5153161,papaya
49,55,51,24.87212063,93.90560147,6.676578778,135.16945249999998,papaya
59,62,49,43.36051537,93.35191636,6.941496806,114.778071,papaya
63,58,47,26.83054058,90.75379971,6.864143752,144.66564440000005,papaya
70,65,52,30.42012134,93.12659793,6.583528529,75.95295,papaya
63,50,52,28.64555584,93.22642604,6.751747609,115.8163936,papaya
40,64,47,32.50037548,93.47888842,6.893509446,71.73759526,papaya
63,58,50,43.03714283,94.6428898,6.720744449,41.5856585,papaya
45,58,49,30.10773379,90.34546355,6.827812549,75.24521981,papaya
66,69,47,23.69212243,93.61055571,6.912299695,87.53393983,papaya
54,67,52,35.67667332,93.30641944,6.586107335,141.3381168,papaya
69,67,52,27.71948962,94.43877142,6.827305908,82.83061083,papaya
67,68,49,35.26824831,92.38282957,6.821774589,149.8488208,papaya
45,57,47,23.16855863,90.78821158,6.656458831,161.68920930000004,papaya
56,50,52,33.08706051,92.25197542,6.770384816,88.1300769,papaya
70,50,53,37.4620912,90.44967809,6.933809742999999,172.3458448,papaya
44,47,45,38.73218907,94.73613484,6.579441304,218.142147,papaya
50,60,47,32.57720726,92.74889453,6.92791761,93.7942847,papaya
52,51,53,38.38231475,93.10378595,6.985804083,210.2735346,papaya
35,68,45,42.93605359,90.09448142,6.612429546,234.8466111,papaya
68,69,52,25.65492304,92.74501561,6.813383387000001,52.95477913,papaya
32,55,52,37.58899717,91.99740365,6.967759599999999,159.6577388,papaya
32,55,51,29.60718808,93.15642801,6.57398033,62.68710535,papaya
48,62,47,25.34756111,93.02871078,6.803094965,174.40123369999995,papaya
39,69,53,25.9300384,93.02357765,6.964955435,241.8202079,papaya
49,61,45,32.76795887,94.57377401,6.764213299,240.4795923,papaya
48,57,54,29.02328049,90.20396783,6.617703177999999,126.8069869,papaya
69,66,49,40.00439101,90.17015833,6.52711001,92.11877372,papaya
53,55,55,33.32315744,91.25271223,6.709668804,234.496633,papaya
38,61,52,31.22790131,94.94021378,6.620729882000001,46.44279118,papaya
57,64,55,26.68386496,92.9585411,6.583760498999999,62.50689682,papaya
51,57,55,24.70528368,90.14732171,6.6764073370000006,108.4103158,papaya
56,65,45,38.2016825,93.97379963,6.751298936,218.09088140000003,papaya
54,66,52,36.56769731,93.79503425,6.867554147000001,104.4218596,papaya
58,55,47,26.05375792,93.69111672,6.7424900270000006,240.6863901,papaya
68,70,54,31.29986342,92.76039164,6.986228647000001,54.77830202,papaya
42,59,55,40.10207731,94.35110201,6.979102243,149.1199989,papaya
43,64,47,38.58954491,91.58076549,6.8256647820000005,102.2708231,papaya
35,67,49,41.31330062,91.1508798,6.617066674,239.7427554,papaya
56,59,55,37.03551903,91.79430166,6.551892637999999,188.5181422,papaya
39,64,53,23.012401800000006,91.07355541,6.598860305,208.3357976,papaya
18,30,29,26.762749300000007,92.86056895,6.4200187170000005,224.5903664,coconut
37,23,28,25.61294367,94.3138837,5.7400545670000005,224.3206759,coconut
13,28,33,28.130115000000004,95.64807631,5.686972967000001,151.0761899,coconut
2,21,35,25.02887163,91.53720922,6.293662362999999,179.8248944,coconut
10,18,35,27.79797651,99.64573002,6.381975465,181.6942283,coconut
7,11,32,29.25902906,95.11294697,5.542169138999999,184.7624496,coconut
39,5,31,27.10134661,93.69979946,5.551963184,150.9502632,coconut
34,6,27,25.84726298,90.92669463,5.8607404810000014,147.8888994,coconut
31,30,29,26.58580443,90.98617591,5.558807063,178.8116076,coconut
25,7,35,28.38503882,99.18843684,5.55771171,189.67113490000003,coconut
16,18,26,28.43647052,91.81320717,5.568365926,145.54144130000003,coconut
26,10,33,28.27298134,96.93649473,6.07071786,198.8234862,coconut
27,8,32,27.00648436,96.46168931,5.627860548999998,144.3331315,coconut
37,18,30,27.63551259,99.34854917,6.38488418,157.91715369999997,coconut
19,15,34,26.29644905,99.65809151,5.6858890660000005,215.9195049,coconut
0,19,33,27.1326009,95.23797989,6.234458417000001,204.7206567,coconut
31,20,26,25.56567803,97.61361544,6.443168642000001,199.7936345,coconut
9,17,32,25.94951662,93.40548703,5.842317989,172.0540491,coconut
22,11,29,28.03380598,95.01630593,5.955742971,218.0055713,coconut
31,6,26,29.12859129,91.30924833,5.741367375,157.2388553,coconut
34,6,30,27.0828252,97.00155491,5.948342571,171.7575545,coconut
24,6,32,28.11321494,90.01734526,6.387067562,172.48136409999995,coconut
1,8,26,27.5136304,94.18955816,5.562911913,156.6732553,coconut
31,13,33,27.63834933,95.48763389,5.85971872,205.5463111,coconut
10,9,28,29.01256899,94.01014388,6.282955072999999,150.05003119999995,coconut
36,27,26,26.58413917,95.78923137,6.25449571,171.6262299,coconut
38,24,33,28.28905147,97.00396405,5.973853124,142.9403233,coconut
11,6,25,28.69164799,96.65248672,6.081568052000001,178.9635457,coconut
16,14,30,29.70931288,96.30484325,6.37466756,209.84539930000005,coconut
33,14,35,27.14865285,96.66355213,6.027707171,149.2433497,coconut
16,6,29,29.28725038,91.95614918,5.868285082000001,132.1491176,coconut
32,11,31,25.06871967,93.31410447,6.205931637999999,134.84190690000003,coconut
38,14,30,26.92449525,91.20106019,5.5707453860000005,194.9022136,coconut
8,6,33,28.27804288,93.64761266,6.095261012999999,171.9457959,coconut
23,6,33,29.18032562,92.73041222,6.025789594,204.9603677,coconut
29,25,35,28.3575072,91.64509299,5.542873799,160.73069909999995,coconut
24,14,33,29.38072512,93.27565685,6.366219551,218.5241851,coconut
32,12,30,25.39241091,98.08951196,5.579845008,218.080385,coconut
30,25,31,26.31270635,98.62048026,5.804965067,208.1181381,coconut
14,21,35,29.52501367,91.91185319,6.121005506,194.3100272,coconut
27,22,29,28.83214859,92.17170353,6.000248647,145.41723869999996,coconut
40,5,29,28.48444906,97.76865458,5.820978791,160.389421,coconut
17,11,32,28.74013335,93.39676499,5.620733794,156.76508230000005,coconut
30,30,35,25.00872392,95.59224018,6.001936419,165.8092179,coconut
28,10,30,29.8690834,91.14723422,6.305740522000001,192.7678575,coconut
39,7,29,27.54273211,94.59086121,6.362544111,150.2012138,coconut
32,20,35,26.52166434,98.38227669,5.588655387,144.6261698,coconut
7,15,32,25.03512351,95.89739958,6.182232762000001,174.796583,coconut
29,17,29,29.20394909,95.66997327,5.959493188,211.2506267,coconut
34,15,34,27.05826457,91.10510371,5.677282677999999,224.70069530000004,coconut
14,23,25,26.18552389,96.96637916,5.6121227970000005,135.4186222,coconut
18,19,29,27.59376845,92.48519606,6.206077742000001,162.8432736,coconut
7,21,35,25.76011662,94.65830608,5.764812076,131.24514140000002,coconut
24,27,34,28.87862994,95.11320315,6.203376525,145.0583117,coconut
39,29,29,26.50908611,94.48414544,6.143662699,199.8778403,coconut
29,8,28,26.87037587,91.72546257,6.100429497,214.4128874,coconut
10,24,27,27.57283516,94.90485697,5.7084096010000005,145.9298935,coconut
0,29,32,28.05912437,98.3670985,5.868255858,171.65163959999995,coconut
32,11,31,29.51611558,92.56492864,6.461225827000001,131.2116167,coconut
37,10,32,28.96318258,95.16333673,6.165084855,222.803013,coconut
20,29,27,25.09897688,92.36099489,6.047044342,157.7592626,coconut
31,29,35,27.1872282,92.19906776,6.137102505,141.3220576,coconut
17,30,27,29.03065024,90.79093862,5.894027065,205.5720367,coconut
1,12,30,27.754298,95.94643831,5.56222383,131.09000759999998,coconut
6,13,29,27.31155708,99.96906006,5.832608027999999,201.8258633,coconut
15,28,32,28.84270971,99.64328526,6.2185718739999984,224.4016682,coconut
27,24,29,26.61423461,96.97300803,6.142010637,191.006688,coconut
3,23,30,29.70143197,95.65754365,6.078807239,215.1968037,coconut
8,26,26,25.54759871,91.64194826,5.702484758,212.867626,coconut
20,28,26,26.37978453,91.49882979,5.547594847,167.0470997,coconut
26,18,27,27.45907759,92.90736493,5.836075368,142.1430003,coconut
1,6,35,27.02269204,95.71935435,6.231662767,147.16824590000004,coconut
27,30,31,28.98545306,90.73966792,5.718120393,148.8398374,coconut
23,7,34,26.1055118,91.52421214,5.852038202,134.1279669,coconut
0,26,31,25.0707247,95.02156793,5.547933273,192.9036306,coconut
38,6,25,25.54963273,96.92786777,6.156259104,191.2996157,coconut
25,12,26,28.56973521,95.67906668,6.436314406,134.83703480000003,coconut
40,5,32,26.07010807,96.7036223,5.981169595,143.533473,coconut
0,19,31,25.51791333,94.38420565,6.271952832999999,178.7297725,coconut
26,9,32,25.9490364,94.73860514,6.470465614,144.15711090000005,coconut
35,30,34,28.2974764,95.41122824,6.141502001,182.4482352,coconut
19,30,30,29.56549169,91.40896307,5.826381164,224.83157290000003,coconut
31,13,33,29.69952329,95.21224392,6.342463714,148.30036919999995,coconut
17,29,26,26.14162144,93.28415295,6.071897347,195.4115025,coconut
2,30,30,26.00175125,94.79998418,6.331051715,209.540094,coconut
30,13,25,27.15116142,91.48889469,6.413184638,164.9182225,coconut
8,15,33,28.97318719,98.09861043,5.50158009,213.9011021,coconut
18,12,35,26.13958446,96.38580769,6.338720873,131.3387935,coconut
8,28,30,25.51618488,94.33465411,6.015672239,135.1272491,coconut
40,22,29,27.55821802,99.98187601,5.735364307,174.62564809999995,coconut
27,10,33,27.81132822,97.48410555,6.465906333,154.06212209999995,coconut
21,20,31,25.60033702,99.7240104,5.855457599,165.82487319999996,coconut
3,9,35,26.91641934,99.84671638,6.318552972999999,225.6323656,coconut
22,16,27,29.1797902,90.27214288,6.006784979,188.9252083,coconut
27,8,30,26.44600063,98.29937782,6.008386282999999,221.2258168,coconut
22,8,33,28.43572863,95.8840407,5.665785202,203.9283708,coconut
28,27,32,28.94099669,93.00109012,5.764615485,191.7723087,coconut
23,21,26,26.45488737,93.45042636,5.901495543999999,149.2220255,coconut
37,5,34,25.79490531,93.84150618,5.779032666,152.42387119999995,coconut
19,26,29,26.93141945,98.80313612,5.67154928,166.5712879,coconut
133,47,24,24.40228894,79.19732001,7.231324765,90.8022356,cotton
136,36,20,23.09595631,84.86275707,6.925412377000001,71.29581071,cotton
104,47,18,23.9656349,76.97696717,7.633437412,90.75616738,cotton
133,47,23,24.88738107,75.62137159,6.827354668,89.76050416,cotton
126,38,23,25.36243778,83.63276077,6.176716425,88.43618918,cotton
126,50,19,24.69457084,81.7358876,6.6287228360000015,78.58494391,cotton
113,41,20,25.0017188,80.53965818,7.256877571,96.32600992,cotton
121,45,22,22.45942937,81.30681027,6.443785385,64.23026638,cotton
121,47,16,23.60564038,79.29573149,7.7232401510000015,72.49800885,cotton
129,60,22,24.58453146,79.12404171,5.947448589,71.94608134,cotton
107,45,25,23.0865933,83.55546146,7.2277455160000015,71.84080724,cotton
122,59,18,23.5000992,83.63488952,6.219469084,79.81328183,cotton
140,38,15,24.1472953,75.88298598,6.021439523,69.91563467,cotton
102,49,21,24.69315538,84.84422454,6.253343655,89.799462,cotton
111,40,25,24.48469200000001,84.44932014,6.187455798999999,90.94342484,cotton
131,35,18,24.49112609,82.24415809,7.0576933660000005,64.02949379,cotton
135,43,16,23.47986888,81.73049149,6.720449769,86.76287924,cotton
100,46,18,24.18586246,76.04203958,6.4316895060000006,69.08056728,cotton
123,39,24,25.00755095,78.17952126,7.453106264,86.06411872,cotton
117,56,15,25.99237426,77.0543546,7.368258226,89.1188212,cotton
121,36,24,23.66457347,81.69105088,7.352401887,99.36898373,cotton
101,58,18,25.66891439,81.38103349,6.652143699,78.59595817,cotton
107,42,24,22.04612876,84.62978302,6.144631795,86.00758678,cotton
100,41,22,22.4204752,84.55794703,7.318802162000001,93.46595573,cotton
125,39,21,25.03149561,82.21276599,7.954629324,95.0191318,cotton
105,60,23,23.53371386,77.21705554,6.207652157,87.54004943,cotton
102,46,19,22.77076388,82.5993307,6.631005298,81.49543437,cotton
131,49,22,25.49848236,79.9751579,7.306918817000001,67.05961949,cotton
139,35,15,25.248679,83.4630147,5.898293044,86.55517751,cotton
108,36,19,22.78249615,77.51235009,7.238566893,64.61444234,cotton
118,45,23,23.37044424,77.43198948,7.977651226,71.67870701,cotton
107,51,22,24.86560781,78.22080815,5.983075895,79.56866268,cotton
125,60,17,24.14386157,84.51591287,6.785723961,80.36146974,cotton
113,37,20,25.03300222,79.04368718,7.393441155,97.10087029,cotton
131,52,16,23.65724079,84.47601498,6.486068274,88.54479121,cotton
115,48,16,25.54359718,84.09229796,7.175934962,88.94245493,cotton
113,38,25,22.00085141,79.47270984,7.388265887999999,90.42224164,cotton
111,41,18,23.64328417,78.1258666,6.10539819,80.96157332,cotton
111,53,19,23.96436009,78.02763149,6.419536555,84.63148859,cotton
122,48,16,24.65425757,75.6350708,6.307585854,61.82980133,cotton
108,46,17,24.3017998,84.87668973,6.93221485,65.0247867,cotton
132,41,22,24.29144926,81.02453404,7.810865753,90.41694635,cotton
103,42,17,24.29470232,84.61527627,6.527541661,81.05902285,cotton
133,50,25,25.72180042,81.19666206,7.569454601,99.93100821,cotton
127,37,18,24.87663664,76.30050373,7.041065585,91.9223468,cotton
110,39,25,22.60612115,77.34264002,7.208795456,75.13617229,cotton
131,38,19,23.86814008,75.68339729,6.814341946,90.4547185,cotton
108,38,24,23.41022496,76.43836957,7.442217061,78.82199603,cotton
122,40,17,24.96440768,81.31677618,6.854558957,80.03995829,cotton
111,50,15,25.16820129,80.30351815,7.884550475,84.62419032,cotton
140,40,17,22.72767171,77.07598065,6.006085786,77.55176318,cotton
100,40,20,22.45145981,76.25674874,7.432043735,86.84998693,cotton
123,50,16,23.04920461,75.53835214,6.498052108,70.65644296,cotton
107,36,21,25.29250148,75.66653335,6.205263534,62.64174227,cotton
118,50,19,22.95604064,82.33733678,6.360812227,66.48339303,cotton
103,51,20,22.80213132,84.14668447,7.0466074339999984,91.6389565,cotton
133,57,19,23.54234715,75.98203329,7.947011366,84.12536744,cotton
129,47,20,24.41212325,80.80343786,6.281913857999999,98.60457373,cotton
116,52,19,22.94276687,75.37170612,6.114525877,67.08022574,cotton
114,40,23,25.53676123,81.13668716,6.7539780610000015,95.4262599,cotton
131,60,17,25.32023717,81.79475917,7.4250413160000015,83.46532547,cotton
107,43,18,22.426733,81.53480799,6.745104394,65.54475812,cotton
123,44,21,25.78544484,75.00539324,7.6411165689999985,91.39578861,cotton
112,49,25,25.68959532,77.90621048,6.470135478,66.19426787,cotton
119,44,15,22.14593688,82.85975490000001,7.091992365,60.65381719,cotton
130,59,19,25.07278712,82.50257909,6.520403794,93.51042684,cotton
127,53,24,22.21506982,76.17851932,6.127939627999999,70.40557612,cotton
134,52,18,23.9643129,76.59175937,7.994679507000001,76.13090645,cotton
109,36,18,25.40059227,76.53237965,7.524707577,62.51388670000001,cotton
100,48,17,23.7805123,83.03878838,7.827877817999999,66.26555904,cotton
132,52,19,24.16402322,76.7433897,6.436691764,61.94626051,cotton
102,37,25,25.31468463,77.91757121,5.907930899,72.82902109,cotton
111,39,22,22.60361557,80.35090459999998,6.135025006,88.57395505,cotton
117,51,15,22.9535715,78.71555832,6.044556594,99.75336197,cotton
136,36,24,22.74446976,80.41198458,7.59781958,90.07326633,cotton
134,56,18,23.80834611,83.91902605,6.691268104,70.97358303,cotton
112,54,15,25.46228792,81.56641891,6.1754923060000015,76.88582484,cotton
105,56,15,25.96779712,81.97904282,7.272316208999999,74.14169043,cotton
140,45,15,25.5308271,80.04662756,5.801047545,99.39557151,cotton
126,46,25,24.43847399,81.69801729,6.757457943,60.79645852,cotton
106,49,24,23.03887865,76.47039772,6.983395572999999,90.64770699,cotton
121,53,19,23.51308653,76.72621429,7.976889497999999,80.11272117,cotton
108,60,17,22.75805656,76.75768356,6.558902588,97.76600619,cotton
116,56,17,24.71252544,77.7293114,7.979090365,85.24963302,cotton
100,52,19,23.45969093,82.44777468,7.903528672999999,93.50153555,cotton
129,43,16,25.5503704,77.85055621,6.73210948,78.58488484,cotton
118,44,23,22.08458267,82.82904143,6.6916904760000016,67.06459777,cotton
117,43,25,24.68854799,78.51206972,7.839849298,69.31153566,cotton
126,37,21,25.84997269,84.16855231,6.61448588,77.03421249,cotton
120,48,16,22.46054478,75.40989245,7.456971816,71.85436078,cotton
102,45,16,23.65629976,77.52425987,7.2942193,74.8984994,cotton
131,56,20,22.00817088,81.83896111,7.762647875,92.23645249,cotton
114,40,17,24.32630461,80.13456404,6.363406102000001,69.45072055,cotton
101,37,18,22.92360984,82.68738535,7.63737841,92.91915074,cotton
106,46,20,23.43821725,78.63388824,6.2006719760000015,81.15072105,cotton
113,38,20,22.10718988,78.58320116,6.364729934,74.94136567,cotton
102,53,21,23.03814028,76.11021529,6.913678684,91.49697481,cotton
110,39,18,24.54795322,75.39752705,7.766259768999999,63.88079866,cotton
107,58,15,23.73868041,75.77503808,7.55606399,76.63669195,cotton
120,60,15,22.31871914,83.86129998,7.288377241,65.35747011,cotton
89,47,38,25.52468965,72.24850829,6.002524871,151.8869972,jute
60,37,39,26.59104992,82.94164078,6.033485257000001,161.2469997,jute
63,41,45,25.29781791,86.88705350000002,7.121933578999999,196.6249511,jute
86,40,39,25.72100868,88.16513579,6.207459637,175.60866969999995,jute
96,41,40,23.58419277,72.00460848,6.090060478,190.4242157,jute
100,35,36,25.31042337,72.01364411,6.346715209,190.5577618,jute
63,37,43,23.41798979,85.08640476,6.661957897000001,185.7446728,jute
70,43,40,24.35564134,88.80391021,6.176860192,169.11680280000004,jute
67,55,44,26.284017,75.14640198,7.251847296,182.2685447,jute
74,40,40,25.13842773,83.12053888,6.386259977999999,169.33884650000005,jute
89,53,44,24.88692811,71.91711523,7.319735475,150.2498675,jute
74,46,45,25.75734909,88.36668522,6.025028997000001,189.4263485,jute
89,41,38,23.12844351,74.68322732,6.344751947000001,199.83629130000003,jute
60,55,40,24.9949957,88.95692783,7.02777956,151.4935635,jute
67,43,38,25.21622704,70.88259632,7.299304715,195.8645552,jute
70,38,35,24.39736241,79.26861738,7.014063944,164.2697011,jute
74,49,38,23.31410442,71.4509053,7.4880144039999985,164.49703730000004,jute
90,40,39,25.72668885,81.86171563,6.626503893,191.9649389,jute
82,35,44,26.96656378,78.21047693,6.239011,169.8391177,jute
73,45,37,23.70467146,74.63745355,6.742688094,181.2783964,jute
85,53,38,24.90075709,73.84186449,6.588017308,153.8990984,jute
81,56,36,23.39605743,72.60512854,7.097586415,174.78764109999997,jute
84,55,38,26.8748389,79.78725152,6.956682742999999,173.1017097,jute
80,45,42,23.1426498,74.99739774,7.380396262,151.9035477,jute
76,54,45,24.29496635,77.62976013,6.176618831,184.9800516,jute
76,56,39,24.39459498,89.89106506,6.551130445,197.1220049,jute
81,40,45,25.7629429,80.76238215,6.427726565,174.5071843,jute
76,44,45,25.4879684,84.48235878,6.740947635,168.7848886,jute
69,47,40,25.37122686,76.2403666,6.130136384,183.8270791,jute
82,40,45,26.21312799,81.70476368,6.667633355,180.1237765,jute
69,57,35,24.30748599,78.54340987,6.1868143920000005,186.2337571,jute
81,36,38,23.76554749,87.98329901,6.334837865,150.31661519999997,jute
67,60,38,24.79853023,78.53037059,7.16214284,162.2847429,jute
72,51,40,23.20683504,74.09956958,7.422318499,199.4766779,jute
65,39,45,23.66805429,70.89000744,6.768001309,184.4633281,jute
78,50,43,25.12417673,85.72530641,6.348441469,159.5718087,jute
77,52,41,23.89069041,83.46409075,6.097294061,167.72306319999996,jute
89,52,42,23.09433785,81.45139295,6.14132902,196.6587013,jute
62,49,37,24.21744605,82.85284045,7.479248124,166.13658859999995,jute
90,48,45,24.06475727,71.31342851,6.509174788999999,153.63902119999997,jute
66,47,36,24.85441411,74.44070479999998,6.57256106,175.572958,jute
80,52,39,26.41915161,76.85691248,7.165696848,197.2101782,jute
89,52,45,24.89326318,77.01222585,7.207457207999999,196.469984,jute
77,51,44,23.25583402,82.7015932,7.124333547000001,166.2160846,jute
94,37,41,24.7634518,87.06071115,6.4635387070000005,179.1630865,jute
75,41,35,24.97042599,78.62697699,6.856833064,166.6415254,jute
60,55,36,26.12797248,80.49172597,7.132389299,150.6326874,jute
62,56,35,25.97825807,81.65769588,6.235357637999999,163.3488091,jute
84,40,42,26.2830571,73.35763537,6.704273839,186.6898282,jute
100,56,40,26.38905406,83.31240346,7.433313409,176.1516409,jute
75,56,44,25.2746335,73.7459581,6.109478059,168.0432282,jute
78,46,42,23.09499564,78.45959697,7.095413294,155.3851533,jute
82,48,36,25.79351957,81.76904006,6.352076782999999,193.2418382,jute
100,58,41,23.17403323,87.88255345,6.6587699910000016,160.6217342,jute
88,50,40,25.63215038,79.95150917,7.0518224720000005,182.2582277,jute
67,41,40,25.84879500000001,87.81661683,7.333143205,152.6194403,jute
72,42,43,26.56767277,80.90424543,6.352771037,181.2915605,jute
89,40,43,26.24532085,72.97198375,7.124050134,189.9711184,jute
89,57,43,26.91515043,73.19897535,6.998787171,177.22330480000005,jute
61,41,44,24.36972377,82.11319791,6.537914957999999,159.92109340000005,jute
79,45,43,25.71901283,79.15532398,7.171054239,187.1735424,jute
84,40,43,25.01157559,88.33130229999998,7.228268227999999,169.4168014,jute
98,43,35,25.40785911,76.44048625,7.319952206,188.6372826,jute
75,36,44,23.28081,74.27607475,6.613341342999999,153.7447398,jute
89,58,35,23.98651719,82.09053379,6.096838784,167.0576456,jute
91,41,37,24.48556447,83.20630007,6.132570522999999,192.2316221,jute
77,48,36,25.86705009,84.09985284,7.36008498,154.83908469999997,jute
66,58,35,23.5643831,79.46283115,7.321619041,185.25947,jute
62,59,41,24.2248758,74.89465426,7.175170657000001,192.4931257,jute
82,35,35,25.49386782,86.97061481,7.299076163,176.5268267,jute
61,41,35,24.97178693,79.47557931,6.842966478999998,195.7571622,jute
99,57,38,24.80624984,82.09281674,6.356295567999999,156.3616174,jute
70,42,43,23.16814977,76.66724969,6.508342839,157.1215052,jute
90,59,35,24.25133493,89.86454053,7.098227926,175.1742112,jute
73,43,42,26.58361011,78.00774772,6.310699968,154.8238864,jute
67,46,44,26.82489244,78.20392774,7.093328631,153.91998069999997,jute
84,37,42,25.49674786,81.13449097,6.691074249,169.92882340000003,jute
72,41,36,24.09874353,80.57226761,6.187746776,176.8604109,jute
71,56,37,23.18866654,86.20899734,6.491506245,176.103677,jute
64,53,38,26.24347471,78.51063754,6.855362875,183.4065252,jute
65,54,39,23.75091572,71.14782585,7.124571593,160.0889553,jute
60,58,37,26.13871511,79.1188943,6.067302109,171.4892533,jute
86,39,43,26.14576648,71.23690851,6.432051512,193.1007598,jute
90,50,44,26.91643698,73.48655995,6.253408852000001,171.4716375,jute
91,38,36,26.5232969,77.17331847,7.287318722999999,157.8548562,jute
87,48,38,23.81579631,80.94023552,7.161865733,190.312216,jute
72,41,36,26.50838667,86.84264005,6.065898282999999,152.9801697,jute
71,54,35,26.63952463,70.95705996,7.311077075,199.3355744,jute
82,46,41,23.325013100000003,79.79609448,6.581693772,187.3096148,jute
71,52,43,26.47549543,73.96164569,6.732826127,180.2513601,jute
80,43,43,23.78756036,74.36794079,6.014572075,172.64426540000005,jute
77,55,43,25.49941707,75.99987588,6.663559451,193.71418280000003,jute
95,57,41,23.24925555,73.65346838,6.434610995,184.7674863,jute
63,47,35,26.98582182,89.05587886,7.432768147000001,193.8778713,jute
93,43,38,23.61475336,86.14290267,6.987332927000001,150.2355238,jute
87,44,43,23.87484465,86.79261344,6.718725189,177.5147313,jute
88,52,39,23.92887902,88.07112278,6.880204617,154.6608736,jute
90,39,37,24.81441246,81.68688879,6.86106911,190.7886386,jute
90,39,43,24.44743944,82.286484,6.7693455,190.9684885,jute
84,38,43,26.57421679,73.81994896,7.26158085,159.3223075,jute
91,21,26,26.33377983,57.36469955,7.261313694,191.6549412,coffee
107,21,26,26.45288458,55.32222678,7.235070264,144.68613359999995,coffee
83,38,35,25.70822684,52.88667115,7.18915558,136.73250919999998,coffee
108,24,31,24.12832546,56.18107663,6.431899747999999,147.27578180000003,coffee
116,28,34,23.44372334,60.39523266,6.42321105,122.2103248,coffee
116,23,25,23.4123707,52.26994674,6.869720196,139.3670753,coffee
109,31,27,23.05951896,50.40609436,6.973839707000001,164.4971875,coffee
89,25,34,23.07895447,63.65861483,7.184801627000001,129.8765443,coffee
118,18,32,27.6496114,51.11044023,6.351823783,122.8392822,coffee
111,32,34,25.46743689,69.35161206,6.392048018,171.37644619999998,coffee
84,36,28,26.7350622,55.55164819,6.119892347,140.63052130000003,coffee
85,33,25,26.20811417,52.50987966,6.910823945,189.0944824,coffee
99,15,27,27.0424167,57.27927475,6.501157208,165.6872119,coffee
81,30,31,24.65090184,51.93952357,7.027585558999999,135.1386537,coffee
95,39,29,27.35152643,55.99375012,7.13411409,148.98125249999995,coffee
81,34,30,25.17787724,62.26244581,6.6477659970000005,135.0119649,coffee
80,15,28,23.11438731,68.00096043,6.703270635,161.8944624,coffee
104,20,26,27.22783677,52.95261751,7.493191968,175.7260273,coffee
109,29,28,23.26316991,60.51600210000001,6.724688502999999,194.1755471,coffee
100,32,26,25.234661,57.53161469,6.043485685,124.2261737,coffee
100,24,28,25.59535262,57.72920846,7.101661011,195.7733251,coffee
83,21,28,25.5674832,60.49244602,7.466900682999999,190.2257843,coffee
120,23,28,25.67324193,51.29043632,6.877799264,196.2736367,coffee
104,26,30,24.40726724,62.65692638,6.410992833,148.6977358,coffee
108,33,31,23.69287069,66.76090123,7.393825704,144.6576424,coffee
91,25,26,24.53460016,66.99765375,7.482414225,180.5059257,coffee
86,26,27,27.13140403,52.89368299,6.081172981,192.4280381,coffee
98,18,27,27.56088634,68.49299897,6.516312148,167.43580749999995,coffee
111,27,31,23.59302313,55.27564977,6.0433309510000015,191.3980675,coffee
84,39,35,23.17714381,52.13864034,6.959404135,117.3113562,coffee
98,27,27,24.71384065,51.29142534,7.238109556,197.6439711,coffee
118,21,34,24.38534644,64.72543073,7.234258375,119.6324109,coffee
103,27,31,27.15998538,51.59100753,6.691541233,126.1752206,coffee
82,24,33,26.53543168,67.09608099,6.809593554,120.6494434,coffee
86,31,35,27.01207284,60.76645256,6.485761419,191.4508931,coffee
88,35,35,27.55906475,58.45742907,6.784460602,117.9389993,coffee
84,27,29,23.32293161,53.00366334,7.167092586,168.26442869999997,coffee
120,40,33,24.23850608,54.30329632,6.73410539,115.1564012,coffee
106,40,30,23.42611644,64.10651528,6.779984384,122.6847408,coffee
113,21,33,26.02241444,55.83288958,7.277422737999999,176.90209240000004,coffee
117,34,25,24.83846178,56.7685316,7.21270048,124.4135035,coffee
80,30,25,26.24092174,65.64381357,7.487266991,148.37712019999995,coffee
88,21,27,24.43011925,66.02411187,7.231166546,181.6368274,coffee
113,33,34,26.00373964,62.144510200000006,6.559817161000002,153.477776,coffee
87,23,28,26.22367404,62.26594559,6.979590627,193.7461968,coffee
113,15,29,27.09617155,63.55324262,6.779230041,190.2440566,coffee
98,29,30,25.64004392,61.03273481,6.217974349,199.4735636,coffee
97,29,27,27.74576987,54.36976075,7.205078785,139.8619431,coffee
85,35,32,26.24928198,54.28617819,6.854011265,133.1120232,coffee
82,29,35,26.67377159,52.24226285,6.246872394,156.15438980000005,coffee
103,33,25,27.10210397,55.74973320000001,6.911066044,139.5013171,coffee
112,17,28,27.62975458,61.26002598,6.777417989,196.6492664,coffee
99,19,33,27.536454700000004,55.51673151,6.273741983,130.6377143,coffee
120,20,34,23.56960509,50.56339727,6.906124587000001,130.3797119,coffee
114,27,28,24.99451759,57.93250202,7.162802357,192.8736822,coffee
100,40,35,27.56441788,54.41094079,6.9557873510000015,177.816092,coffee
108,35,25,23.98143338,61.10935084,6.971963169,161.5279095,coffee
115,31,30,24.22984659,67.37768353,6.840927967000001,122.4073418,coffee
87,28,30,25.60153969,68.66257977,6.536676653,168.8383605,coffee
82,24,26,24.31274458,53.57285558,6.089443602999999,184.4103931,coffee
94,26,27,26.36629861,52.25738495,7.456460375,177.31761609999995,coffee
87,28,35,26.5602777,57.1621814,6.759211911,152.0616227,coffee
118,40,35,26.35034208,58.50650238,7.460174812000001,121.5586297,coffee
87,38,29,25.20406808,57.88370456,6.652642579,156.1457255,coffee
92,40,30,23.35723208,55.18792166,6.026287448,171.6976946,coffee
97,22,26,23.60567546,59.68849145,6.074190142000001,185.1568059,coffee
99,40,32,24.18471151,69.94807345,7.0455430560000005,163.27087319999995,coffee
89,28,33,26.44414097,53.83876189,6.9932360010000005,175.3723314,coffee
112,39,29,26.12492233,63.37479229,6.726528895,147.8035305,coffee
111,28,26,27.77363343,64.47858698,6.937352845,192.7121236,coffee
114,20,26,25.55656667,62.67087838,7.27905689,193.5866233,coffee
117,26,30,27.92374437,67.96910852,7.079850922,115.2325531,coffee
111,29,31,26.05968403,52.31098539,6.136286518,161.3432535,coffee
119,30,28,26.35770906,64.57578034,6.5052036960000015,163.62694960000005,coffee
116,40,33,24.91370487,54.15319242,7.042089492000001,129.5481144,coffee
95,37,35,27.31317116,68.42333909999999,6.348337518999998,192.4288139,coffee
86,40,33,26.1387869,52.26311691,7.432322234,136.3027766,coffee
117,37,32,23.1069385,67.06230539,6.787658922,162.57696059999995,coffee
105,18,35,23.52648086,68.44030686,6.743417121,171.8839938,coffee
109,23,25,25.11711046,68.48030408,7.00733163,194.8773479,coffee
80,18,31,24.02952505,58.84880599,7.303033217,134.6803969,coffee
101,31,26,26.70897548,69.71184111,6.861235184,158.86088869999998,coffee
103,33,33,26.71717393,50.50148528,7.131435858,126.8073984,coffee
93,26,27,24.59245684,56.46829641,7.288211994,137.70440469999997,coffee
104,35,28,27.51006055,50.66687215,6.983732393,143.9955548,coffee
116,36,25,27.57847581,58.52534263,6.172090205,156.6810374,coffee
107,38,29,26.65069302,57.56695719,6.35118177,145.105065,coffee
101,33,33,26.97251562,62.0183627,6.908671378999999,142.8610793,coffee
107,31,31,23.17124551,52.97841162,6.766184468,153.12016440000005,coffee
99,16,30,23.52652084,65.44340921,6.392791654,186.1728203,coffee
103,40,30,27.30901814,55.196224,6.3483162570000005,141.48316440000005,coffee
118,31,34,27.54823036,62.88179198,6.123796057000001,181.4170812,coffee
106,21,35,25.627355,57.04151119,7.4285236339999985,188.5506536,coffee
116,38,34,23.29250318,50.04557009,6.020947179,183.468585,coffee
97,35,26,24.91461008,53.74144743,6.334610249,166.2549307,coffee
107,34,32,26.77463708,66.4132686,6.78006386,177.7745075,coffee
99,15,27,27.41711238,56.63636248,6.086922359,127.92461000000002,coffee
118,33,30,24.13179691,67.22512329,6.362607851,173.32283859999995,coffee
117,32,34,26.2724184,52.12739421,6.758792552,127.1752928,coffee
104,18,30,23.60301571,60.39647474,6.779832611000002,140.9370415,coffee
118,85,32,17.310942099287153,52.68658617494617,6.059765581638855,92.85449534073504,wheat
111,88,51,22.21257173448584,42.21463723122427,6.089906889485527,94.10506979622804,wheat
101,74,46,21.888256782284653,51.15751158999965,6.279826378993313,70.10145618774658,wheat
105,71,44,24.910021633673374,57.80928501831113,6.974360439462468,82.00229135544959,wheat
107,84,50,17.21818159448179,46.19009568965243,6.654799531551461,78.60559276338425,wheat
121,74,38,20.991681033914343,46.76108552539925,6.817410589240201,62.72563923487692,wheat
79,69,49,17.457381028721123,47.11552173069107,7.098448714782267,91.85323944169052,wheat
105,80,40,21.00067923401409,49.106992765021154,6.363428606908291,77.08724026146541,wheat
96,97,49,20.43523291996596,53.19790382822944,5.650707805349184,85.10106512621851,wheat
102,73,25,17.00551263335577,50.24854105218293,7.142493269624072,70.85502227052486,wheat
93,65,39,18.225044907234317,50.611358632903936,6.405879492903861,70.77433283066124,wheat
118,77,31,18.9544245290032,52.17882764000096,6.556483351944132,87.62087882397256,wheat
105,73,28,16.869887223283175,53.72392806133463,6.252312995323044,102.1228219938162,wheat
104,83,32,17.445158536603657,54.89890487000849,6.149140464472223,52.23948268095996,wheat
104,72,36,19.276697685964564,49.52225514082023,5.951101742846731,37.238253619123896,wheat
113,83,41,20.31652064254875,46.97332458054804,6.942753234865791,69.29842031666875,wheat
114,66,46,23.9523203676278,57.41259651308719,6.38843250478303,109.1536827634286,wheat
108,86,34,17.158938911225377,55.93375399981757,5.658747067351424,87.18314472940936,wheat
116,70,40,20.802336446001963,59.136365925266496,6.66050146851111,47.01239104145185,wheat
120,87,28,20.00547081451994,49.22701222617315,7.147299651935608,48.43423462261647,wheat
97,81,48,20.53165565739473,57.913317052985725,5.622019391096041,79.51154573499605,wheat
97,97,27,21.756939853873472,50.82531412648986,6.627518264017057,60.82416545795122,wheat
140,78,42,18.483232810503807,57.83151883682152,6.427148590234884,84.4484833122114,wheat
97,82,33,16.957786930078704,46.051935219682974,6.794291772054496,72.19935327653428,wheat
104,95,41,19.636953384466885,53.5850601197297,6.2722124005892566,97.58808938569624,wheat
115,69,45,19.04065198255112,50.69674178883642,6.782744007585004,81.68532789511404,wheat
102,87,46,22.55959934387173,45.52196650750106,6.179141579697506,90.6295695907692,wheat
96,79,30,18.831007725724817,37.521197338392966,6.805940071056603,51.91746239302252,wheat
109,88,39,23.59933425930893,48.34848809339172,6.31165109222359,82.90394195547033,wheat
113,76,31,18.734356090608333,43.50832998469589,6.527143888481373,72.59206169097168,wheat
95,78,40,13.2650664331053,50.4714826533466,6.641829970798505,92.89030130218848,wheat
109,80,34,19.383323447367328,52.5068757609304,6.632297700394261,49.05628264704259,wheat
116,88,41,19.781886542624747,60.48954542011074,6.397880773193348,103.12316569210418,wheat
103,75,33,11.669882105701266,43.71689295199985,6.394345897019706,45.65430820933166,wheat
102,81,43,17.74965055262646,44.55636261379088,6.6868519054095135,35.19253124456986,wheat
100,77,34,19.027580557465136,51.58425497341538,7.243916456500427,49.84446362911065,wheat
108,98,39,19.69645864894935,47.321203647029584,6.753443410217019,77.58620757533316,wheat
83,93,51,16.464939579029355,52.90083737162296,6.156865715984892,73.90273407117014,wheat
106,66,35,23.266687307064853,49.78575479288328,5.921483507252057,67.72209094021446,wheat
107,78,40,20.04118541591943,51.088997111099005,5.930627779075556,61.46068994935092,wheat
108,77,41,21.376530614063523,54.11411463770675,5.971588339538751,58.0625106495157,wheat
100,62,35,21.67017811252373,44.06099677405881,6.776877460873198,93.0316289057596,wheat
132,74,39,23.142222419058463,55.969246756002526,6.782226608841482,74.75456243324851,wheat
116,79,34,25.099854695697733,59.16295531071809,6.946314436858744,57.01733181286862,wheat
118,94,40,26.62400934462163,58.42625795082907,6.320682360205319,84.66925825789035,wheat
106,77,52,17.918281253463316,58.46937566551655,6.980951589366855,69.61854913827214,wheat
114,83,39,20.02535225144182,46.84208152352861,6.913461931806875,82.19345850513307,wheat
110,69,42,22.55380228704138,51.252621105632365,6.5947789254711005,74.17785735365588,wheat
106,77,43,15.369788965522062,52.29931773100597,6.204271908340573,60.75409851578412,wheat
119,85,40,17.821355881749636,50.98531948390968,6.816158372353609,91.69429294353588,wheat
119,81,33,23.00954383195078,52.45645209186131,6.5676575939968105,77.0954484444989,wheat
102,74,41,18.864680466719797,45.156958841035326,7.237951346134995,87.4162235821707,wheat
117,76,34,15.320843872416273,58.3470187185456,6.774186961948732,79.07115642734306,wheat
113,76,34,18.609934733673693,48.97146496154441,6.904860344563833,71.19217483365111,wheat
121,78,50,21.08407213799866,52.6432811983654,6.785288146186423,73.039056404343,wheat
116,102,41,17.67650439698213,60.54701161358035,6.792359794149081,62.51583580043047,wheat
117,95,44,21.893810736697468,52.23035056165195,6.564644218203505,59.17349663875047,wheat
107,78,34,18.564663005295344,47.324687166917016,6.530855899575565,102.6926752701863,wheat
109,72,30,17.701411242951643,44.5572822101604,6.066600394865823,76.62601767865782,wheat
105,92,32,19.879416501697825,56.192869346541336,6.50932574202963,68.72191493591667,wheat
102,78,48,21.04070852424397,49.54709231793164,6.806405711468561,82.87619366752213,wheat
100,83,50,23.864545751136877,45.71960406491523,6.451156738444522,75.34436104581484,wheat
97,77,33,22.659253744096336,40.781401421102736,6.338297763264002,64.44603873582868,wheat
105,72,35,20.14221109307463,45.99086041553789,7.19376732015542,98.23574310918548,wheat
106,91,50,17.443410495126177,38.807335471942274,6.974049809344683,78.90181914109121,wheat
104,83,40,17.25684528965575,49.95142567144557,6.861532430760035,37.20308607028095,wheat
111,72,54,17.500734897429798,54.96410968170353,5.97912485879772,54.17612811797533,wheat
101,80,38,16.771555104195926,48.391460368342415,6.282096939034126,79.36569023708823,wheat
110,77,31,17.561737597663544,60.83024547410591,6.400602342947199,62.70313232764445,wheat
131,76,44,18.60627902134592,53.49574235574015,6.67829319982186,65.15956757297144,wheat
110,76,43,20.775082461636817,47.42975558614292,7.41621248642514,65.67556964468983,wheat
107,78,44,22.29692344326232,46.09923826679971,6.61682168191779,95.4481788137135,wheat
117,72,38,22.91051077885033,44.81265881982002,6.656240251421855,84.90098916375818,wheat
120,69,42,14.46311702137418,55.61411666015303,6.561739885477703,67.03830188524556,wheat
113,89,50,22.23883101349267,52.31414886088452,6.549605423042882,81.41219272739845,wheat
107,69,46,20.592001543250927,48.47466625146447,6.1658004352143205,89.25623622807703,wheat
111,92,44,16.1872307630019,55.36415561638381,6.524917642607448,84.46010893668745,wheat
114,86,34,22.487498951093837,47.66225050474827,6.790540788918716,69.55860517705425,wheat
117,69,40,18.78239075074264,40.13034807522529,6.3944932174171045,66.12665637697805,wheat
112,82,28,22.56053404603445,51.09370394012004,6.383571929765139,68.49360011713844,wheat
118,90,44,21.9940138483114,49.12562479650334,7.395971356678824,117.98085027001856,wheat
112,64,53,11.7715268519855,45.58825991997303,6.069924790651085,89.1564054361636,wheat
88,100,37,22.94830409437567,52.15841845551398,6.420820767347344,85.9445104642207,wheat
108,90,28,21.16167245594108,54.57368629485482,6.341623445308289,78.04153930970192,wheat
102,84,32,21.29013555317225,47.16506659715955,7.007957965979098,96.97412502747588,wheat
115,89,37,18.696354970855893,54.303320064135136,6.160734210394889,76.01036488392946,wheat
115,83,46,21.611780693384105,48.64752974107464,6.652218322449003,57.63049690014131,wheat
106,76,39,21.383561215895654,52.01649550449477,6.358310728380423,71.09673704215768,wheat
126,79,26,22.81457861829298,45.91004986325859,7.131866009422591,63.89690880162455,wheat
94,69,35,18.452072022736004,48.08685676813224,6.832421681328404,65.66054370121853,wheat
91,81,44,17.16361531276113,50.42496322148878,6.815276250612115,71.15653969452343,wheat
119,79,43,22.34266958326657,45.69984951276854,6.3103749185939,58.14134129630115,wheat
116,82,33,17.049276814420434,46.02466845766611,6.235000927489524,47.85487681652383,wheat
117,76,40,23.06506821330528,56.117439174449935,6.87199768447184,101.83281241131452,wheat
83,75,44,20.068555399355905,43.84609672805887,6.242100530365176,82.16958260375846,wheat
128,73,36,19.08709104944124,38.47287906133097,6.11606034767849,79.19925469004596,wheat
112,81,37,19.44242338576741,52.23014968425983,6.548857339220838,45.98898725377072,wheat
101,73,43,23.04390234543617,51.36793665125081,6.932352534374242,68.8146816737899,wheat
107,93,30,17.540235742722714,49.23722192016199,6.426884774929362,93.22094752997788,wheat
104,74,24,21.19498831971996,45.78935384854421,6.356980697815145,93.87045360797674,wheat
114,47,142,20.507546347012138,90.04063780416092,5.410539342984565,101.45166239986122,potato
112,58,147,15.076173670456992,86.60501011864655,5.449171680508014,120.31380886148766,potato
98,62,135,18.031939838910148,85.76716760827085,6.205901559371364,104.13146307328844,potato
111,70,131,15.67558426128227,83.75058911842477,5.672981508355314,87.53861213247528,potato
139,62,129,20.239764615503702,85.97007103755604,5.862449536857711,76.95874055263619,potato
110,45,129,19.57490782311145,90.5359173279188,6.256749639866173,72.52550788083514,potato
108,42,116,19.24711318437304,94.98549356476092,5.0021559299523135,74.83291862710385,potato
108,46,128,23.65516192246634,82.59746161332565,5.287318585104792,97.97197253200824,potato
103,48,124,18.625397000530477,84.79119826066962,5.657495171629994,79.91681098799668,potato
96,50,126,18.41332341384173,88.43178874952403,5.178778020474681,80.8889672117209,potato
110,54,133,17.64432194204213,82.04013626681802,6.153621435428719,68.77009644965982,potato
101,48,130,17.782446018579034,94.4353994200252,5.352384020676096,48.18182518450984,potato
104,55,135,19.136412950337064,86.67104752091451,5.348528387563463,99.02523895165736,potato
96,51,144,17.27163810300012,85.42706745972204,6.265466428062664,81.26638651509465,potato
83,57,122,17.42951155744783,82.03158440302535,5.545864850555269,93.12331174628592,potato
94,59,125,22.743298902103334,81.03130721479927,6.000581275233619,80.32137293007683,potato
84,45,136,19.293267685693635,86.63144070787136,5.497169870686094,113.00601172939254,potato
95,50,137,19.0763765815034,85.04469501552248,6.047045039022066,69.92905463274127,potato
111,50,121,20.92278731953057,83.51650357398893,4.426710022985164,82.85565995970498,potato
89,42,142,19.149264144848217,84.85062845119387,5.466393533527224,108.7624899933772,potato
96,68,113,13.118709247961675,88.2468081674167,4.996394740528588,74.00790774528515,potato
94,60,123,16.512287564464387,86.26070709711496,5.986300399001768,77.80410011725048,potato
100,50,131,18.430584524069605,85.47227187340177,5.982413400006908,96.2111644023502,potato
103,57,146,19.797101483209964,91.57744765562512,6.07756425844065,111.23444100886188,potato
92,41,130,16.552957645811368,82.60936581408203,5.912970562025234,111.7050686024347,potato
107,50,133,21.545787479125444,80.42340670747969,5.361527161956326,103.68540856384853,potato
112,38,114,18.87085637372482,78.35036314139171,5.138192705481691,78.71197112203728,potato
118,57,142,19.627288237566663,84.15249308658046,5.221928608325806,88.99344015731803,potato
96,52,138,18.47750288736214,90.060839249292,5.322287018032715,59.73475049950214,potato
102,46,144,24.67150365049093,82.01409827487089,6.1049750181624205,90.28270495864638,potato
97,52,120,17.239851932926914,97.36392176316032,4.887585202651108,84.3878880939293,potato
82,60,136,17.168022906247984,84.72864018347131,5.886729839480503,101.51888384207965,potato
99,45,129,19.3908237409234,86.6680658099514,6.085071323360321,69.21725560105394,potato
103,48,133,18.72022780286828,77.08865583752292,5.099970386648084,100.46736031193016,potato
102,39,130,17.80469905017826,85.35858079623341,5.25941874631783,91.899622828648,potato
89,38,126,19.422073537622804,88.48403340548634,5.491790381374445,93.1392030741305,potato
102,40,144,16.909353177069594,90.14808427987752,5.879915831374503,51.29276854562704,potato
118,59,140,17.55968340314658,79.4397802565663,6.162080877850068,81.99607339519754,potato
87,47,127,19.157948761833524,77.99480761072364,5.85101531544597,82.09041687553376,potato
117,40,129,18.43783808061939,85.92988486125965,5.713896552679313,101.54734939098655,potato
105,53,126,17.801384529338236,82.42423923848996,5.142175872172923,74.31747572840533,potato
94,58,121,18.008711878714536,88.14269589897268,5.712772586257276,93.15918959469656,potato
91,52,141,18.912595535365742,79.87908928629382,6.017439059587536,96.2701963468828,potato
94,60,145,17.924623907606488,70.34737813027154,5.737424576183324,116.8425366574152,potato
88,58,118,18.5065478196496,88.5947545455741,5.596066647508586,102.44584791449986,potato
110,38,133,19.29594673460716,86.1688147077704,5.385955070665126,119.89333492725572,potato
105,46,123,17.631069250055212,84.42644618646978,5.179903455973858,74.73672133951281,potato
97,55,126,16.1301420892291,80.74593335681759,5.09219237050099,79.03005539516867,potato
90,56,112,21.059203770266866,82.4447366377242,5.861835132386545,107.7977445363672,potato
87,50,122,15.594536804972602,85.15609720425498,5.777081394205702,82.4959502183373,potato
101,59,130,17.794398049501886,76.61061450305614,5.521492934257816,43.22812291255229,potato
83,53,114,18.15472077166732,86.55905554320272,6.068328208334577,119.88660304954584,potato
106,58,135,14.04753236226798,88.02593277126759,4.96458051147934,86.92892765054232,potato
94,47,146,23.205674206535143,81.2532013555195,5.782218593077388,79.00636552303921,potato
108,49,135,15.233572674896385,90.45805272510788,5.601982005826455,91.10502194950551,potato
111,49,136,16.454781381187058,76.413928146315,4.73045296147134,93.08831199486048,potato
101,64,129,17.512320253681416,78.00369242076445,5.883729227413143,82.54034460868178,potato
96,51,146,15.056993929085664,81.47078611048742,5.1877508014070886,108.951663946138,potato
81,36,134,19.024205407073385,87.93920603407865,5.535962686463006,69.5470713863981,potato
85,41,130,18.054387334480943,82.68307618456673,6.697698795344832,108.85882999207423,potato
98,34,140,17.445122675528946,89.20423931133824,5.81993037300755,107.0557025948932,potato
90,46,134,17.95987602312516,78.75438866983697,5.163426051147083,114.95955776750652,potato
90,58,130,13.362152438468907,82.26651655713675,5.928081965620505,125.38143880705444,potato
100,47,132,16.009765211540845,81.21785275539416,4.753848243743534,67.30049693499576,potato
97,54,118,17.057054370764632,81.70775337581455,4.860362927714382,83.39746939819447,potato
102,49,130,19.799918426929704,85.54640148305822,5.805904908161849,73.91274484804768,potato
97,51,140,15.655498252448908,76.94631433692146,5.49146944575997,96.08266438036574,potato
90,52,123,22.57271847846536,84.12327289190935,5.565113092742134,97.4737806054184,potato
98,63,134,16.121906148871435,88.44301114038761,5.837574111088734,86.95009664884822,potato
101,54,123,18.20540531781258,84.30017023473197,5.8784684939336005,85.00001746393671,potato
116,44,140,19.40440235007809,82.03486742543656,4.336649023285729,102.29623320219795,potato
109,37,127,15.661784321612195,86.74420297967066,5.459391012927036,91.96781694583416,potato
108,44,142,20.062865287927284,85.47501820060565,5.364096594713617,86.08452331300988,potato
107,43,140,22.98253671808109,89.47638966778159,5.265947096817959,117.07475453731058,potato
115,44,132,15.522863462144556,74.30594140905262,5.494336082673101,96.35787112331752,potato
95,48,121,21.752826066457068,86.30768487521502,5.78655627280064,84.03546967930768,potato
117,53,129,19.65888649016161,86.20435800257611,6.0380785826369365,92.82813574592242,potato
96,48,125,19.32954821402772,75.73725361383227,4.822854696057402,105.45682053857506,potato
81,56,129,17.723045321188017,75.9500908590613,5.661627660951696,87.10819092440113,potato
110,40,127,18.5443672943256,82.2433190282411,5.636993356563783,98.77314082369725,potato
105,52,118,9.370736785358394,83.0951655784826,5.211273179376699,71.30848792267243,potato
110,56,135,20.045140697893324,79.60152620817892,6.000100810610846,121.12674882733424,potato
108,57,135,18.6100875523885,78.07753928619545,5.533030468030808,89.96356404168783,potato
103,56,126,18.402895493040912,87.22105470373275,5.921735852297887,84.2686549886562,potato
92,50,129,19.13905028504482,85.88965313996799,5.618575448846979,118.77617291949258,potato
93,29,117,18.714027996497165,82.1575404671978,5.730644135498911,119.71568517338042,potato
104,46,146,18.020262213775595,81.62931569981386,5.875727299602964,86.18530975314533,potato
81,50,119,15.846058038952664,91.48489165385274,5.3480654523662565,101.20426649604956,potato
103,47,131,18.892583249350515,87.77130436065202,5.324182275985494,84.6470858160636,potato
106,45,121,18.68857624165393,83.81565749334172,5.021361397622201,96.4992602627314,potato
109,57,133,17.831822004288863,82.81836086859565,5.085454676672253,103.77062838296072,potato
93,47,123,17.41566196345636,87.37336300333216,5.305771403730138,94.70970370398824,potato
81,58,130,11.57164041358252,79.04212424908896,5.622978800254103,108.21109618518176,potato
103,59,128,15.988553730446398,92.5809559391499,5.897587964794111,114.95445339047735,potato
83,46,121,16.985298328154485,86.92075976798945,5.320630502337564,80.88390479430706,potato
107,31,143,14.26496651510391,95.7501304325908,5.732191953032549,126.90045918313224,potato
96,56,117,17.518220860106464,91.14291411647172,5.181888084451118,84.07988289684577,potato
104,59,140,20.80806229930659,85.91149496604409,6.040353070908297,99.43639550798878,potato
100,44,125,24.59714922620425,83.85351019258928,6.025231894654841,77.51605984176516,potato
114,50,130,18.223426627894245,80.11503275801205,5.239111109317727,76.62482095881644,potato
89,42,113,26.703478953312956,76.29778898181337,6.219828395435529,45.26121412807115,tomato
87,47,109,27.05280320513302,72.47752831514892,6.065963918245403,67.49729597444006,tomato
81,41,122,24.682400126622035,64.82215974416539,5.5427317830535365,64.52995096284913,tomato
73,29,131,23.759524915364214,69.27029787414074,5.699671798470253,74.15510151795806,tomato
87,35,114,25.50863023986716,72.39899331222149,6.512158546182595,62.36000552874727,tomato
84,43,118,22.85305243919126,60.014220120570776,5.904292023237607,74.29771463390459,tomato
83,53,123,25.303343751516252,69.01052364626184,5.947408091882783,51.85916162201735,tomato
95,32,119,25.099090741608748,67.46799168058143,6.021189866540563,62.21054670413486,tomato
73,29,124,25.43869722709822,74.9018761371339,6.220087307120388,37.74227477705884,tomato
91,43,116,24.994294814420424,77.18309238523689,6.27971037297694,70.2717550631095,tomato
109,50,128,26.91528112981362,74.71195095163766,6.427527535012622,63.85887623804402,tomato
81,42,120,26.371069376685387,73.39938447631384,5.614216502944777,72.51793989001126,tomato
97,41,120,28.6940044399313,70.66075173767906,6.368443173046731,43.91739270143809,tomato
88,35,114,25.73468481269289,71.57286729527783,5.907789165176911,27.332486310027758,tomato
102,42,114,26.921686866828598,72.71186813110732,5.325947275457186,78.85393009225774,tomato
99,47,137,23.379614525919624,74.69226897469858,6.399489693612597,62.75033899924409,tomato
66,40,124,28.817683663611067,66.68774645116008,6.626322933088438,58.17168005615717,tomato
101,36,123,23.190594264858237,57.06855741070194,5.8837332924203,39.41430613053877,tomato
87,37,117,25.899752616848005,70.7058698085926,5.985538586476814,77.06534308497652,tomato
81,37,120,26.2439340271803,73.53294078938109,6.654465746376716,84.99230584616326,tomato
87,41,118,22.9751201227694,69.71425807185408,5.181329209541211,57.5553652268618,tomato
95,32,123,26.50753143856365,74.64270288839259,5.821569565259377,58.74703697805113,tomato
83,44,126,24.90116597538914,65.42269169555328,6.397477633000953,91.5977049556924,tomato
81,40,115,26.021139873157388,76.55666990312999,6.1753933891604,67.4978483173489,tomato
91,34,119,21.702849104514733,63.872646421207406,5.912484239100771,68.30886053941451,tomato
85,26,116,22.25131436573887,66.13983964639934,6.10862362953428,58.67477153975124,tomato
98,35,122,23.97460989827417,69.82664712345867,5.808838248405216,65.95332399378381,tomato
84,44,118,29.562362468753232,72.82692090064144,5.965292848879364,75.62174833641764,tomato
85,38,114,23.61278043194648,68.92425903636463,6.030885630673721,57.75745404911323,tomato
100,51,119,28.36091340102865,71.54541463286562,5.911017411856448,89.76090193636249,tomato
69,39,121,28.000554634995524,65.27260366625026,6.9200107261405694,43.51026301482312,tomato
112,45,100,30.52666979433084,71.1370110379541,6.566523713623882,53.629056244198495,tomato
96,38,105,29.14498975144362,72.78614119895249,5.308443845285511,69.78612700355865,tomato
72,39,108,26.901904890323102,75.18547906344614,6.000835963855132,63.70527689326798,tomato
76,51,114,21.69494007266452,76.50957198859281,5.422892297904914,84.88382023558708,tomato
76,49,127,23.291553399223748,70.42744703870025,5.500503471512405,65.04711116984254,tomato
83,47,117,25.762044053154305,70.2642384873557,6.065953771559887,67.05249571149356,tomato
85,36,126,28.346231921416607,63.11154714902068,5.545826358508169,64.70597527955269,tomato
96,29,125,23.8323098160864,69.42199716284767,6.470796423085748,67.04880408417299,tomato
82,38,112,27.63844203291033,72.06661865102605,5.770027520065377,75.69201492270358,tomato
93,30,103,26.58946242540766,69.71007592122118,6.060072751498258,52.25284924345242,tomato
81,34,109,26.345009956445125,58.7406473922045,5.864041980329321,46.72415947681508,tomato
69,25,115,27.60479975651087,70.68560572603522,5.774127298965629,50.8796750817837,tomato
93,48,125,27.21234702909137,73.08162608169056,6.202000453575281,79.1580273641015,tomato
89,22,117,21.672019332233145,74.70964955575812,6.585210572215387,57.38224608762284,tomato
92,32,113,24.63915373474492,73.66124153348366,5.7799353166730665,74.04534032053985,tomato
75,49,127,26.650231043753948,67.90645193108249,6.301683373328792,60.24670164022494,tomato
89,31,115,22.00359053194557,75.08444796509949,6.233925092422832,64.4600560324728,tomato
89,44,117,27.09521952922941,72.72021450966128,5.737022556732337,75.6779817216218,tomato
93,40,127,23.24617126538864,69.49757069906155,5.661883164994412,74.10726321260859,tomato
92,40,112,26.97872137818456,74.08721256941926,6.308677606967457,70.05897813864075,tomato
98,36,116,28.315633901807004,58.30308917639477,5.305327366006814,63.15680771825952,tomato
99,31,125,24.576265881661403,70.89904964745698,5.447562788426318,78.33462647669666,tomato
93,26,120,26.448472825172807,72.92665671068048,5.950891535892343,58.09588788135009,tomato
88,39,114,24.54417183919673,75.95508234794066,5.702929305433978,75.10932733727255,tomato
95,36,117,23.415333278599896,75.66857634096408,5.603908113324355,68.52034621707631,tomato
78,32,123,23.88396054677977,74.12368948050603,5.775867335500054,43.90711467794745,tomato
71,36,111,23.735703658855066,64.21081380412781,6.201602632317889,44.439442497426825,tomato
97,43,110,25.283949642820005,72.99233546131234,5.927935618009403,75.02648731574692,tomato
67,36,124,26.320495973572932,75.72510192121291,5.513624553935468,86.08255318290142,tomato
97,38,116,24.31423942120615,60.591459812784734,5.146479016898311,93.3472126213477,tomato
82,55,107,24.83421612387144,76.30467646603137,5.5877268970867,62.3533431686253,tomato
99,35,118,23.439853156097968,65.53191063799937,5.97808817895818,47.370807469736086,tomato
84,34,114,23.015563585421287,57.71463796377642,5.748842734454612,57.35935494046291,tomato
91,43,115,26.448952477539084,73.21045571508759,6.199216076514164,41.948274726799525,tomato
80,38,117,26.28430171535256,69.33070289939339,5.628520643770957,36.07170361109114,tomato
108,41,109,23.04318641274572,71.29635727573415,6.28020212523674,52.95531826588988,tomato
68,41,120,25.32818458983435,70.80971268163118,6.549194567384268,65.2689187716523,tomato
109,38,125,30.645381685127425,64.80396223592179,6.461630257656358,63.16939751294054,tomato
89,38,125,25.27397091591163,69.52224221963985,5.96749242132281,60.71884558013681,tomato
73,35,113,25.51445064374948,67.02690448087964,4.525773474678586,57.61421437050712,tomato
82,41,114,22.772853835987725,66.15568858672745,5.415208368796011,40.89566370895669,tomato
74,31,111,25.80348140314268,67.2446741185184,5.89899778776465,96.50133197455918,tomato
78,37,114,19.730023730814874,74.8547113661139,5.414208717322971,49.42803034980263,tomato
75,33,133,24.02114726974833,72.16033026735003,6.257888828494002,49.71506862182223,tomato
95,43,121,24.28330747203428,71.48147560024303,6.335573003869435,70.00551958665217,tomato
87,50,126,24.83829605762691,65.73753431391377,6.012479841945449,67.69842953752539,tomato
91,39,125,23.6946405643456,63.14096970866714,5.812074742863724,57.60764754236401,tomato
87,48,133,25.640844803669204,77.1184087173287,5.133606017323396,48.20946099176378,tomato
83,49,111,22.19772750000914,64.64031542982293,5.893657658868572,70.17343402339618,tomato
91,25,101,26.00834170126503,70.76865852274443,5.849179556536621,64.80824769299535,tomato
97,33,121,29.847721875286087,65.45071134550912,5.544756505253798,52.22439257154537,tomato
93,50,96,25.24661433620756,68.36206796286187,6.330822670487334,61.04353151437192,tomato
92,16,119,25.534106451054534,60.31081373558224,5.719716720012155,79.27209353796286,tomato
94,45,116,21.40110967298283,72.53909241725941,6.13354142748663,39.38667414559161,tomato
83,26,114,19.88264597380356,68.75173655577704,5.73273435196712,56.78600215711497,tomato
112,29,122,25.61895706927232,68.84911003924995,6.316947733252227,49.92116755149967,tomato
94,48,116,29.260816757794863,71.04301462065597,5.748911936031693,92.39586889614496,tomato
95,29,115,26.54418101641797,77.51227790610922,5.8665027321806775,46.59893817481717,tomato
94,48,111,25.481649221765878,70.85879004734805,5.41660831009907,50.35931751376307,tomato
88,41,127,28.79873597905165,64.85297582065954,6.84754378413716,50.73458792332551,tomato
99,38,123,24.077518946417623,61.05025174130319,6.681420007752225,81.75709068216025,tomato
71,26,116,19.963951925965677,66.67912648043884,6.470070373620262,92.15668905472212,tomato
100,41,122,25.58612183884969,68.56311469227187,6.519264204615643,64.48769674149253,tomato
90,33,125,22.957235428638228,71.14999717775432,6.952562725768869,81.7550190082732,tomato
97,31,125,22.60616947056945,66.71982676859152,6.476024545592026,77.9812173398119,tomato
93,50,108,22.168250264482,63.22297759836378,5.442133812044634,79.09953769422434,tomato
81,31,116,23.34256129656812,75.12565232668949,6.107507553586957,66.21503178441839,tomato
79,39,118,26.5459502976013,73.50136434400501,6.09317957488611,64.77699748806681,tomato
67,35,115,25.033066250889355,67.40091473170905,6.369293819352579,52.46364142326037,tomato
28,83,25,21.755117988714677,56.75634956712105,6.267244857738348,73.90322683304049,soybean
9,76,22,27.64517960053739,53.32184882061632,6.631137417492497,95.85223028043124,soybean
7,84,28,21.603633309438443,55.68584459776031,6.703727688536788,131.73355027133442,soybean
39,91,15,24.80647774241917,53.61009568990458,6.028253497253299,102.9333770436604,soybean
17,90,27,25.688928101461283,61.231248408333926,6.695235467955237,111.24369696700724,soybean
29,83,12,26.34070423661703,54.92132017327345,6.447314550753727,109.74913712099988,soybean
22,72,20,25.255304567535088,62.04458065098937,6.561909770872387,85.36962443272697,soybean
20,100,30,25.59392971216009,66.5189506109286,7.02372809931184,104.32512638695724,soybean
4,76,32,27.10222610289468,57.62649078438373,7.475021135158404,80.74386556306466,soybean
18,86,21,27.240555280117448,58.65265520348844,5.820323836611996,98.99985196831229,soybean
18,84,15,24.055533342509364,66.90665449527523,6.405516984523841,64.71372953371657,soybean
7,78,17,25.02830201788053,60.55644575637353,5.713640897295198,111.48775504514894,soybean
28,84,23,22.634246774183595,63.63888061534112,7.30813301506017,102.8345092560912,soybean
2,71,29,27.51262443406452,62.53852486527073,6.272376387136198,95.28119006164032,soybean
20,85,23,28.95402226224872,59.54615758877196,6.965325069285995,118.898476837026,soybean
28,87,20,27.004016907374226,57.43568022148793,6.302402749695236,107.28776784458265,soybean
14,75,24,22.60340120517625,60.94570833774036,6.097963850523999,109.42856900648978,soybean
12,78,23,27.44119079650569,55.860217345976494,7.1153653683425855,85.4749858867711,soybean
26,77,17,25.86004560850021,66.9535887475682,6.407333890109412,125.78651309943784,soybean
20,79,8,26.73820196257033,65.74400256454733,6.616406459200408,118.90725742168898,soybean
9,86,14,22.93822855891929,63.9506539961226,6.66684636941519,100.6196189818244,soybean
24,81,21,22.166469398926797,53.15101988961082,6.969579537032532,81.85953199809325,soybean
12,75,22,27.476499513932588,56.0479667088119,6.401990152475759,105.55423028106104,soybean
21,85,16,27.63727613497361,51.0893118588361,6.158776713830274,110.47402014349704,soybean
22,73,19,26.05249344768768,60.6466009472701,6.845507600203384,99.8680889974132,soybean
25,80,19,29.737234194541724,59.319707890810434,5.960223679992425,112.7008992013874,soybean
18,92,21,26.7944574277147,54.65124092319103,7.386966316462595,67.16832963279865,soybean
31,74,7,27.9381455266439,66.02382729784993,6.140123601094151,94.29281725775591,soybean
39,89,21,25.943117721987367,70.09260283732618,5.7378459245548745,111.04537594249366,soybean
39,83,17,23.04859721183647,63.1845613433443,7.1921339110892,96.66605135498163,soybean
18,85,5,24.54177862053229,59.05767639172705,7.247847627972502,111.61708127777976,soybean
26,84,28,27.46377163351127,44.25217318811693,6.7362056593529465,110.03104562675333,soybean
4,80,21,29.85727340320512,53.04982919867492,6.34455530685326,83.34448763779336,soybean
23,84,5,22.22720465340799,58.51023394347887,6.315854413088847,106.11686940160097,soybean
28,82,27,22.0549850048758,62.89165971723828,5.683121539124631,101.5189549518854,soybean
35,94,6,24.776875931567023,54.66243300577884,5.507337862465988,100.9432557908429,soybean
18,68,5,25.929294026111982,63.2739649373972,5.712941409914492,105.854301193227,soybean
39,74,17,23.365930343542573,57.51809131375015,6.393864873229681,107.13056893849038,soybean
20,70,22,27.02363877518504,56.798098135926494,5.538256316463556,106.54207749302898,soybean
35,90,23,20.54001839473494,56.69764676806512,6.274398785249234,106.9327566282834,soybean
14,79,33,24.794887878706334,57.12630888696414,6.305019661302322,128.10575920925888,soybean
26,70,15,29.54900986787688,61.61078712180576,6.01012250227429,103.18512603311594,soybean
6,86,23,22.32172684449238,54.57816609307848,6.95358319862864,91.973252484758,soybean
31,87,9,23.174622651512173,57.63035104330231,6.329150861580769,111.2688998775058,soybean
15,82,19,26.92342969542747,60.51126839836674,6.211331926002239,72.61612870215563,soybean
19,78,15,23.307485588047467,62.35111806206348,5.94537383520047,122.54489104825912,soybean
7,77,13,21.803102084067667,57.60398499841339,6.596789080312115,113.38527960544576,soybean
16,79,27,24.22610498511298,69.57777738202364,5.57566906304014,109.47104934787818,soybean
20,74,16,25.607882269466163,62.98396228320622,7.5521995794905905,110.18673862233103,soybean
10,85,14,24.8433111079597,60.51737420834507,6.29631784206498,113.79856036076856,soybean
21,83,10,26.671561996038022,68.1908536735691,6.471223642699617,123.58117847810814,soybean
14,72,15,25.598864364840274,53.05409848196139,7.028217195368358,95.03486665894032,soybean
5,94,24,24.966554315049414,67.47883918943401,6.8434039278796215,118.02001789599709,soybean
19,91,14,25.625312896083024,64.27715924538822,6.555295168543446,90.71818091326934,soybean
18,82,26,26.17491698894029,62.80286666827618,6.087001873477338,88.60115475061343,soybean
17,73,18,17.94995614084393,63.91469305148095,6.860656180623966,128.67282525224658,soybean
28,78,22,22.72371429205993,62.95974112273611,7.178676003818744,108.3786511326475,soybean
11,61,18,25.33900631408911,56.593918190739856,6.447922219039462,87.42881894632772,soybean
20,81,17,24.02053378407408,58.28555423592032,6.59194219179756,89.65271991685857,soybean
8,70,28,25.440921954186468,63.904442581894834,5.979353714273159,86.56878433323642,soybean
35,85,14,26.51326244141494,65.56944637856203,6.133778061610023,110.19067709950411,soybean
29,70,7,28.81357756754304,57.81768900033671,5.866078572490207,103.68533003684446,soybean
12,81,6,26.206577279837774,58.54752742524672,6.591349964553256,82.64063035221,soybean
16,74,25,24.780773965020952,67.93635372755068,7.323004117427525,118.28265759537504,soybean
26,65,11,21.606355205433992,69.42855946205881,5.899934801934356,93.9536891791227,soybean
13,75,31,23.92371072384026,51.637760428027775,5.797433022139806,93.12151335129154,soybean
14,85,22,29.705019712345905,54.76544537838098,6.285885732871023,95.39552119406042,soybean
17,76,18,25.13533017437773,61.691481979562674,6.45414329565393,108.43283224649642,soybean
13,90,22,26.835037944883148,50.35670752795073,6.051338434281111,110.39778054653628,soybean
23,83,30,23.93142527840497,63.518372140368974,6.601976046892839,96.92309852152935,soybean
24,84,17,26.559305166166286,58.2081178199824,6.001222605336313,107.38407774058076,soybean
22,82,27,24.973604702178093,70.46129283711267,6.395199743457334,95.59875580305405,soybean
20,83,31,25.80143989813163,60.50564188168023,6.227678013957709,101.6079187518298,soybean
13,75,22,25.70628533883232,58.36943880729253,6.324467675808487,112.10627198992698,soybean
34,92,5,24.52988036686443,63.56769445192338,6.699879507122792,75.63579710778814,soybean
16,59,6,19.6173056363066,47.69976036306856,6.376899502032032,115.910299077348,soybean
22,88,24,25.133194860371017,67.52070552955445,6.823325510941641,72.88927479219075,soybean
29,75,18,27.622982137380387,51.82441563281972,7.039424403808869,110.5087740788575,soybean
1,87,37,23.75069056879354,69.74993060623805,6.61902580855999,86.78667147015037,soybean
13,65,11,25.088277603947144,52.58134440184338,6.367934055482185,100.01463519445302,soybean
23,80,23,26.146472473995264,64.14518260504553,6.232548324817486,105.98854036679263,soybean
27,86,17,26.567054648300054,59.68322824355959,6.599437654799812,96.66971937772944,soybean
17,77,15,29.87167791420608,51.1327040850067,6.280157522066921,126.61933080759896,soybean
19,62,16,27.635380127052635,61.516766516882974,6.971724201111382,84.14182746167553,soybean
10,75,16,24.129570334518636,55.90419433583634,6.042693435139932,104.93242003123936,soybean
2,77,20,23.166369649028645,57.57913061958335,6.01528387303671,64.88561772598135,soybean
11,78,6,27.5792402107121,55.10358430913027,5.900883004106111,120.4871412933684,soybean
11,90,14,20.66846633263648,60.93775791728872,6.658348108693986,103.85303603403683,soybean
15,80,14,27.709788203443303,53.07029133150736,7.1395588265380985,83.25330203689961,soybean
18,84,17,21.522532480745294,55.85657704764635,6.674681201255392,136.88903306035593,soybean
22,90,18,22.353930089173264,65.39213670474898,6.046492491967235,96.98968227274852,soybean
24,85,14,24.24843813630106,68.24691108169117,5.960018646205913,86.52120058675314,soybean
24,60,11,25.10032204371964,55.330622465919696,7.2900263490563955,117.92901603573684,soybean
6,74,21,22.777676902805368,60.24344517052041,7.083970193360769,100.0617085360617,soybean
12,76,17,25.299798510295066,52.22995315629756,6.361955654849131,113.48824284514524,soybean
31,96,21,25.99478009975897,59.97767143193561,6.515714789359515,109.47513214264316,soybean
28,81,15,29.525123082297164,54.96552084758773,6.20132192042729,93.1279316477958,soybean
10,82,18,24.803833258513716,64.76802229628197,5.94561177665938,106.29153792671636,soybean
16,81,5,25.73225957454825,55.87734326829522,6.413622914004515,94.71619999083988,soybean
6,71,14,26.366330363775493,56.42794017448574,6.461010099786311,103.60491071727024,soybean
123,50,117,32.39934146582903,85.85355520278702,6.946822292530751,212.4488439366505,sugarcane
130,61,133,30.393170959734963,72.91213289313214,6.55692316982101,223.84857167875325,sugarcane
136,64,124,31.990105133087948,80.55204321021402,6.423394304730506,206.46160175228587,sugarcane
125,55,123,27.88580479960444,72.9889055000878,5.959380075561016,209.88274433759503,sugarcane
126,45,118,30.481606522774054,77.85878080223215,6.288325426605412,198.58358300388076,sugarcane
129,62,123,30.066253947866432,79.35153632484675,6.072337613505486,199.95461285718355,sugarcane
137,47,119,32.32066788997175,83.98887124057997,7.943677524651437,201.03249672475775,sugarcane
120,49,117,29.39512508908445,78.767236145027,6.207291035423261,187.74477623478035,sugarcane
140,43,115,26.858612453104094,83.85491449212427,6.644828643034777,184.87075447362253,sugarcane
140,57,112,31.04856813661607,84.06262432091432,6.334407420970725,189.2017641311984,sugarcane
121,66,110,31.876699329890105,86.1187081474661,6.567108563629232,213.5162719798411,sugarcane
119,70,135,25.9969091916975,76.23313145801328,5.917266375031626,192.82677854540765,sugarcane
115,44,121,32.09350714149203,76.57495060067566,6.341180614234476,211.004126859823,sugarcane
125,53,130,29.406113026563112,83.19797328249193,6.727443668621753,213.9059267780505,sugarcane
119,62,112,25.731614483715987,81.78799072422761,6.812856947628136,202.44567413751813,sugarcane
140,60,110,32.94327555403329,78.64600034959959,6.632564592971669,197.203305356003,sugarcane
122,73,115,30.211935264096144,75.65947099111092,5.834613667960946,228.8415313742092,sugarcane
129,62,113,30.12219052227966,82.13379218296924,5.969353953269248,201.68494452420333,sugarcane
140,56,125,26.45898930202079,83.35909299789078,6.000131727667677,203.6465918778716,sugarcane
128,51,119,32.35955785169442,80.99947989014693,6.914776644866907,182.04724430488167,sugarcane
131,59,114,31.67418824273193,85.34430234448251,6.670246756200482,206.50855176562968,sugarcane
114,53,106,32.28726318911387,93.63679966809585,6.978777123442095,216.10472153443615,sugarcane
140,56,116,32.63409306612573,84.42618701314991,6.39499128890381,168.94900764250607,sugarcane
124,61,125,30.589795325039635,82.29379850415421,6.209257170675012,177.5770132946292,sugarcane
134,55,118,26.994839843628704,77.60210600174811,7.0789400003556215,176.69195570215825,sugarcane
125,47,120,31.58484648182138,80.45805470303887,6.572370054155998,201.5659353532789,sugarcane
125,62,111,30.354996597625387,88.11642545304495,6.335552966840629,196.23627327576943,sugarcane
135,53,126,33.555293785275666,75.18164360362294,5.838172615134996,189.4330438344434,sugarcane
131,57,123,29.386318617353076,85.13496822112495,5.256948956179871,202.5254820252781,sugarcane
133,74,122,30.31234715489932,79.45334810997981,6.528641528660493,211.07491678626383,sugarcane
105,75,111,32.27324027191057,71.984697314147,6.398164544681196,181.60879226831787,sugarcane
140,59,119,28.69422123715564,81.89175877208476,6.370709608095748,207.51047639536665,sugarcane
125,46,117,31.11483959092618,71.23654334538237,6.893648988371581,207.3353562438895,sugarcane
137,58,122,31.38833427026388,79.25297434966414,6.681587663865853,186.42194371872776,sugarcane
135,70,121,27.84552586101616,80.47877407581923,6.6535063321656,243.9227486323408,sugarcane
140,47,120,31.94090860124548,82.88482101649143,7.196399291819431,185.29715966280168,sugarcane
128,58,124,27.63225261424233,87.19722533430989,6.857009606816487,178.6510239588122,sugarcane
138,61,112,28.55754060467259,81.24935313231184,7.036643383772324,216.12978266057988,sugarcane
137,66,109,26.849060325341934,72.00058835911354,5.681349798595313,184.72321272204744,sugarcane
124,62,123,32.9320877898769,76.14108414504705,6.977467839103816,204.0393593091472,sugarcane
112,52,128,32.52519126971878,84.16409602016232,6.445643687294357,209.0395279347851,sugarcane
126,61,129,33.85218939592163,74.24290306696702,6.49579832399761,203.4572200510248,sugarcane
133,71,121,27.97824628392729,75.28404286095451,6.536518335181544,201.9901143031385,sugarcane
131,65,128,23.89969716441738,80.51833172880917,6.495495994530803,193.5114911396213,sugarcane
136,52,123,28.611266657919817,74.5344467672906,6.487756483073507,183.96510249364536,sugarcane
138,67,123,28.29368313645992,76.34005444660596,6.772750146521822,206.90320197438675,sugarcane
119,50,122,28.304515819484728,80.11872365794432,6.338418400326995,206.34802278296928,sugarcane
140,64,131,28.77773507431635,82.27652401331683,6.247724683943688,177.7023122299481,sugarcane
125,71,122,34.14123411877152,73.8672709756476,6.99065067686787,198.9645216580761,sugarcane
126,45,120,26.56920930778932,77.97131798239674,6.870039825507087,198.70382307566223,sugarcane
135,69,113,30.096715863618,87.25057538166632,6.9673879801946,228.48798413489905,sugarcane
127,68,118,29.23239325108089,79.86677309486241,6.503747646484576,220.5047806610597,sugarcane
114,58,121,33.51504050274773,74.259580016458,6.896904098851915,224.699513981272,sugarcane
129,57,128,28.554612847898497,73.4110036804801,6.738344878387762,180.851749764842,sugarcane
140,66,114,24.23778746381481,77.6546226031517,6.716568736458923,218.49807396537716,sugarcane
129,58,128,33.78950164448185,81.9858590215686,6.171853929491218,217.47172470396987,sugarcane
140,67,125,28.93106062933236,78.51976164495431,6.773174095271696,209.36853331016897,sugarcane
140,58,115,28.236150178148662,82.26692735418352,6.304901035656569,194.11931836990908,sugarcane
140,58,113,28.694506629084813,86.40038221098914,6.680236091722806,205.8671226799712,sugarcane
140,50,127,25.82056675356962,93.13140303286929,6.68323771028171,205.88806022258123,sugarcane
122,58,121,28.18032715828613,82.35522262861177,6.288667344202514,218.56737846259196,sugarcane
126,44,113,28.19407334753614,79.80222055342034,6.55868955521387,200.18914381390616,sugarcane
138,70,123,31.24632671092121,88.91075024628745,7.0189820286765015,210.2263649435296,sugarcane
125,62,112,32.5121298688078,75.09770625751392,6.513150345139357,194.81601199567515,sugarcane
123,63,123,30.167631000112717,74.77236267947785,6.42946325865835,184.155664457032,sugarcane
119,63,118,31.806500691304365,80.7933165138877,6.05444993475665,196.0757355310823,sugarcane
119,56,133,27.17782319460174,82.90476070340397,7.082422306069545,214.58800181607089,sugarcane
140,59,105,31.742252479038424,83.90659624979516,7.069029958264053,196.03638939964145,sugarcane
140,53,132,29.28677997320761,89.13259111444673,5.941564603503529,208.05359989908135,sugarcane
114,62,121,29.563780441991163,83.82879931218534,7.4788825949366675,188.317716389429,sugarcane
127,53,127,25.64968559279443,79.85792182981555,6.432037086261323,198.05194782615345,sugarcane
119,74,125,31.09237292734373,79.65235698607204,6.05383881875424,206.2123857935791,sugarcane
127,48,122,26.029985755307383,71.65027806497014,6.517636797411797,210.856941174589,sugarcane
120,51,111,33.53433760907896,78.27088975191056,7.366975860734951,203.791032637642,sugarcane
128,62,101,30.72973855290317,83.96209810074417,6.282828421807267,203.1325698131757,sugarcane
137,52,132,30.875851477421467,73.68037174350775,6.337995565731889,200.5355797096584,sugarcane
136,51,119,29.616648166793084,76.25745295101923,6.511729339851493,182.61887930729333,sugarcane
130,71,126,33.62706050213544,79.59487994238921,6.658179090528794,205.06707868558755,sugarcane
109,62,119,30.628517734285364,87.18421456949315,6.4318631435601565,190.12579339154348,sugarcane
124,43,118,26.72047029025404,83.64476697684191,7.062869004157854,195.1980647354941,sugarcane
119,53,112,34.99710907412688,87.4044578226653,6.430399076582027,228.6063974001921,sugarcane
137,65,108,31.32457869871225,79.2045189139949,6.66172162715529,205.5317384501392,sugarcane
132,60,110,27.04172320585647,84.58199189244321,5.908984104804482,189.40151652172,sugarcane
127,64,133,30.133541474004268,83.24929441699146,6.032699108859469,188.45042245117335,sugarcane
138,65,109,29.575566664848967,81.52665732054014,6.215732349341396,195.62680788401735,sugarcane
140,54,117,26.1312133009533,83.11790453112182,6.524694117549338,189.91566877624936,sugarcane
140,41,127,29.66297267459449,79.24897640804906,6.277141860922023,207.48539002611392,sugarcane
127,68,115,31.210418343495192,77.8902207860076,6.2208295106863565,180.65046820647277,sugarcane
125,59,130,27.228608101334338,81.60091816101163,6.427057138486244,197.4070098037132,sugarcane
117,56,113,31.713601102086503,82.35902019838481,6.431406260782096,211.8158333681125,sugarcane
135,56,120,29.331569567310275,79.47511908641088,5.737894345760146,207.7062697369587,sugarcane
125,66,125,26.803272735778695,72.41781595543425,6.439910688787039,180.7867447501637,sugarcane
134,62,128,30.05089999232882,80.74284144283978,6.640186902072834,181.7127408728663,sugarcane
131,57,126,30.915047634257867,75.92466158611846,6.499498010238808,209.5728452154333,sugarcane
122,48,114,29.359318467989063,87.64255427814288,6.623240796201047,215.2622752999896,sugarcane
137,51,124,33.44785376038334,70.72678750936592,6.538726148311317,193.2923232830613,sugarcane
135,59,118,28.141246987467827,83.11099245174299,6.5509604781842246,190.3783616114802,sugarcane
125,54,127,26.308816507195026,75.85810196846333,6.323641984801146,217.83252310749288,sugarcane
140,56,128,31.392946074490307,87.19815175812691,6.304176453387838,196.06043597112975,sugarcane
121,71,117,26.12915494184971,76.1436843753867,6.816455027967554,198.4178105551609,sugarcane
94,53,96,17.75709424533858,60.88092266852886,6.131060387748901,45.64117952984966,onion
100,51,81,18.250953678745805,59.661485467000425,7.440215572015305,48.45246872930832,onion
114,60,82,17.638834939302793,51.68991294341936,6.792011212234716,65.54396840839962,onion
85,44,102,19.219329285576407,56.24303428759496,6.208746954389004,63.55801199738563,onion
89,40,97,15.57663059200415,47.75160309832529,7.126409906296927,38.25517285314527,onion
97,45,97,21.01273368329605,53.58655432947658,5.604429188668696,35.72491376491968,onion
95,44,96,16.36245349136622,62.83056555337396,6.323050257173807,49.77938546811922,onion
91,42,99,22.312541745280427,56.91964157998503,6.395168821872072,46.53767409991775,onion
96,47,98,18.13314111609349,52.36469660082111,5.966451028030352,55.29078159681152,onion
91,26,108,20.05406738372606,53.41748662052914,6.615141787175297,59.32349446256768,onion
102,40,110,23.08232504540401,66.11956037711016,7.07296885498827,21.97583438599507,onion
99,57,103,21.45388251634973,58.75118447072558,6.555333196081226,60.35744261542301,onion
100,55,113,22.609559996360247,51.4372580572886,6.524403746657842,23.62833365678048,onion
86,35,107,17.6112459209562,54.611625668851566,6.714996415534469,45.61320307416214,onion
103,57,93,17.839297174921214,60.42653712110573,6.691578327486933,51.12509737722904,onion
98,46,95,21.701688005728748,58.647817132169,6.986010455039424,57.33755725716757,onion
101,58,87,19.65120105925345,54.506945807677766,6.115472155145854,43.41324679861737,onion
101,44,99,17.95318141701367,70.70657566415785,5.671701586371212,60.36942712104997,onion
98,45,105,21.07520072228212,61.49938404667565,6.88775877289169,50.88618106343704,onion
127,53,101,21.061914692791092,53.91053045277924,6.558196748420266,32.19908552543623,onion
124,49,95,21.63518855008232,64.83792500883246,6.286952478414404,51.53483826105923,onion
89,43,104,21.037335573123407,62.76913125758394,6.864023871020744,45.20731899443172,onion
95,46,107,14.519444823559253,54.59398175697587,6.914404139330304,71.88024494087072,onion
113,62,108,21.312063576733248,61.04897946486432,6.4646736211796405,53.90149280634144,onion
108,51,94,20.06141673806428,59.84786412762493,7.205827292601347,53.56972287571685,onion
86,48,107,18.552399527595977,59.97739115313609,6.982126141115077,57.309030069665255,onion
88,61,107,19.1113409744564,55.97115450401292,7.52057643516491,46.832145278869525,onion
103,41,89,18.822057418328846,50.17924942975838,6.984631176884761,34.801138065817234,onion
86,62,86,19.20852069784142,56.9519542568957,6.436553032023276,49.27876048549058,onion
107,56,89,14.91041125528216,54.49717469794242,6.813707091980112,43.57872990677842,onion
102,58,113,18.30938603321026,61.67562309783476,6.520887389834415,44.48067705118085,onion
103,54,91,19.620134549520166,57.95043660383436,6.543011007294325,80.54737976461543,onion
106,50,84,20.46321651106857,68.327346373833,6.232150861035097,66.91730405806703,onion
101,37,104,22.989192721233312,57.56896147316279,6.501020820969063,35.04650333944936,onion
100,58,88,21.434848689322468,64.23559132321941,6.487478702758139,73.81915082204131,onion
95,53,97,24.14360958688552,54.84343249081036,6.993144971629491,75.12050655146382,onion
91,51,92,21.53860214872634,65.36613190789528,5.584175834270157,47.08087444917299,onion
110,48,90,17.40565772561273,61.60713247060118,6.509848396912885,84.9726898149568,onion
92,42,101,19.88986674141785,74.79725984044158,6.989858846293501,61.87226903006688,onion
116,53,113,17.57052953032746,60.666489688929005,6.896301439059769,68.7037798490656,onion
95,65,87,21.60414401322885,64.23061641425163,6.134788465289581,56.34010776532884,onion
105,43,86,20.42817984569356,55.557983837513255,6.167559748684671,31.85100040805109,onion
103,48,108,22.716612785968497,54.69487795557361,6.343687023021279,54.29448062194989,onion
106,69,103,19.532892928066182,62.11458072900126,6.83800921760074,64.46866808936997,onion
89,48,97,22.180400494167085,60.67503887147812,6.371484695899251,56.13533947462948,onion
68,44,101,21.84352926897832,58.346872157433765,7.041435126946384,74.71717583344213,onion
86,50,108,19.508750898796094,60.80778343991535,6.153981574323931,23.67726063881529,onion
103,52,97,20.529674939147156,55.55666041589626,6.682912285402946,50.87161229704434,onion
102,42,105,16.57442588376484,72.9503786840917,6.592538298515005,59.14350685090125,onion
95,59,92,19.11813519915135,54.27620393888661,6.4143207390786685,65.60933589457053,onion
103,61,114,23.039039586215125,54.50601313417437,6.715853112478031,63.76951778097737,onion
97,53,112,21.524022352348062,56.82269138376557,7.144053938049463,20.0,onion
100,46,88,21.226066542917145,64.88496720244217,5.665662530605982,49.11428436850471,onion
96,44,102,20.07545822148235,56.3092311233963,5.9355387743506185,68.43749151766892,onion
94,65,100,21.659266596986967,51.5623808944498,6.660356163690212,40.41575154571969,onion
99,37,106,17.884801098679592,61.50301759965252,6.0402570576147285,43.610947874036256,onion
111,49,107,20.312408682068504,69.9650006981052,6.305295691158299,20.0,onion
95,53,107,21.86651430188571,74.41866040462882,6.155020894663435,53.81688684379486,onion
110,47,111,20.211105010687263,64.14818770744456,6.490767631694665,45.49295481102414,onion
99,43,96,18.94585739305523,59.55236481182077,7.525025758012303,60.158471212367175,onion
94,45,109,20.80113171240596,67.30393578020363,6.118079268334127,50.42696326153307,onion
108,45,109,16.646328592244075,63.35226270216639,6.114166247300788,83.77514477998238,onion
102,53,100,18.416311304252677,41.50895778533944,5.721204448268072,40.514276274817256,onion
106,48,98,21.57756058602562,61.90095059937981,6.905049161562455,25.632557543917464,onion
91,49,90,21.990305502680403,66.62319584105818,6.67212291737581,36.358242543144925,onion
86,58,96,15.897898373607148,55.4744269761078,6.027320465712954,66.20195244717641,onion
93,47,105,19.366964728487268,66.50417236918628,6.64179436575072,66.79867437850353,onion
114,47,101,21.140974822535785,58.90368825173192,6.332052875185877,32.24736605376053,onion
94,55,103,20.3120257831662,67.24749824661258,6.788165618347062,54.71174187573961,onion
110,72,101,22.643181757864458,55.70285653837664,5.813963588481548,79.21697312442558,onion
95,46,111,19.46213856771585,63.94053983624533,6.468687656928954,47.80978683012072,onion
94,52,89,17.491987515667883,68.64552286017566,7.427545330858424,63.264839118727615,onion
93,40,85,19.53667997913554,62.18269163548333,6.762111703669887,58.79677078148499,onion
113,51,103,20.944209271352975,60.07897116346662,6.739198235758574,49.26512080554255,onion
110,40,92,21.021132004628548,61.82142164076157,6.159056830422617,29.31990937192998,onion
89,53,113,20.788600107073485,64.05897571862415,6.408828396394162,76.42995403454395,onion
92,50,104,21.06929559634511,60.1754962784955,6.387403780785835,38.94550975165521,onion
105,68,111,21.80276715310873,54.54162088758187,6.859678188276423,43.16542542184669,onion
118,48,97,15.166054376361346,60.77104707381151,6.628813969552398,35.937770495068406,onion
107,53,110,18.38986951551094,65.46293978634819,6.074100917686031,89.68472500117468,onion
96,52,92,16.550789494633086,64.71295195460057,6.554230942702191,50.69016860258769,onion
85,41,98,17.833768700247553,56.86342195362977,6.1064018638042015,54.65898378045029,onion
112,65,93,21.447513884338196,53.44080080076846,6.821008675757484,76.28196710597209,onion
91,42,101,20.158678733099126,58.1562000196007,6.566953877513389,60.62132959046182,onion
102,53,108,21.97154272289529,57.86487671784966,6.0113067714545005,66.47818909148796,onion
108,44,99,15.723460655853602,56.01049426157714,6.654936892712833,37.30102539766689,onion
92,59,94,20.80209028960005,64.49373679643504,6.738038684829921,48.58667408300485,onion
77,54,91,21.41071229968829,57.937487105956045,5.683795533890532,52.54562824692076,onion
93,49,102,25.32627007901172,58.37450928277098,6.683765917951222,27.22326510543664,onion
98,60,94,22.44615312794138,56.81372518342624,6.645846031934524,28.56950548282625,onion
95,44,92,17.767481339305125,64.08911048819309,6.85313162503381,42.67192043147296,onion
99,54,111,18.22536676212725,60.11524644861348,6.971749364276709,49.35363120907343,onion
88,54,98,18.837193578786213,53.89439946662616,6.339234240867975,35.1909546748257,onion
99,40,104,21.911743604385197,68.67649690297483,5.99958420588336,42.35877804021954,onion
82,52,118,15.400171734168556,62.1680739861691,6.637609253305023,21.39344569167562,onion
92,49,90,16.927036554563475,68.55815848818263,6.069854194163309,74.61860730801581,onion
91,51,107,20.85884325056119,62.31950489146956,6.067966534202422,35.529710940237635,onion
117,42,95,16.841215896366716,53.984002656558594,6.8776733778184,58.21047758705473,onion
105,42,100,19.61464048744605,66.34170826602194,5.854367137489264,38.36532418200542,onion
108,47,85,16.852188299860593,61.69343556133282,7.216021849536106,58.79875897295619,onion
98,46,91,16.953429353345964,62.83785251706196,6.29871915799058,41.39445607416619,garlic
113,45,101,21.551470452008164,62.26914898713186,6.285796073816557,61.99488182394576,garlic
101,46,112,17.868641662131544,53.91969427653534,7.417030249271503,78.22766606501492,garlic
83,59,98,16.03356573392886,55.59418672821247,7.273212358297625,59.80948540451035,garlic
95,56,107,17.574057353338794,56.28446067120533,6.789952523330049,56.09263451495387,garlic
115,43,97,15.285823262403133,53.53481665342756,5.993515281318167,74.07065714629171,garlic
101,66,107,19.382751789877663,54.34760954691094,6.539026979166017,92.38933265302488,garlic
89,65,105,15.613654038234335,53.41151197790552,6.496689332249214,97.24130650360244,garlic
86,52,104,15.329080951660702,58.74755865938694,6.887268033662311,68.88835916293846,garlic
81,56,97,18.86696050810937,63.368636862396,6.643665089368712,64.97207991403324,garlic
99,47,105,19.72120230633173,62.546215890726366,6.949888476745679,69.62334766447597,garlic
89,58,104,19.119443586657145,61.11982138526877,6.792063153600019,60.16050219130334,garlic
86,54,96,22.463047250473004,59.81753056435677,6.513570168769733,38.44460498730823,garlic
102,40,105,17.609908339300613,54.39236030892393,6.51917566028403,45.23904960942312,garlic
98,59,102,18.722556645583406,58.58697634296685,6.228446402163358,47.527074970879625,garlic
90,55,115,17.214427738993244,65.94832796590936,6.695437945680838,57.82739036575701,garlic
88,53,111,15.192499283814088,61.69548072295606,6.653763884381885,58.74448824071671,garlic
95,47,95,16.490227219136443,61.06411172116256,6.582468258883909,70.8197653453964,garlic
103,44,100,19.222043965833688,64.44415596412964,6.371000530764725,52.38222949608859,garlic
107,67,102,20.504019373625542,53.39072090538126,5.959819037635307,71.73138987189954,garlic
96,55,101,16.994767112147688,58.53291781714933,7.380411315825093,44.41459785405574,garlic
98,56,102,19.042699458294724,55.66117516991216,6.617674644516653,60.96714673817218,garlic
83,49,96,20.385391065351094,62.46066385314731,5.850924304906527,48.330176947449786,garlic
88,60,92,18.65654569298244,69.58114987116183,6.113026000935272,93.83011796078316,garlic
92,47,103,17.19832078363526,56.27462324315557,6.584307591971538,41.46327877672599,garlic
96,62,88,19.2856316179737,64.92479440864729,6.678407883403871,44.17989795403707,garlic
108,52,107,16.251625416311647,62.65827359676076,6.749753375305698,37.55928550827518,garlic
110,45,91,16.444882403848634,72.43849838214126,6.252219317877258,38.72781230278839,garlic
81,50,100,15.821477334588112,58.61474412358667,6.35060512365389,72.62581160309114,garlic
95,57,102,18.21048037536561,53.36055110003292,6.723107227409685,44.53343313023082,garlic
81,46,96,21.30803104404512,62.84414767825958,6.910164879418295,51.68787130350842,garlic
81,47,105,21.41298940664517,56.53718714204936,6.931555137418156,80.0722187949554,garlic
102,48,94,16.020992901646544,59.27278853220061,6.4172588665085,66.88075317259815,garlic
93,54,103,17.137378439976995,58.22437555873021,7.053767095431091,82.84062840768887,garlic
78,56,101,21.43330880432643,61.19991612961719,6.689474198649196,57.12609425856893,garlic
98,53,109,16.52032028023124,58.20782380735406,6.6656733291776655,60.15447996178351,garlic
87,49,106,16.89615931827897,54.2528188491226,7.367892240848962,45.67484815015986,garlic
112,45,98,15.728585824922671,51.64455632088446,6.578414748095478,45.052959226451065,garlic
95,52,104,13.550745486365988,65.37039859900823,6.136256069730023,63.66549337927043,garlic
96,55,102,15.746148056536253,60.48868418993235,6.0398703703870655,79.0165731564819,garlic
111,40,99,24.35433237486341,55.05648912917168,6.060998534650613,35.97824805021493,garlic
89,39,103,19.03783759224243,56.18915984212556,6.741466489455871,56.89481090504597,garlic
112,61,79,14.820336217687288,57.443380163163056,6.299270308656885,51.257347198372734,garlic
106,58,106,16.16557603424957,54.03920614766558,6.787047684936184,68.51502317528062,garlic
94,56,100,19.822720486756197,56.48073675917414,6.375169696720866,44.82230539086312,garlic
109,65,97,19.671962944949524,56.225102930139215,6.785943132509904,58.664251151620974,garlic
77,57,106,19.166436402858476,65.9198704265582,6.553324912000952,46.581435782777255,garlic
88,48,115,17.22384961798066,55.713628943977,6.074280203764028,75.11269105891519,garlic
84,40,100,23.57787414381374,60.33702627180893,6.631947560033094,72.16749968002289,garlic
90,62,106,21.29634778088547,60.276332501547024,6.069805359037589,55.73784983334429,garlic
110,47,116,16.043610860071638,58.83787538834257,6.747702584625693,62.16522831174765,garlic
96,44,104,14.97403297910198,63.75799947349756,6.458673593993492,35.84287928886884,garlic
93,50,117,13.139508806490468,59.72431290144273,7.230656759053678,58.7983406078463,garlic
97,62,91,18.068047317667936,59.74652080446556,6.336450187763592,66.1291063802571,garlic
107,52,95,19.8447837326996,63.1003001627907,6.887884359297315,72.15111061927007,garlic
111,48,96,18.500948814738848,58.86103861751776,6.750345167408085,49.70592349880435,garlic
90,49,117,19.530859622973427,61.31370427234462,6.844988705421661,26.809841693072062,garlic
100,43,111,18.521141393961678,51.48036025794882,6.732381872767351,38.804654789709325,garlic
92,43,103,16.160290134968033,64.75805237616396,6.683115986490112,65.4645023837509,garlic
99,37,113,15.716126883071336,45.57549056996576,5.749900798093466,65.01596341561198,garlic
83,44,91,21.389893453331236,60.274588511444215,6.383708582246207,60.401823641826006,garlic
99,50,94,15.802017821697044,56.342756014449,6.639384862047515,53.08003591448715,garlic
83,56,114,17.162345636561184,61.14535396777363,7.514804403525797,58.41962593188633,garlic
102,41,105,19.426180003585845,52.519370416715205,6.793531499610654,73.94571237985181,garlic
112,52,100,21.79976535371585,57.261077163454296,5.677713675989502,47.05991858777731,garlic
95,47,100,18.26744199905324,57.59803472632017,6.271156879719298,45.33040786387527,garlic
95,42,90,15.795328913564369,53.4256101099306,7.038429613392172,58.92550839497738,garlic
94,44,85,20.68500566398469,62.63250255077658,6.400389937644706,20.0,garlic
116,47,110,15.51429088250578,68.6709234814598,6.385137188115669,44.48345431589148,garlic
102,50,95,15.028746712234692,65.8016659051177,7.017836672075999,61.009960002294015,garlic
94,43,96,14.973709610049124,56.17742801635451,6.887216134740783,60.47291939845008,garlic
107,63,110,17.29866577734605,62.88787953830765,6.8114051869933325,70.70827972062251,garlic
95,55,115,18.293766514413704,62.23618129063047,6.533254996082936,77.25815528053337,garlic
86,63,95,17.005974921643286,61.61875316041949,7.148692246970968,78.44323351611521,garlic
110,46,86,19.40813571892443,62.56833768599312,5.897295577438856,65.76219805419294,garlic
103,43,101,17.91965843708565,58.45872722703152,6.290757380133669,53.11716370909532,garlic
94,43,112,16.689426470256887,59.54884934388284,6.245951106110426,60.5496857774655,garlic
104,42,128,19.258815596949248,51.77130630721351,6.665944409583928,61.66681749138265,garlic
86,54,104,18.61111471551589,58.11755956522202,5.908770831855895,57.128947344438295,garlic
80,48,118,20.886301496732564,49.66735425823231,6.9555140561304585,91.39098048764588,garlic
109,44,102,21.431692575677467,47.07673530304427,7.276131942332901,69.37131347436664,garlic
87,38,104,19.468335041417724,68.46351657719504,5.863024140864111,37.29104367556482,garlic
93,59,94,16.93821540250715,52.99323156913557,7.438867953394438,51.0424518152825,garlic
109,48,105,19.62411327600825,60.92448623309291,7.173179365306669,81.14416563331602,garlic
114,43,95,17.141677903511468,65.5683874883859,7.261247456186494,68.65954094270225,garlic
102,54,91,21.087693241484413,56.02721478904665,5.973021558601564,62.30611791783026,garlic
97,49,97,18.666196040538804,68.82922060660482,6.889908863873623,49.25542017149965,garlic
102,55,107,15.389688241996923,61.70606219148266,6.492352722610151,52.82468536857727,garlic
101,36,98,16.57606875926354,66.6560115012362,6.406074971510573,51.82043338196982,garlic
107,48,92,17.283258984333443,67.03500981134808,6.311294527376585,53.63432091321951,garlic
91,51,94,15.995323143540332,59.108204360073735,6.268599401374462,53.63812516054959,garlic
104,52,91,19.636408321736184,58.51243695027878,6.447149840793621,63.11937811989503,garlic
99,53,99,17.995577450028634,71.26539918686396,6.09901938714106,71.27980238615508,garlic
120,56,83,18.09459234954488,54.51632740578845,6.069807524321282,46.5020964022313,garlic
103,50,91,19.318190043289857,51.090097624858046,6.177484202569591,69.58479310922256,garlic
104,55,107,22.26044379650561,45.73976950785024,5.630940639510225,66.66055889494054,garlic
100,59,99,20.57249584156727,61.24660653430518,7.285909256544522,50.20444623713321,garlic
93,42,82,16.0666337617351,60.66516643912711,6.299204197853773,53.55168438793723,garlic
98,37,98,13.942695571918014,59.26097095701312,7.312550291066488,65.93978286438356,garlic
106,48,98,15.244297403738695,56.07658539312767,6.299155084050013,68.8015662886117,garlic
115,63,106,23.02546134352693,79.15782198522871,5.9391240507003324,44.073609907836726,cabbage
124,74,122,20.253284607107528,77.691833216386,6.423803190348342,104.32289889481882,cabbage
119,53,110,21.083459941983502,76.04280673452052,6.957612865611746,88.2809651564331,cabbage
130,36,122,19.0439103443402,79.95724060388319,6.786233757513721,70.63466877912164,cabbage
122,51,113,18.12472564798418,77.93211429639346,6.746355786882273,77.98422126161563,cabbage
126,65,114,13.226609687782522,77.41472966233597,6.039085630189856,56.709092741911846,cabbage
109,60,108,19.114234981672457,68.9045424505419,6.9573235618399,77.49122008842862,cabbage
107,59,112,21.61689839465389,75.21114008085664,5.7040241318513285,69.45610678934729,cabbage
119,63,122,13.860523569047828,76.16826100308026,6.121375492038025,96.48621416100872,cabbage
108,65,117,15.090947469674422,74.66637878898594,7.149297084791902,70.55232935828397,cabbage
118,60,124,15.798428751361593,78.34821723047052,6.3883287588782025,52.26146215750403,cabbage
130,62,141,18.15828332011155,77.80748697684571,6.522362542514776,93.54841880230164,cabbage
130,50,109,16.598940431838614,76.07944580283444,6.883120018514807,88.55101524684558,cabbage
119,60,125,19.243337044718658,69.14206368192308,6.14687022412685,78.19694050541402,cabbage
114,52,129,17.73972364824873,77.30788471261494,6.338481396762726,82.86900297553655,cabbage
122,51,108,15.053037710434737,66.63291732879549,6.980886746011624,54.88060806507684,cabbage
97,64,121,20.280546388185265,72.81683935885916,7.06581546788094,105.0073883243075,cabbage
114,43,119,17.65050858350297,80.67882613634723,6.589050639028476,72.56172471365905,cabbage
135,56,123,19.426651197332944,76.42267843165035,6.312780244099925,68.86030196403513,cabbage
126,72,134,10.07806071691371,78.5374095415594,6.964809269852557,77.1815519162419,cabbage
121,59,124,16.714205440261342,72.65911540436898,6.168091156641983,57.12630724197192,cabbage
106,59,116,14.819824588434404,82.91576799202211,5.811449751143982,73.76661374150613,cabbage
112,66,117,17.116980550064895,78.46723231542349,6.631406014850664,85.82571737497388,cabbage
115,65,114,21.80269756483775,68.82571269212939,6.555763054630981,68.3690532677408,cabbage
121,51,123,18.766335386599312,81.17674286058018,6.742548227965581,83.2986796926627,cabbage
125,54,132,18.45970076779747,78.96405055998373,7.514157077503858,46.91563339973548,cabbage
119,52,118,15.970183641802423,68.80111198283088,5.55176135118517,77.24475118036634,cabbage
128,61,128,18.976139340178023,75.2105764999473,6.3809050751597,102.95747374280158,cabbage
113,63,108,22.23917163879769,68.07412893028807,5.991451965175832,85.46323385742824,cabbage
100,56,118,21.82773370482576,70.11264304042678,6.25019928831752,77.50803893511376,cabbage
134,56,116,14.49200414058568,66.64760216016899,5.7873130750654544,86.61139343630633,cabbage
98,54,120,19.11200753207269,71.90419690608952,6.043869054869833,93.32689143557091,cabbage
111,54,119,20.01727421548513,78.50000126329218,5.900957494366422,78.98004952392941,cabbage
130,61,121,21.54334574325741,73.91597713388643,5.893986734409814,88.00148649777289,cabbage
113,57,106,16.1808453903121,80.36363588744572,6.982967413128373,92.7252340752291,cabbage
112,72,122,14.402696098602378,75.02210826514856,6.854546985069384,108.1977809342109,cabbage
116,65,119,19.16947307830521,76.49360226092057,6.771807202541826,76.00677806307755,cabbage
137,69,129,17.391294957464712,74.05190326171497,6.754807440493002,89.09330783352344,cabbage
124,75,113,17.876872704879727,70.2553529702894,7.119053023027048,78.43531705917513,cabbage
109,54,126,13.73437706937715,67.99028145479548,5.744233143655858,83.80644525248877,cabbage
111,74,129,17.60145732545536,68.12186045870934,6.342011861807084,50.56511147887248,cabbage
110,70,123,19.21730040575953,72.30639562687085,6.234217181862805,88.77332146006768,cabbage
99,62,120,19.689550645285266,75.04855287881205,7.0480172706476045,94.48387068717408,cabbage
118,62,123,13.386141247834727,72.14078842097426,6.778975197484863,64.36924191413667,cabbage
112,72,121,15.983701168020929,77.59436095753087,6.412355046040576,63.18832033731652,cabbage
117,64,130,19.311446295462343,74.52035021167394,6.9950556393629855,71.80085504619244,cabbage
116,67,128,17.3478201547146,74.16628264689479,6.446793595520004,83.35785367433627,cabbage
111,52,120,17.420871792307256,74.70577939672937,7.107610930342123,77.38740234045846,cabbage
128,55,107,20.35981335935935,77.53400900559208,6.534779660877823,90.35714729523164,cabbage
138,70,112,14.236677149090545,79.15948380424852,6.810956408279805,75.51514186620194,cabbage
115,46,123,16.629601283573756,76.39795610234236,6.393893719205989,88.24760264680967,cabbage
136,51,120,21.14644588067437,77.51878418426784,6.915306355422499,58.82626237276597,cabbage
103,55,115,15.68113733919869,82.7041913528819,6.591865555016811,83.192159536528,cabbage
118,55,95,15.953903760692404,64.88936435572514,6.879580670186996,79.63689241591358,cabbage
120,40,111,19.79902316587507,77.17580483684401,7.02411625404241,88.2467723177033,cabbage
119,57,137,14.189749370745492,77.2981419300186,7.777988022978909,81.57491858541559,cabbage
107,58,112,16.22045019647026,71.1420940794808,6.551957907989541,76.89081928389743,cabbage
132,63,126,19.00994278276106,68.51414751412207,6.466180672830844,102.72888226273716,cabbage
124,54,112,17.944574173255045,79.6597596782583,6.450934238187173,61.03951072370226,cabbage
125,57,105,16.887374411783323,79.22894560838265,6.2491409881827815,101.10812682387323,cabbage
93,57,112,17.253178888738542,70.4121895725312,6.566846202223237,107.504275818766,cabbage
110,68,126,16.482749800904923,69.40183058862546,6.411124621553959,56.289890444832594,cabbage
108,54,120,21.545467952195075,80.38567013957872,6.440261490734747,87.00087701280272,cabbage
125,52,122,15.666788886975056,73.71724544859345,6.731699111505036,111.91397605823992,cabbage
126,51,115,16.817967052856684,72.82104532580112,6.079322765916809,75.83237332614472,cabbage
122,59,121,20.762199092379987,82.08848454457582,6.526604973187232,78.39177644456542,cabbage
104,63,122,17.05480376813083,79.0351191698444,6.4994377560566265,77.25725961900388,cabbage
134,50,119,19.276227151142365,72.50293516356344,5.962482757738432,78.94488888540367,cabbage
114,75,114,13.995206626875872,67.08239624242555,6.349484956156208,65.52600469358134,cabbage
131,58,105,14.813721012571142,67.04348627290926,6.030461688207043,80.58642959088482,cabbage
123,64,126,24.47118586288895,74.14592704010609,6.306494937878081,94.53772691492011,cabbage
126,65,122,20.03904738070938,67.90937468370595,6.266027976960623,75.37056183501875,cabbage
127,53,118,16.07507726849149,77.56508945216868,6.478299792939511,86.29575955141148,cabbage
122,60,106,16.369525474867896,80.98491720028501,6.3761573651243335,94.56596952056658,cabbage
110,59,131,18.70960997674761,81.12828662968714,6.386330265558368,95.59470311192368,cabbage
123,54,109,20.55285843754228,80.72833632428859,6.951946423796582,74.39609462617702,cabbage
121,60,125,12.157184195192126,79.68979413967061,6.855532025671448,92.2095959659148,cabbage
128,50,122,16.519255901260046,74.76167071319712,5.824764080510047,76.30831806109533,cabbage
107,51,107,20.01188556562382,72.37689112284988,6.443040990619697,97.41552851707615,cabbage
120,58,119,15.975766920622496,74.35955306063195,6.92692712047082,77.58928984232293,cabbage
114,58,137,23.793910116656654,73.97161684966893,6.678623637151471,73.92103556302695,cabbage
138,66,118,20.134403753954125,69.19967434282894,5.6677250698592605,80.09645536396322,cabbage
118,48,109,16.204846258291504,75.32667332614965,5.928533628848394,78.0006734078957,cabbage
104,45,116,19.440472909242462,83.05133984543365,6.173964115195725,61.970000207852735,cabbage
117,57,118,19.81816393558914,77.98772930200168,5.208390568625226,80.47135164433948,cabbage
129,59,124,20.19097048585589,74.35762579907242,6.570697758875185,98.36847650484285,cabbage
127,58,125,16.10792133525859,74.36976910828596,6.881379187275683,74.12186348856089,cabbage
116,58,114,17.312742109132824,81.83098629714462,6.406916910855708,65.02908990813077,cabbage
113,68,112,14.728649286606275,70.40813651507086,5.843837878155718,100.01534758270748,cabbage
108,59,124,16.75781831802893,75.8835035975795,6.800168688508846,83.46394254203715,cabbage
125,49,132,14.73359125969676,81.69402841218465,6.498570257934031,58.66298554095072,cabbage
126,61,107,14.728743724516928,69.22828845192991,6.642265588451681,61.52096529252578,cabbage
128,61,119,23.37649550484022,70.66388666828362,6.331683212734409,96.51854935817688,cabbage
95,59,128,20.827194042805885,75.06962404604847,5.818285298148196,71.35392220921642,cabbage
119,75,106,17.516739058772693,72.62618385616986,5.621844962819689,57.12899630711523,cabbage
121,71,118,15.44819389183264,79.17726341484084,6.559162991425387,82.7954597189479,cabbage
138,57,130,14.877895993543063,69.71721127114954,6.120107889753445,79.45535841388423,cabbage
124,53,123,17.171678888225525,76.90007429277965,6.35244501758865,94.3416475895608,cabbage
119,55,113,18.949445972723627,79.06383237168295,6.9402417615441045,89.1589397326355,cabbage
123,53,128,19.75430753328084,75.3822933881971,6.535528133986305,94.49330972410532,cabbage
77,48,106,16.291569856096704,62.94598018969005,6.140206705403964,40.683378236132455,carrot
64,42,104,19.625944210523528,72.4712864862789,5.819536109707143,51.4452705810649,carrot
108,32,109,17.035839119336732,62.48185209102271,6.192039979439736,35.98229119414418,carrot
71,55,103,22.212615301679072,64.39914779190438,6.425573302535778,54.625560505741575,carrot
97,46,92,18.040850363793357,57.14435031859369,6.0804219928044745,75.05797201387018,carrot
72,48,102,16.307039889876748,68.06701202802817,5.93746581367255,68.27327735947058,carrot
66,30,100,11.283467759249511,71.70462290441883,5.977911790883582,51.71514153668058,carrot
61,37,110,17.36287013120978,68.80492685643827,6.15452032848463,51.46351062400914,carrot
66,51,90,18.675479072031173,66.36323476678052,5.530477541280258,48.751811516911566,carrot
69,30,104,17.25426539349676,57.03558111820955,6.163327277279556,46.53666880660991,carrot
92,53,112,17.77390376042305,58.313063532562126,5.781895643856162,65.17292734393166,carrot
81,33,103,17.018451892269216,68.39034535761904,6.113374412821784,69.52340827116954,carrot
88,47,92,19.36122868354441,70.71040730641278,5.276849002889552,57.443275719707046,carrot
89,32,100,17.35561518653661,63.18581367770309,5.948690803831182,88.30302843867119,carrot
84,44,96,15.278092187438611,61.80278012258175,5.4877254065081305,86.23899828874171,carrot
75,47,87,17.163453754409787,58.97137288769562,5.403631452901992,67.18976172465602,carrot
74,37,93,19.490347712534223,62.11639732158067,5.047980353849585,64.28418820752196,carrot
103,38,101,16.11065619050281,57.747503563496736,5.966738989352197,57.137375170355874,carrot
70,44,87,15.49638767522316,65.14331513362681,5.372477858463627,39.75367180746356,carrot
82,47,112,17.342752965700804,52.62001587093114,5.978718944626233,62.67203721177818,carrot
86,48,93,21.349961076611784,59.68444058397733,5.484444512513756,61.679579611631326,carrot
101,36,89,20.126375567512707,65.98125890970931,5.977916174933703,55.840850376207136,carrot
89,34,115,15.79401478024702,61.93116488415038,5.775702212353288,57.1657025599182,carrot
101,49,102,15.83403683512847,66.10514307324658,6.10973815819481,20.96726580613932,carrot
84,52,91,14.08767337809658,70.92921761683692,6.200190283321947,43.41485076927964,carrot
65,49,103,16.968639734993253,58.301514752892814,6.261371005836515,47.57097257911307,carrot
60,44,93,16.779500833729642,64.37072262369578,6.123821025408264,69.7167886824223,carrot
87,33,103,22.31967975833925,67.38668217315282,6.392147784591779,65.316785553806,carrot
84,54,99,17.23727444271199,70.70860348490413,6.111335605469021,66.7110007238291,carrot
55,27,91,12.460861880369295,73.22661347378872,5.5844695874072,63.66095454288501,carrot
95,44,106,26.45114568446317,73.66666205092206,5.750612617376763,82.73110342984845,carrot
87,38,101,21.66475596649873,64.4111162140168,5.739199618930565,67.40897576748121,carrot
83,34,102,15.899275510045973,65.50727538334029,5.861601498525016,25.97445062362109,carrot
72,53,104,14.903503719912887,67.40282506477575,6.204712768861962,70.11556041306122,carrot
92,33,104,23.00612475783529,71.07028955045551,5.274692668457775,65.81572282646994,carrot
93,28,96,14.232605256749718,69.75782444928667,5.902418090430791,51.07538946666374,carrot
75,46,98,15.830597585807617,61.72895277149544,6.324440533163679,55.37742480311284,carrot
74,39,94,14.113790484026495,67.39396536642558,5.770323086183249,48.23042781806942,carrot
77,47,101,21.834375196186123,64.30446841088458,6.635065190470705,48.80800823289961,carrot
60,45,102,19.52839479588417,69.54120248834703,5.891191305617162,68.60870337220634,carrot
83,44,87,20.18778694063413,67.43984233188006,5.833981404561492,66.80622507491373,carrot
78,56,91,19.123826915146097,71.10994864053899,6.849020572183238,88.88516645502514,carrot
61,40,101,22.13635879325101,63.51127416673368,6.135459740464807,96.05072452685684,carrot
75,50,92,15.413059826936347,73.84014468448387,5.664832708671957,48.245127886891495,carrot
96,34,95,17.45115798031423,66.10020158021031,6.084741748035039,56.51856323686129,carrot
62,40,95,18.53251121561591,58.76778945321425,5.654253393434892,53.49688539519505,carrot
89,31,97,18.173648645162416,58.74526348314336,6.106544869796574,69.98500901259271,carrot
71,44,110,16.152643133001945,64.10996710920749,6.649084743932519,59.40119934920284,carrot
57,40,101,19.51047573503225,54.700341075758224,6.521157304478908,31.204766904376584,carrot
75,41,100,17.05744603884124,62.15339309237915,6.742705137593955,40.23212832059285,carrot
82,29,92,19.88550857023656,75.38195545537607,6.107414059180216,71.20195240548426,carrot
72,44,114,15.484020942434269,67.07330644779563,6.016454164236265,43.78411581257927,carrot
100,50,104,13.997850934977432,59.769309604887646,6.036749187668586,76.31268888571074,carrot
86,32,103,16.309510336649144,57.23082025900312,6.530006208988885,60.92508016783117,carrot
81,41,97,21.93586179939387,65.90279355531509,6.383227038261568,70.93088218165147,carrot
83,35,89,16.18231044487741,70.1822859143282,5.292937617411768,50.23290190196442,carrot
82,32,96,19.40435338466047,69.40537454232584,6.040611353642872,96.76996989858934,carrot
62,40,102,17.72888040350379,62.74072227441164,5.734158336590904,62.6709081220524,carrot
85,39,103,21.28193748854632,60.126294616230325,6.007287437452808,47.1614609670879,carrot
91,27,104,18.35024581895489,66.10340542921652,5.483025649613701,42.0044853676509,carrot
79,44,99,22.61696567080304,65.22779483189196,6.0875495959326855,62.40272157776087,carrot
73,36,103,18.537775432297277,68.07503057362737,5.733527127084629,45.25526736104592,carrot
70,39,98,18.775751283594907,58.97744415174787,5.906659694412468,64.00613494678682,carrot
69,40,103,14.938087741961176,66.72280398884386,6.409686239602318,72.16548829705536,carrot
80,45,114,16.94811666321397,64.3947270042851,4.98100601489473,47.15268001138572,carrot
80,39,104,18.8920673769214,65.00404252096823,6.198740722391115,58.379492819610775,carrot
71,45,97,17.76484038593672,72.59641141898425,5.79039203587535,41.3208686895713,carrot
86,53,93,17.31913929787226,67.68708017582449,6.124478557934769,76.7165719670055,carrot
79,49,92,20.267405070591423,63.76031904963168,6.595842754762471,83.84557806701658,carrot
88,43,100,15.43709300973157,67.3929828006387,5.675458503483215,71.6304367235064,carrot
63,35,105,21.52974302064572,67.71178900690913,5.610180157969263,107.22168288176113,carrot
75,27,98,14.946977316330216,69.7149703714167,5.613010099201455,77.17695653971788,carrot
71,19,108,17.751930530007634,69.72701254419023,5.734651432449624,45.79104774572386,carrot
82,37,116,16.563377601348392,68.46160705067328,5.782904900369704,81.19013786593595,carrot
78,25,86,13.44131917601484,63.14693549476858,5.610756022634618,64.42407512836779,carrot
58,26,85,15.64737402398008,66.38664681624425,5.153524353304346,54.45106195933642,carrot
75,26,100,22.433713720480192,64.73489577855014,5.978525527790765,73.03903278451733,carrot
89,30,102,15.027504713094324,78.0948119462478,5.823455052299458,36.53910226594813,carrot
71,42,94,17.702925266643184,70.58205245580626,6.589669996739508,59.16659844705446,carrot
83,24,116,18.608490911298805,71.68928281750746,5.527202045309198,48.308568153226766,carrot
108,39,94,18.12667584326416,69.81848801774218,6.34576416366056,70.0568981762874,carrot
94,46,91,17.488463438068255,62.00141600100388,5.606805731843712,66.28340969636034,carrot
96,46,109,18.625862556762684,58.27129136335709,5.831340364634577,68.25054131081419,carrot
68,46,112,20.212456184019043,60.02448940619153,5.857065853330694,37.00356060709479,carrot
73,32,98,18.525342835962096,60.99884143320274,6.191457194420409,55.00920986137264,carrot
83,41,102,17.986069350545925,62.1935731562546,5.7856345469736565,66.65058809939949,carrot
73,25,93,18.406768845654977,66.78932109569627,5.867344766641671,42.66864842601019,carrot
87,38,100,15.388981075407962,61.16613360884713,6.42050698819715,56.95287560912928,carrot
69,41,99,15.586894044985812,63.6227230880386,5.838664570978996,43.86292807261778,carrot
76,29,105,19.56812324791888,67.80505818479743,6.392675553252311,48.07502618260061,carrot
67,44,96,21.202947305554808,57.57991867358275,5.5005610094411,77.40749013106847,carrot
79,53,84,21.86450789874352,68.30459608932287,5.877419209675833,46.56559806276191,carrot
87,41,116,19.818697573101616,56.3511298943822,5.980974763256886,67.72713095465427,carrot
69,22,91,14.659391931418613,67.42182698422558,6.609772611710184,36.42113199075282,carrot
84,31,108,17.24739244023292,65.6269378652938,6.526822969821668,62.27152469014206,carrot
84,38,113,18.971852155524527,66.3422701211645,5.82690868179944,47.46948095817203,carrot
82,37,121,18.402232230078443,63.50143490234213,5.907618155527261,53.565878604540266,carrot
79,54,102,17.978262218336695,60.93176482494023,5.102072776764117,77.31555361602233,carrot
91,36,81,17.710147138016687,63.37179680201304,5.814984608041072,71.05029507756694,carrot
77,37,95,13.515960916490563,71.11121146737126,6.371431080455258,73.07740107348351,carrot
55,44,50,24.20699080884224,62.98526994251512,6.818928875974928,58.400044072218144,sunflower
46,33,43,26.176375001807525,52.137850189664384,5.831586769756196,68.88682702132402,sunflower
63,20,27,27.26507749362668,60.43247916967932,7.578245724103412,84.21072933318425,sunflower
49,30,29,21.793475282259635,55.97896317612512,6.76655063894197,60.178778268681725,sunflower
47,27,26,21.56419618177386,50.344134958461325,6.773830185649713,87.26669652773796,sunflower
54,34,26,26.54506914338893,57.89392788677389,6.625498334919287,37.06261948851634,sunflower
62,32,22,23.798625327629694,58.46453788088338,6.484278315227245,56.68646905258582,sunflower
58,40,32,28.69711196722201,57.41128277863616,6.811798413108316,57.20927396033112,sunflower
63,17,35,24.09635727565451,58.40915602940974,6.143344198744207,60.83692704002217,sunflower
57,35,19,25.88524643057344,52.68406430339213,5.645068028839013,49.286007665530576,sunflower
41,15,31,28.04096752305961,47.60821722772213,6.195453505443476,48.42420875295147,sunflower
76,23,40,26.99922572807706,52.81439008357359,6.319822007008266,71.06127706955614,sunflower
52,27,22,23.67114318364169,45.30232227244021,6.88147623060346,65.17102250271022,sunflower
70,31,39,24.06734001086184,54.17058570671541,6.5423469721366185,85.02653729209968,sunflower
48,23,24,28.157495068865124,60.87110525336491,6.815736003507639,61.96268654831323,sunflower
46,43,36,23.443520031770383,50.018329910604336,6.555651053779911,61.062237057119766,sunflower
72,29,37,24.640362673191355,58.878729475513474,6.309393102359356,48.722984719043374,sunflower
51,24,42,28.16087910591594,59.56381355267503,6.633852767149412,72.55052485077027,sunflower
63,32,37,22.929559634024574,54.669564378372776,6.127937192873232,84.35484426978357,sunflower
68,39,24,22.45542658410426,55.150587361975575,6.573455417530989,51.53393512323288,sunflower
57,28,26,29.70631783434045,54.226747479874106,6.4042591145562096,56.55496197691524,sunflower
66,16,18,28.62908273678477,59.06257293207001,6.417866816522632,81.63816438565446,sunflower
45,33,30,23.98994698767348,53.95226473602712,6.0070870089728015,87.63341668316855,sunflower
65,23,24,22.995415670970655,49.58701194962606,6.005355379887349,61.36700725890623,sunflower
47,12,30,24.705972366527963,57.34253811632131,6.701362364848174,29.105553669330668,sunflower
43,25,23,22.56436751388868,47.88555278990496,6.208956147160424,73.56789952106526,sunflower
62,39,34,21.225576634721197,53.63845580823002,6.914648841736253,72.55568820040048,sunflower
58,33,27,22.324120555455515,54.56168262273217,7.046877650157171,88.84174633628771,sunflower
68,44,37,25.266554178876834,59.38873899011776,6.800326682604965,59.44412356195236,sunflower
55,28,28,26.306902126040324,59.32275550860531,6.595023643949888,25.76844778540148,sunflower
58,27,34,27.6015859033402,46.953395679551726,6.71511925188452,82.46032517112974,sunflower
45,31,45,22.539190349025056,50.660774613474096,7.207811019322195,81.63832259394862,sunflower
68,32,33,27.072581036646472,48.972784994153365,6.070963486636827,60.78591417617469,sunflower
46,39,37,23.54370753155359,45.05757346178237,6.599081499773128,80.30597415153841,sunflower
48,33,18,24.01948632383565,61.5797607608897,6.386244389351012,81.22139841037679,sunflower
70,34,35,23.028519787445287,51.17618860642911,6.871608733207376,81.10173287972036,sunflower
49,21,41,26.39421358023221,66.94315146554112,6.820762261439659,104.77928686635916,sunflower
61,25,38,22.57829348926162,53.62720142759829,6.667936437758797,84.55246829583841,sunflower
74,24,26,22.083267996799428,49.423293533991526,6.6962232395849774,81.79153052456086,sunflower
50,30,17,20.197730596584925,60.34757045121852,6.750962674261204,77.37834200545714,sunflower
47,29,29,25.74947697246309,56.50566086387701,6.446275759450883,73.4402485146749,sunflower
75,30,34,29.909213760914863,48.2736857654255,6.852975927478332,62.51049351516035,sunflower
42,36,29,29.2298702401486,57.46751791016842,6.349954097741819,70.72495555300763,sunflower
58,32,28,26.76157145142024,53.112988732648525,6.488054173465672,68.19216074595175,sunflower
44,37,16,26.7664500958683,62.77306439099056,6.552078304031172,64.88227184136221,sunflower
71,27,15,28.083742975857305,56.87099436354978,6.864364971966046,92.00745836132144,sunflower
92,29,33,22.928591158233957,62.66959415240977,6.5996014063345125,96.18158512839382,sunflower
32,43,52,25.578964797453253,61.02475498537004,6.44886194815525,55.1963227885408,sunflower
65,37,20,27.555234590884744,59.14354298740354,6.080751988111391,45.701302696997786,sunflower
66,29,24,24.17679416720143,50.6016618318216,6.002260804261352,81.88152509345151,sunflower
77,24,29,24.620788798952027,56.76053616816802,6.078247999491099,55.66176686402111,sunflower
56,40,36,27.25823077434171,49.0744997680663,6.380365256699098,59.7098717672616,sunflower
51,30,24,21.994373335025912,62.549857525214826,6.962536124358149,74.82085041294098,sunflower
51,21,24,23.931932967454674,54.78384642801271,6.941564040115165,42.28362176668115,sunflower
57,29,26,24.33067508117406,56.36256622036262,6.656973551431814,54.42160872962683,sunflower
54,37,28,24.863414010592297,49.0970535165028,7.074837887316038,55.467515319080746,sunflower
52,33,35,23.33451799303156,62.472221944617054,5.399398243321393,94.45022737375366,sunflower
72,25,27,21.43761036354128,54.098766799658776,6.075235196931358,56.792231831304456,sunflower
65,45,38,26.07580567773197,45.25452057780741,6.592890603690132,72.3340208406783,sunflower
60,41,31,27.068887288644014,57.39481627536289,7.005312252333978,83.31285336798568,sunflower
54,20,20,28.276376171293748,45.07904758799347,6.717414017379968,59.2915009585452,sunflower
63,32,25,24.41265163395501,51.49289485123629,6.407682296126945,49.593234617742056,sunflower
74,23,33,26.968580540817587,47.78132908984156,6.075349386093622,80.57378605462962,sunflower
46,32,37,27.264209852065505,58.51678628377768,6.734351126014444,56.38307943374835,sunflower
51,33,30,29.4475257499054,56.324708513716416,6.127128101218434,99.3867776076484,sunflower
64,33,39,23.89478430792588,58.03345774303611,6.057202372971219,44.28160069220023,sunflower
46,31,28,21.65424044881782,56.333991436996925,7.284183355505293,78.07101377814513,sunflower
58,22,17,27.73232566792924,55.47764295853102,6.334901502602346,66.67218658546157,sunflower
70,22,38,26.18580170224157,60.99642873567896,6.282926559887598,69.20057404995588,sunflower
73,20,29,21.737693010327234,64.7305574261377,6.836427551652474,87.98303122742196,sunflower
62,38,20,27.8250940728781,59.51877256580558,6.458403201754005,74.9037331290778,sunflower
68,33,29,24.7333209688384,45.13111503393618,6.949002098234378,49.70108292219872,sunflower
52,47,35,23.095324439455847,52.18516988806756,6.257334585096529,78.47555694331882,sunflower
54,27,46,25.594600183914107,63.22061734262615,6.669914384440817,78.25876696933109,sunflower
68,33,29,25.348112689094908,49.77903655166279,7.218709000254984,81.81915304285926,sunflower
55,27,21,22.22974954334817,53.48688820818363,5.850564458361942,78.41008100335219,sunflower
46,37,36,26.53357895238519,53.8305860628242,6.702026625020723,46.02088145471509,sunflower
70,33,24,27.06114340686484,62.173268416558535,6.665946172576694,82.90857431620805,sunflower
44,17,34,21.21205299752705,62.48730152321357,6.765545150951748,67.98148717845679,sunflower
57,23,43,24.328695507896278,47.32065395325616,6.444975635283016,78.40119360937854,sunflower
41,28,37,25.52127817345868,53.20409056113757,7.136906040972597,58.47813618916023,sunflower
72,44,26,24.40355915815705,45.4091796678215,7.051343248085439,66.58436634944249,sunflower
65,28,32,29.76920961023021,56.83057788425877,5.753377365177999,54.27328981055521,sunflower
66,13,18,24.766206012230032,47.86550154275472,6.116863640676126,94.01271107799556,sunflower
61,31,46,25.946566664532863,60.62958029049516,5.822971352488734,74.88410647848619,sunflower
58,22,39,28.0780183025436,69.0437449632599,5.352071884678313,76.3045657994164,sunflower
54,22,22,27.564597253165797,51.28818085836087,6.517514963562128,55.990385922163696,sunflower
76,48,17,23.6144754509706,52.36869470867504,7.134873451130742,93.89268225276984,sunflower
60,18,46,31.13537111268349,57.90441920381125,6.310084050178185,57.99958211416551,sunflower
67,43,28,24.831669461065207,53.030136214200034,6.560120686722277,80.43634751763268,sunflower
49,29,37,21.04756309908408,53.60799569827154,6.5207442986131126,67.1443426621459,sunflower
72,18,20,21.540853455898677,54.75734679468513,6.334673228057408,62.04296321456313,sunflower
47,24,35,19.93739928571658,67.26852284475159,6.782818620288508,76.7518601450172,sunflower
72,31,27,23.125432998162328,54.62379826780052,6.523465642673941,86.30609919550069,sunflower
75,27,31,25.04208758052362,45.52168024250379,6.173012387222828,78.91696186621013,sunflower
71,15,36,24.61824230252766,47.07593364067302,6.883741891414372,74.34813972273894,sunflower
54,38,22,23.364808309778702,49.7423318223814,6.106776254332122,88.63056358742332,sunflower
58,25,18,24.9884340941608,52.87768921200588,6.208435094162535,63.95586685178794,sunflower
71,29,37,24.90583161786849,60.16898045079301,6.582701252662374,92.41392734519349,sunflower
57,31,20,23.589422027199348,47.92827513309916,6.274820734584439,68.80016138451437,sunflower
122,41,84,16.489628272188092,73.8047798287807,5.7804488706986135,247.76619472552,tea
113,43,72,22.495958183744545,79.4591349158381,5.773136796339435,262.7270612251139,tea
110,39,75,16.598350055728993,80.34823640848896,5.316146685561498,232.39815521934293,tea
138,50,70,16.0780262620047,85.70802847901686,5.075524207941903,241.911660048452,tea
121,33,78,19.90406001959294,86.42911698502799,4.730265471583986,231.086366117748,tea
119,47,66,21.04686217581077,82.5126825534965,6.129240231364397,273.99314035155373,tea
117,51,71,17.228854511447935,79.41516457733138,5.081041800015015,263.27005613691347,tea
117,55,79,17.195867589540825,79.07388831789812,5.444381118327766,268.68005825890737,tea
116,48,88,19.238574414184324,84.00898570410811,5.392685352990807,246.6593235305912,tea
121,22,77,19.798834430861863,89.53424997040477,5.262310720139119,275.46155031547875,tea
132,37,83,17.09110272196274,83.3411951553767,6.04218232192819,288.7406678217454,tea
131,41,70,19.62069109631547,80.86050082543585,5.977810591731789,248.58809184350451,tea
122,37,63,17.116725754516228,73.61284019594197,5.450918305034235,265.1207925068872,tea
117,36,85,20.066044522134582,79.43865907512978,5.781475751326607,230.65096866967477,tea
115,51,80,21.53147787097324,69.56509767077756,5.809906900242973,267.10649999670505,tea
125,41,87,20.397084421340463,79.1131460815,4.990071031333744,230.41053011121116,tea
101,39,74,24.070606333636743,80.02119738189872,5.487362116774413,226.37494689638257,tea
127,32,95,17.850009381337625,79.86967440216243,5.144124628353278,261.3220812420439,tea
110,32,89,18.341381140172786,81.66197517213841,5.620738188228654,240.5873339090145,tea
128,37,74,21.79726028665256,73.99043779894791,4.923903691889442,262.6755310077714,tea
116,38,70,23.58485572749085,78.90543705117588,4.441839782410666,247.91097718876244,tea
122,42,76,18.083018007908525,80.30976860394418,6.106960002016017,260.3915314358948,tea
135,44,76,20.110699904236554,57.171205628194855,5.8182488107961285,234.79929620956176,tea
131,32,75,22.94340591655642,84.69842459035665,5.041390095115236,234.7617842477453,tea
108,56,87,20.5108173341757,74.38515498339774,5.771102131627504,253.0963330801736,tea
118,30,88,19.204780951493746,76.22613118557165,5.030518644009937,245.8644592978703,tea
106,39,78,17.0787559628886,67.44852588589747,5.646250416613845,262.31749991963693,tea
118,34,82,18.3254416070275,76.7702871979477,4.85007319010117,253.34169256259509,tea
129,49,91,24.71904764327687,81.52718510354342,5.558086057605331,265.97622133796733,tea
126,41,76,22.980999769126434,89.7966407804689,6.189733624666549,265.09730973220013,tea
118,34,80,21.32828922063636,75.3768140120491,6.01606774540898,254.18784003480175,tea
102,55,89,21.568040150364027,76.3931875484669,5.61611472469335,247.68117187052053,tea
131,56,73,22.41163537783064,83.6988777319404,5.5125786752573225,247.2543230988269,tea
124,33,75,22.869433933142584,77.16995322423678,6.484644051793121,247.8840348139721,tea
120,46,83,20.27011202243414,79.58868510941048,6.300800715626899,260.8961610832972,tea
125,33,74,15.34290867116347,74.17345292373072,6.023699606736787,260.97542590060414,tea
140,42,88,15.134045416494825,80.39462659303472,4.752462646035214,261.81315736828583,tea
120,43,82,19.607598218073857,80.42586377158001,5.016074652794654,257.72543866773464,tea
109,42,76,20.757659604329262,69.63856098388263,5.288272969505016,211.62566806623,tea
115,35,78,17.630871240405455,87.20773847018444,5.635197129147377,246.84370156395232,tea
129,50,74,22.547902094820472,88.3409312946748,5.196902094202764,256.0381955821787,tea
116,40,62,22.728639734586885,72.15653904496457,5.632552874191303,262.2347243533148,tea
124,36,76,22.06813072948821,77.05533177860424,5.171576726005217,252.3235771336501,tea
127,40,73,16.79306494893533,75.39339223765356,5.992937845794774,259.9982419109873,tea
96,25,82,24.675687233263854,81.92300772478582,5.9097808659194495,266.1039799207384,tea
114,31,85,20.287122162767893,77.82365956183222,5.840816525781806,231.3152139242009,tea
108,36,70,17.95510459058249,81.94511537449965,6.370637310911787,265.9249339285467,tea
119,52,76,21.280494982876547,83.83171524597313,6.400552143545473,249.9313917436897,tea
114,33,77,20.661617753279515,77.98506356959979,6.139600601258127,252.8330017834344,tea
128,37,78,19.516616346885822,83.60916325357002,5.846867823564281,243.6440764853863,tea
112,33,82,18.859750391472044,79.33542542151903,5.703237078394802,242.96236030165304,tea
137,30,85,19.20638405646367,77.51642325040415,5.383243829207393,244.01018128824407,tea
113,33,87,24.75870457782714,76.91586799691851,4.975458960325327,238.908540968737,tea
110,43,89,19.42319783276704,75.63169565192625,5.604055882471588,246.1443300086864,tea
100,37,85,19.814481771774165,87.86835559000349,4.9200024242206295,249.96007850901208,tea
132,37,88,21.606683469862094,87.91048454048205,5.436343529977367,246.4139279312614,tea
125,37,74,18.29113477899289,84.40940963305414,5.55559928717735,272.42834779387016,tea
118,34,75,19.67255986794345,79.86593358789156,5.383294297844137,243.36359502701728,tea
119,48,73,19.599483862839584,77.28480631473036,5.317259284050016,234.839957679345,tea
122,34,72,20.41339853358907,82.36873839153297,5.891185616380114,251.22683509329727,tea
119,39,79,19.224971356889935,81.17868784723127,6.174612148951435,267.6233408984106,tea
133,49,52,18.62633297873039,84.00456215433064,5.440638807137774,254.8601917758987,tea
108,39,87,15.393957829212123,72.79422867293823,5.196237909612988,243.33671485512556,tea
119,43,89,19.111743513974623,77.89411816865413,5.766709333880441,220.30031877520776,tea
117,36,86,17.15301297712421,74.82452714895298,5.828972591141494,238.1281552306306,tea
124,41,62,21.175499860156712,78.60195115030336,5.946922811932702,235.18698584295373,tea
111,39,59,21.88767744427577,71.82633940018238,5.106311995164885,247.9995890731238,tea
122,28,101,16.900849276641882,76.75250802455203,5.826323732381414,241.88394736690236,tea
127,38,61,18.61364996646154,75.53253998470242,5.275100529825335,252.21714634510167,tea
116,30,70,19.05074101014362,74.60898254573601,5.3110196750010505,225.3023137244097,tea
98,38,85,22.38312841168652,82.58035378788914,5.814568617800998,256.26238954900435,tea
119,45,80,18.97930003652577,80.1255797594374,5.367959962045341,254.2964424989926,tea
115,38,85,19.826081536144805,81.14657092219001,5.10119989910296,231.15895721695605,tea
131,43,83,19.249903504680294,85.20151783508221,4.644560840505939,259.18243318469337,tea
107,36,84,21.28262646307147,71.73440379364659,5.569506435389895,289.0524004910756,tea
102,52,76,22.13436320259563,83.43622438298277,5.120369772158404,255.71038121010616,tea
133,47,83,20.76501467945263,73.86796931083627,5.963262021903674,236.14992274572197,tea
114,35,77,17.876893917773646,84.70762051708641,5.49882635204806,269.4820723377695,tea
129,49,66,18.05046449658462,82.61417891754198,5.201742145173228,240.07512757918613,tea
124,43,85,18.96955218609647,78.90956191247793,5.798296971077316,235.6863066563644,tea
135,58,70,21.837921892296038,78.48975684268713,5.890058518467454,241.037913140757,tea
119,38,84,16.673511146525026,80.79787272045914,4.788299830867122,253.20000990345287,tea
108,27,73,20.749417749359644,86.76064029906196,5.364214894507651,235.00105253829955,tea
127,46,83,18.165207779700594,79.62382239465563,5.443083615530822,236.88317631517612,tea
95,42,97,20.8422754082132,85.43874358581425,4.822869631222696,280.99786245260003,tea
128,32,78,23.817359850529662,75.55900176270605,5.903292109995928,247.4681617671859,tea
114,43,62,21.518037233034224,86.36281941309568,4.31005138605907,263.8279059467701,tea
115,46,82,22.083242786757392,83.95385953913227,5.1198113415911335,257.2449669936038,tea
98,28,88,19.13857711964825,80.37787957354308,5.622182020562509,258.5708873532071,tea
140,35,62,16.409778383396198,83.94918927357459,5.219509052016301,267.93651755967755,tea
121,41,79,24.30250176327158,80.43948514952879,6.004858207337649,247.05970735683977,tea
123,47,106,16.964042628131676,77.8581209347293,5.239698253981233,234.38311805389475,tea
126,26,84,19.026558787927144,76.03929735602397,6.360711220062826,243.92626014740725,tea
98,30,84,21.828629347673,76.78138106338353,5.428762471157322,258.97789886270266,tea
119,44,73,18.078600715550994,77.23102131207455,5.348496108900884,247.23843826305128,tea
114,32,82,17.881739001794912,79.3256864296245,5.67160583846852,237.45616897018257,tea
140,26,84,17.70887297633297,86.55888370335141,5.953851544645561,246.1535775105782,tea
125,41,66,20.470749082607945,75.15753570459594,5.821571620673178,244.85128871982337,tea
121,54,83,19.515147328207497,85.96173462437082,6.038412965118529,230.0395643239217,tea
127,23,91,17.26437317145092,82.4067258747261,6.479476587784857,225.5662917760348,tea
4,40,39,23.93166672691305,47.045347937501546,5.947331912654419,75.40047042447381,peanut
18,60,30,27.62254252161332,50.45222063529049,5.423904955535855,83.22908620745828,peanut
17,56,50,26.56563343553366,43.82808222448833,5.965700653754436,85.97886410140198,peanut
25,50,42,25.148803909193816,44.35648481978122,5.942490572010784,106.02427837686317,peanut
7,53,46,22.927800678882637,52.6728345452578,6.394138545922525,80.02358699540616,peanut
29,41,41,29.13844339171598,52.35717760856448,5.689856240917919,72.65674537042474,peanut
9,63,35,23.709583938775676,45.411602432011705,6.415733351081062,77.78425680375304,peanut
23,40,33,30.63627248411009,49.45803216345909,6.440152673530668,84.17286165102793,peanut
24,39,43,32.083376875981706,47.6336251101996,5.697077721968555,86.27848112579818,peanut
34,53,45,28.588973535711403,39.474634387349695,6.24458836847456,69.31503368553928,peanut
25,51,35,26.08931815643356,54.8925647503627,6.250319804030275,73.70554576581608,peanut
9,44,39,30.847837379132443,46.66365861948342,5.137311516578277,76.89265872168247,peanut
32,54,30,26.675240180239392,48.6160770968399,5.768725942539728,57.71679585925624,peanut
16,49,24,35.1996591781849,52.850808672204,5.524031000877035,68.6771298487283,peanut
25,54,29,30.531360356638405,54.751277491454914,5.859953501940917,56.58026613384355,peanut
9,51,43,27.82560640302898,41.83802907484676,5.87920379237841,68.84852156690457,peanut
11,48,30,29.9803780447688,58.20329056116614,5.744745101246045,71.09539764863382,peanut
22,48,39,26.974427297579275,60.223884967005326,5.885361940040978,60.621853474475714,peanut
24,57,40,34.71575246345077,55.74224731923716,6.137448427752988,57.717298374021496,peanut
16,63,40,28.090287864691213,42.15268594579986,6.39004904345099,74.85090604596586,peanut
33,51,30,30.66039788547152,54.27033763413156,5.875806345249235,93.94490252399932,peanut
30,40,48,29.176512429427785,55.2612854857276,6.48826440128167,98.20767505028186,peanut
17,45,40,24.31539944272565,63.13724415753008,5.767876920923168,85.67871953920574,peanut
27,54,31,29.72494709607713,50.334554807666905,5.0952974352577325,101.2287377009172,peanut
23,58,43,31.199536324574424,52.738804992189024,5.883873637788027,77.39437374346777,peanut
11,55,31,26.427111976733475,43.63037413926699,5.194087465795832,84.09314501333998,peanut
16,56,37,27.586465620610724,53.9521275756023,5.834126503873378,89.00785220989104,peanut
27,57,31,25.919763664289725,49.86635556083276,5.877185487755893,71.80564557300134,peanut
21,53,46,32.05190967396805,47.89848648686626,5.906352567908195,94.13294818259114,peanut
36,55,38,24.597266242178403,49.61598130846591,5.850807414883452,83.68202623887318,peanut
18,54,35,31.78236386639637,49.026637812456514,5.660920525653944,93.0695811976892,peanut
29,44,42,29.350607871116075,38.73468866579381,6.412364206749885,94.3780920934461,peanut
15,52,41,28.81861898962325,50.81431617959944,5.992790338808606,83.66291008211675,peanut
2,39,43,30.67645008784172,55.81494862108729,5.559854645287937,66.24556403927397,peanut
30,54,47,29.22000700890149,54.11986656513832,6.143788107243001,80.28836636029112,peanut
26,51,21,28.495909746103585,41.959501680241225,5.674647025216157,82.65097148693306,peanut
14,59,35,32.75882462590872,45.7985126883478,6.368327799205501,102.38550470072386,peanut
18,60,35,26.040537274187123,49.25386613899069,6.213703493707274,65.71184823460268,peanut
26,58,26,26.82677617033152,45.36258856632267,5.650957699305266,69.26925815826088,peanut
12,64,51,26.228498311436176,45.20190649011363,6.558790924054351,88.860154632896,peanut
33,53,44,24.48570640329197,59.7361191775312,5.827180418375205,91.30156449105192,peanut
23,51,33,26.992113474233083,52.15231770733074,5.71567399148032,65.02907119740377,peanut
8,44,40,26.2572401129559,60.78763291626472,5.816178826272369,56.219618246617046,peanut
9,38,46,33.34367797813275,50.06664049271689,5.710680338438912,60.32441431340799,peanut
22,48,31,29.06504632053715,53.37099795511404,4.942688084167723,75.87698756183167,peanut
27,57,35,25.535903373426592,50.39436787710246,6.373803466774259,90.01359062724349,peanut
0,60,39,25.077966779761464,40.962208018284045,5.632029040112467,64.3713504608465,peanut
25,50,37,25.871605337202094,53.5276454776175,5.561278641867056,69.35237041923013,peanut
14,62,52,22.55866055732195,50.33827797418265,6.226948051218188,82.6107691271273,peanut
19,51,28,29.668146825830945,54.21584737456261,5.96293939468051,82.56710720227409,peanut
32,57,35,21.727026858523,51.54779676525371,6.406067393111595,79.45089111072477,peanut
14,47,29,28.5985432818705,54.621681822629775,6.602356375428333,64.78695007711305,peanut
31,59,41,29.77889595501604,48.55233049083349,5.810937695737525,74.53234175028916,peanut
10,35,48,26.888276723696425,51.73637876663249,6.336206788878822,89.62838085696987,peanut
41,44,35,27.386252136817838,50.31857984722153,5.4794261535632245,53.32379677494172,peanut
11,42,40,23.551617256540688,46.91776579290986,5.707782310139786,57.39196131453132,peanut
10,48,33,25.108908705276296,50.93010799494028,6.373832170514278,99.79486156334838,peanut
5,48,38,28.85578329267192,49.65016860846824,6.397494195705733,110.121463110608,peanut
11,59,33,27.28552905476029,54.25504793167958,5.885958064300957,72.94156710748521,peanut
41,44,29,26.523277546844948,45.921661025658345,5.338358098583497,69.86731688400157,peanut
24,47,35,27.491764566940198,47.82843896108732,6.016509822598088,56.62792127255648,peanut
26,61,37,24.94413844769363,55.718035260244434,6.136544697197198,89.76717944241891,peanut
25,56,38,28.12999688474729,53.061003082589934,5.738847126666764,75.36554289105156,peanut
11,47,40,25.52210266598498,43.27633095278283,5.552946576019769,81.8454614244752,peanut
10,35,32,33.078221893791536,49.86221861029222,5.84203183203002,47.71975938209521,peanut
15,43,39,28.576427868348954,47.63714938584759,6.052607483467852,82.49167071169472,peanut
10,59,29,25.1719559296562,48.667530390092246,5.549697773542182,53.80008518941907,peanut
11,51,51,23.600373950589887,46.82162299199652,5.522492151042611,87.92702973469689,peanut
8,63,39,29.908463986984383,48.47469865220702,6.599750975562348,74.14402544186377,peanut
16,46,41,25.424327956958766,52.02833838997704,6.419833710178921,81.46575383905585,peanut
24,55,47,26.82360467673046,48.98705674525465,5.302206694374824,93.72958051620516,peanut
19,32,31,25.94766526165617,57.42832089450343,6.544893771900182,61.37459611600095,peanut
25,53,52,30.701589151432024,49.15992681279765,6.600904480950187,69.43947454316901,peanut
23,45,50,26.163049915041505,54.525145801021175,5.398917632676693,72.58075389547147,peanut
26,49,46,34.19331779896798,52.096641277339614,6.966583488212261,77.9755313373095,peanut
0,47,49,27.07376203785273,55.70436882824491,5.427175072248295,65.48729262144892,peanut
3,55,46,28.57810361323046,47.1546066086049,5.464721203693847,76.7981145907445,peanut
18,48,40,26.267098175967007,53.81035911957387,6.515228163661425,90.6032096406216,peanut
30,44,44,26.82094691098176,54.11420869731639,5.485764856781301,69.52712068734165,peanut
10,47,37,28.1859157802266,42.53049166719109,5.879221519948199,72.25678508734288,peanut
25,46,27,32.06703650176084,50.270402090916576,6.351231150389034,108.78422362866398,peanut
57,51,45,28.513433287976937,45.108018491259536,6.223451728316959,74.32669511913507,peanut
12,52,30,25.50655957754948,42.23212038445614,6.142839731780872,63.10677043018025,peanut
11,50,38,23.21062488625968,47.0641489585396,6.72552663449788,77.40085938530109,peanut
33,49,51,29.132572689517534,51.71650744741155,6.518592463366376,82.49074752235626,peanut
7,33,31,35.0993945511664,56.06716676233765,5.677402200908357,90.25405493355257,peanut
23,41,36,32.01853984354341,45.29580112163881,5.633267097198517,86.89861986936108,peanut
32,47,43,28.6403415021682,53.46704311735272,5.530041406054633,70.58352727314036,peanut
6,36,39,28.55208510723909,51.11731201043334,6.635793322796967,100.6370283909218,peanut
23,57,52,22.041385197364782,50.88801485009908,5.22149803156578,98.70643034270172,peanut
18,46,31,23.374575797733677,54.90540551756458,5.99169300704854,80.75887301688708,peanut
5,34,44,30.78313563687726,45.49783577612445,5.062148118637476,87.69789943418046,peanut
38,40,42,28.273741622441623,44.35419262616553,6.253345734484837,90.52910328066396,peanut
27,44,39,27.94910308577388,48.08462015871146,5.881777694217248,80.4061508185912,peanut
23,51,43,34.3612365245907,43.01163919625164,6.29377247572036,89.5060091551759,peanut
40,56,44,26.798795048578548,45.59484600569287,5.817715688182893,92.8098549170058,peanut
28,54,50,26.090404778832845,39.56342082304134,5.694737613722484,92.43154022070912,peanut
29,51,31,31.39435266470784,43.24280419621716,6.171952814087451,94.82524951484524,peanut
20,63,26,31.494856277780908,44.99149386365136,6.219314161779136,61.034573542145225,peanut
37,45,39,29.290566385715103,50.21525416606535,6.104505917721661,89.11319949700186,peanut
92,46,44,17.558881627911408,44.14728393968073,6.333434617799139,64.97679829063314,barley
79,34,31,16.083304286029474,55.17883172798469,6.446148905261455,47.88338414083317,barley
79,34,36,18.289100435932006,52.772457336817055,6.386447763686082,63.80515694001396,barley
83,41,25,15.090524989773284,52.97421832369487,6.417371393434821,66.14049303587662,barley
64,28,44,18.63711890619181,59.06276615898083,6.641208440053924,61.24664178001926,barley
73,41,50,16.11312959074568,50.98610820082383,6.904063792194002,64.60427700156436,barley
79,40,42,14.22933308839926,51.85401333464013,6.808366467635827,31.554955816932864,barley
77,54,48,19.22584318665671,55.33252911625632,6.407486952255979,76.96059538106668,barley
72,46,39,17.05091674179786,49.86392773939638,6.74029272180523,60.37166087463827,barley
85,44,29,21.31213955372225,59.69230008728264,6.404671547135879,47.0213241712062,barley
70,35,21,17.187216279538383,55.072516617351965,7.409991698432318,66.96138796921367,barley
101,33,44,16.034817643316842,55.23430434194795,6.764482452391611,49.20396617814143,barley
89,29,39,17.536032488247777,49.97109131504381,6.755280749876592,71.70126023737808,barley
64,24,41,18.27458656157972,59.31407507361282,6.416846954347689,78.20063618194682,barley
75,50,55,15.594022537707108,54.43821608624426,6.969661020076033,56.92028001020298,barley
68,44,48,16.440284523839676,46.651380674911216,6.182140369482627,60.20164948866768,barley
96,30,38,17.850629482428737,55.795940797491504,6.342781316982532,39.20739904080952,barley
74,21,49,17.4038452550825,57.28447149681488,6.375714828029248,69.14026373704647,barley
65,41,44,20.922179418690774,57.309197123410776,7.114226957771795,51.40091156261568,barley
85,34,33,22.60770656666441,58.114913924030176,6.1760992785612165,35.09009927979133,barley
77,41,37,18.440112851631497,61.93627408103568,6.4144416455068,60.24711803175833,barley
90,35,33,18.772679945280384,50.9625368518611,6.868825782385594,23.983423228096868,barley
72,37,31,13.901863772361098,54.74653149391977,6.81094979645007,61.16503545386396,barley
84,40,14,17.9936927024225,50.062686780616005,6.592657822898119,34.67118625359025,barley
87,23,42,20.256387569931324,55.248962672495445,5.769524944499983,21.54919646591862,barley
89,36,46,19.390405441485928,61.78212721803971,7.0973563928309655,40.89760317085968,barley
96,26,39,16.784012544319783,51.80067044102868,6.467264077849764,62.245395667597634,barley
87,28,38,16.972929302601482,48.79776586498123,6.179944269262777,61.47590786457811,barley
78,38,42,20.15162457161912,61.07566333519939,7.124921203080799,84.11911389213833,barley
62,46,41,23.013817235661,50.42568664093415,6.757781597825042,47.78350295810618,barley
69,39,29,18.723194677853872,52.878582572490885,6.801534761296463,64.51721676606088,barley
78,45,47,14.042057202038416,57.06523434676771,6.288083716582133,55.01635248436397,barley
92,33,34,18.87424088770944,55.83481998549,6.740396276554977,65.7182696866401,barley
78,42,36,19.806052967306133,56.40544221658465,6.961289420993455,57.65670639103382,barley
66,44,36,16.737001406838857,58.319995229064126,5.874848955871747,80.69136532592634,barley
74,29,46,21.3822708887724,55.95109494553578,6.723396895209593,30.10297445912465,barley
72,43,51,19.825648730656287,53.92280108904913,6.804429109764766,82.09304474550902,barley
74,39,43,19.386280141359908,53.85163369556268,5.940576013099405,90.88827582499212,barley
73,26,35,19.733309975121955,43.95088102111016,6.564071252044386,67.77889463176616,barley
64,41,37,17.184147110611676,53.30669033273924,6.4154512569656745,62.50125127908572,barley
96,44,37,19.15804943036059,60.06204716642054,6.613137268570534,64.77165246339435,barley
91,39,39,21.81916871586718,49.534648685807554,6.255394343597195,37.99376614044534,barley
78,45,56,19.781494966676863,57.05010035073047,6.9062623638266105,60.29907371933331,barley
75,36,31,18.75532263421539,52.936114954198366,6.893950981312379,58.49721273780835,barley
67,38,41,20.745681845566924,48.8593776307525,6.619176496144174,31.77638082534854,barley
81,39,41,18.952798027492104,50.35318773921858,6.70806873176692,62.33726265740489,barley
69,44,33,20.32181038036771,62.18882661708852,5.935966642332105,59.13213774096808,barley
61,44,44,16.423715950021652,49.84605133937042,6.10990448992594,66.32640643879598,barley
60,43,41,14.287188523761762,56.475083020830105,7.732601693396392,49.322437423697785,barley
68,49,60,14.280205362557538,61.14089249564822,5.96285461043745,60.360214166309234,barley
89,41,42,14.369097740785383,57.60133863782793,5.7911985455848525,44.72770799410128,barley
86,48,38,16.969272774146223,52.63633920505368,6.342871101061293,67.5415429308026,barley
88,27,47,19.193727026922147,49.06636232138042,6.741252701643475,65.17937302179263,barley
86,42,37,21.393516661836472,54.693162904480175,6.912386982070898,95.93042331603682,barley
95,43,52,22.887842247003835,49.97316454382543,6.441732846468131,48.32538855071225,barley
78,56,41,19.03319394642827,47.672460212052925,6.566432093990046,68.02985689696033,barley
83,30,12,17.80896676951208,60.2723475139227,6.419050843462127,44.428320449395535,barley
84,36,50,17.56566309563545,52.9328318566582,6.756833221219111,68.49441619574029,barley
77,30,57,21.362753392474907,61.37066953441599,6.766872861919608,67.00902729680584,barley
87,43,43,14.048612780882548,65.62105332363457,6.091083659629652,61.9603988437479,barley
73,44,47,16.01621884118798,58.51552032880085,6.152061531979749,79.38272375555215,barley
74,39,36,14.78781636755477,57.085155402136806,6.770755973042994,51.18395246202116,barley
85,39,42,15.019007174048388,57.814602660320176,6.414889646618301,79.31445197748148,barley
85,48,45,14.494462027330664,57.364560919566046,6.5081355059461865,73.83601820656712,barley
80,44,34,18.58430582996901,53.376285057748895,7.162427774036309,32.17816971144376,barley
86,44,44,21.49506021540404,57.64548538560382,7.183581155155417,58.21708075321637,barley
77,35,35,20.007781422715592,58.81475547793966,6.2036763720962576,95.23701069219068,barley
62,40,44,16.314749231342837,58.33572834050592,6.564962947023829,85.3892819686257,barley
57,44,46,16.51834411560112,51.96035838268909,6.4662691574506415,63.49912400369716,barley
74,42,38,18.69147634023254,46.26035222034062,6.800427296008333,65.88495322932846,barley
85,50,47,15.150360862346892,64.44236624486766,6.1800118439120375,37.64816088560084,barley
67,39,39,18.358566365974752,60.88864222022431,6.421661117518823,48.31790675957456,barley
67,34,34,19.795739795864858,59.20397544870893,5.862152942220364,55.94300315662446,barley
77,40,37,16.810453116672193,57.407764283418096,6.406226378529326,69.4477429888619,barley
82,39,40,21.38558026764697,60.51900103362539,6.214631799527087,90.09912023398954,barley
89,29,40,20.607755280668016,58.55406849215769,6.805390974558479,74.03562608325312,barley
92,50,40,12.800685614888213,57.40936042439348,6.437610584143393,67.36256353262633,barley
74,43,45,16.18087173660827,56.57873394880255,6.827896061360545,85.08710475856043,barley
89,32,37,18.841298158794977,51.05440587557574,6.4469638150646125,58.71132948730634,barley
87,47,30,20.98979040123741,56.84484746646915,5.986499556760399,75.17032398853516,barley
88,30,39,18.580277308422087,50.99639196890401,6.075365102103123,20.0,barley
60,35,45,17.10515676379123,56.41003002303757,6.905750206539095,46.68191121075685,barley
78,30,38,19.014296967760703,50.61681158368018,6.734842732478132,59.05427890202565,barley
91,60,35,19.893277276423103,55.81917867118139,6.847952244098044,39.14732856764083,barley
87,40,24,16.537499750420583,58.08293342080474,6.230960126863291,73.30639413757518,barley
74,42,37,17.148764496361903,54.78597120774056,5.8905597776389165,93.54595364608149,barley
71,37,38,18.245345201343525,59.8345703725586,6.3352560187243,26.14068129988197,barley
95,35,46,16.653729467781016,55.04070143819298,6.977020703887332,58.986389867313264,barley
71,44,44,17.453331011426744,49.59353049192703,6.191423834458276,68.43399343698887,barley
74,42,42,16.628830620588296,56.66387970948884,6.277070324590988,86.39796354215217,barley
78,40,31,18.478609731680248,57.57252356726731,6.407257153609248,40.00349579583158,barley
84,47,42,20.988686025190948,52.301526644710286,7.019672752021555,48.70340020977965,barley
85,36,51,10.998282255004929,50.383055913884384,6.0103527989884284,61.77524909903335,barley
77,26,46,18.80959944099545,47.95134242361988,6.597898249494517,55.66945088511805,barley
76,44,42,15.948176421556738,53.16652155471149,6.606987117123153,59.95187538716775,barley
76,54,45,17.509097246944336,55.0430309499393,6.724670756501158,63.964344785649565,barley
72,25,33,14.289780255195016,50.72150356198716,6.816258214503213,81.38674313018828,barley
82,47,36,21.10713281545504,58.9708460309133,6.4234049265249045,74.9418616999432,barley
70,45,45,18.08581204129073,55.27991865535176,7.149223905597632,74.69005649220121,barley
60,44,32,19.63424746292559,58.38938441095749,6.966103320414391,50.737508393619926,barley
33,14,20,35.87352230002658,35.64428702862005,6.356331034827844,42.625675948074175,millet
50,14,25,33.28941438000458,48.10488589563553,5.9360643050337245,31.566484713196424,millet
26,17,8,28.433981912891724,36.264923161365246,6.370141184927821,20.0,millet
24,13,24,28.26297760070645,47.55026887198679,6.652560592995507,53.8460070763438,millet
42,10,16,25.53264278469208,44.145323707681314,6.30063634547166,30.86060286134288,millet
42,12,21,30.96436633430387,38.1184419454188,6.344408290513051,24.74330134661846,millet
33,16,40,28.600094424623684,49.45167977063156,5.986066017016088,42.09931750453127,millet
28,5,21,34.29181715465107,47.592612101355,6.1020663182662735,35.091112641048824,millet
65,14,33,29.09099768678276,40.68745930100371,5.476680316401062,24.31710184071057,millet
54,20,5,30.05469821447121,50.18976892681872,5.438264486113484,20.0,millet
45,19,11,31.02812778775254,47.38867099004093,6.741071824835359,20.0,millet
43,17,22,27.566317204274394,49.02348837161843,5.808231719826176,38.666489961796046,millet
49,25,13,31.736116749149076,32.233524535291174,6.034499181166543,44.895182158876,millet
43,21,24,30.07264066151621,46.87099979727426,5.913263930105332,27.235828183511853,millet
50,23,11,34.88731549595264,39.49648283644882,6.767564542050618,54.20292553390511,millet
26,20,33,30.382685548459445,45.54132646511008,6.93322181409483,51.14146414178071,millet
18,19,12,31.07244618431101,44.688023531139805,5.311516661701111,72.71141026715789,millet
42,44,34,30.54120413948512,32.42401111558686,5.43938208960275,49.19201326401217,millet
46,16,41,29.36645194011507,39.58203260761547,6.5011844321150205,20.0,millet
20,17,20,29.425990695909537,52.761564813572505,6.475449671442757,40.70034413794621,millet
42,14,21,31.65909899860296,41.64705506313919,5.72992143324254,45.62566407650351,millet
40,20,22,33.00273092103954,27.460317005479656,6.173195557309479,48.91175178771879,millet
60,35,27,31.235381737354597,37.32736686017664,6.123129896427771,46.60786510400718,millet
34,36,37,25.30990813777067,44.42906693572169,5.997545983910654,26.606396488040065,millet
17,19,12,25.41324428626532,45.581572172184536,5.640804038708371,30.33248341493549,millet
41,5,10,27.77035342642865,38.55023571344289,5.4817578468236805,32.69132834735972,millet
41,32,29,32.04047723586115,41.28969958352855,6.155640475535366,28.60833157566712,millet
23,5,30,21.544464443432688,48.90833264887174,5.653794171337064,39.54060120498363,millet
47,23,10,31.78207503228549,32.720317464509016,5.97768848032567,48.89907969062234,millet
34,25,21,34.8235624038315,43.92245039257143,5.734281905982703,23.95037980512727,millet
47,26,24,36.12200251960314,34.61703775590289,6.158493857498766,45.3957311761419,millet
46,13,37,27.155479939061333,44.05989981318179,6.979984648189964,60.02189344366046,millet
41,11,23,34.34349593744338,43.1182257438898,5.997993728640561,22.171677108001727,millet
27,24,5,31.91611342080069,38.2410764910885,6.264699693482718,20.0,millet
39,15,26,37.52108975852055,40.670726518332806,6.582225847369346,33.021020264906014,millet
47,37,17,26.304268497742243,36.43526748944723,5.751536676632404,39.797160795262464,millet
36,16,30,30.790813377583444,47.88194842503061,5.407734064638022,65.13177589773451,millet
58,10,25,31.30979611665481,45.323705577705326,5.581668322509099,38.35133331950304,millet
32,8,24,28.032416095513412,38.510124784339055,5.457236589361144,22.715701605387583,millet
48,8,17,30.981247174170957,33.771540294961575,6.0394513636508975,61.81374767758406,millet
36,15,5,29.118671185161716,42.08873126659461,5.7694270870636135,26.055072452547236,millet
40,5,31,27.588478736502765,44.02660239017506,6.121172166095073,44.09010339932408,millet
45,21,23,30.65374424765861,37.11302376550783,5.970730848983692,40.64902727639698,millet
42,24,23,33.15856180361518,40.83570173368064,6.066326133656793,51.81360351862195,millet
29,16,28,31.71142102055581,39.62626349539303,6.100677201816396,20.0,millet
42,8,15,33.28682171174801,54.728928324740856,5.939298432161503,20.0,millet
38,22,34,34.05981603766811,41.64993099631974,5.609997312648139,39.18706741982604,millet
41,29,13,34.64367615413124,45.06434818251293,7.022731063866561,40.73241411111232,millet
35,16,32,28.87921935423468,34.890092988076255,5.856421210999801,47.14463370218652,millet
49,47,17,29.9638943678452,36.75352843728543,6.390607860754768,31.781752908139996,millet
38,29,19,30.01173240076736,42.463534595313874,5.162280727552854,34.13869034018542,millet
33,29,15,32.12330291218845,31.17350376192765,6.070691543074767,54.38544352104381,millet
30,25,14,32.11381087237743,43.34540374185039,6.267680676616956,38.674435965419285,millet
53,19,27,30.175351580006723,42.51261110702369,5.484168953502638,62.39082873862184,millet
50,25,19,31.522511377665012,40.31132376075156,6.134135077994946,33.907527905357334,millet
45,10,11,28.352756499013097,39.60714618213167,5.822928331883311,42.2537932334864,millet
50,13,14,29.62833879718455,42.45707263521767,5.8356535618693846,71.3460755565276,millet
40,33,7,31.69119414415397,42.78495954446319,6.04098429148264,56.74271856660727,millet
52,23,8,28.16499632601981,47.05914639566236,6.332877131523518,46.00521483875169,millet
39,11,26,24.25496426016044,35.14535676431593,5.435512310103428,52.94211365662802,millet
42,19,21,30.219565831047984,48.1514519977263,5.928950122651441,34.69639219151144,millet
23,22,12,29.382821776373024,35.89867167082262,6.1721256828945705,51.35557841284051,millet
40,5,27,28.806573388698386,33.81516162853422,6.119744970846936,49.224865497613074,millet
24,31,14,27.654403959718817,42.91893667930957,6.137154951584419,32.05677939186893,millet
41,40,14,30.52523556017152,28.209079044823888,5.58829247542976,50.85928696865483,millet
46,10,19,32.205820457629606,38.78882679310338,5.965906629247614,20.0,millet
34,14,22,28.11627693693457,49.1435574059613,5.381486784324451,55.19403157171095,millet
43,15,22,33.48285338593991,41.50796323819384,5.802564556601457,53.07977936937531,millet
34,23,24,32.14893286353898,38.47380636525478,6.174868288959476,58.282619478305335,millet
34,21,5,28.80362763550236,51.80197427790712,6.405920800702513,49.35259374074938,millet
24,19,19,28.02747016101525,41.80122143053714,6.062160158503527,40.9402357815401,millet
36,20,29,28.81112436785468,41.41716580897722,5.8426750565244605,43.924658993515735,millet
55,35,24,30.675541900098704,36.04640857550702,6.164278951655985,44.86498247841369,millet
33,23,22,31.368934269028063,40.53509761649214,5.834226414845775,20.0,millet
28,28,22,26.43439715490601,47.86862761793939,6.115222098385514,41.79586679822568,millet
44,6,10,30.95883080643048,46.30387548757633,6.175875528427726,20.0,millet
45,9,33,26.521844694008745,42.09702279293909,6.562132709133281,37.556690693713136,millet
36,10,21,30.869127084003026,39.430163682277815,6.128288856489771,55.53104321623029,millet
32,17,7,30.00634723299305,42.64549258051176,6.292195492144728,54.628015720046,millet
61,28,20,32.19443582462781,48.34689532870144,6.341727710166945,51.91766351589137,millet
31,19,7,30.635252063418267,40.46343505416183,6.528544730554406,26.717673373540386,millet
40,14,22,29.07500688564113,44.95536859253389,5.674116090604293,56.94926334735312,millet
50,15,18,30.03411891361624,37.49941956818167,6.704389800392407,29.68180882678605,millet
42,24,18,32.03852098415212,42.768598233454014,5.508018233783154,55.83828295705209,millet
29,21,5,27.416526241990407,41.26072738602497,6.144024702928139,35.03260767491617,millet
28,7,14,32.720999184587704,35.50379173064928,5.822432441450993,38.36640311939825,millet
25,8,25,31.554882816465145,44.85194225189025,5.825490991020232,30.901796725659807,millet
54,24,15,28.50620886838409,43.70857937050793,6.26260705452911,29.4891727950232,millet
33,9,28,29.435033093725263,47.234662843833625,5.97661549722803,56.08229292547179,millet
44,11,27,26.31342241690287,33.010224340564086,6.3042209181763065,36.764498786264575,millet
50,32,12,28.436908033942437,37.72306089292584,6.902969881603781,57.29103076773052,millet
48,13,19,34.75140493850764,38.68532426179826,5.914045465057988,37.6568096568807,millet
49,16,16,29.782248391358248,46.24178764940724,6.098095100755483,47.83629415431202,millet
28,24,28,23.230598228281515,44.61555438873369,6.291590854552664,46.343820085085646,millet
40,14,22,25.76250633539278,34.21540236554743,5.703960587737046,50.81561896758072,millet
61,24,44,28.829650594181672,46.0305237488769,5.876957821587464,20.0,millet
48,17,16,30.291050702694537,38.96513518685298,5.32108574389107,62.81937096642626,millet
26,16,31,31.25981707706186,38.230443697993785,6.065063058887059,50.53054293619675,millet
26,9,11,28.07876807137985,42.0116474419668,6.798396198230321,58.90251012917763,millet
48,23,27,32.48418692597624,40.79194389280298,5.74588206093034,27.135977587586027,millet
62,38,46,28.526514597464782,44.06893783733531,6.397266755615789,39.6195925546242,sorghum
73,42,29,26.64443810755632,42.73314004099094,5.955999446544198,54.69192644740599,sorghum
68,44,43,25.728344973426744,37.32116314234979,6.942432608605637,27.94581589979598,sorghum
81,28,36,28.29853222639295,43.183077886126775,6.79566403558621,54.32761608518903,sorghum
88,37,46,28.872266666928606,40.20694217280222,6.826691856999655,55.20956835692847,sorghum
64,48,44,22.9643030102307,43.97640138511959,6.072616205445736,83.70749020530172,sorghum
77,45,39,26.711347414129957,44.427563901332825,6.734648592915392,63.18035824427037,sorghum
78,42,31,26.25285484118539,46.450373516665074,5.903785910146437,59.06497819279011,sorghum
72,38,34,29.67624973144742,35.27432077992677,6.6073299515425,35.49023573874322,sorghum
73,42,33,32.1118885831016,44.75929722331389,6.525280444048086,43.5233938943775,sorghum
94,36,32,30.546487958396128,43.06790336696982,6.212898939936337,53.82908064867821,sorghum
87,40,41,24.90387326627713,48.070871619735854,6.243248098416629,66.20211174637691,sorghum
67,49,43,27.408981080899288,42.27728296653466,6.098572577189929,72.17429912423144,sorghum
61,48,34,26.610151350519494,41.81552343725931,7.39492485231053,107.75908359260566,sorghum
76,42,40,26.731231099341613,50.77367072125188,6.463326801785247,39.6764264118064,sorghum
71,32,37,30.154589575826776,47.104910718707984,6.743972273191388,38.74625144234011,sorghum
82,52,32,28.81271637360944,37.18593125179368,6.536162708472404,55.29341749050022,sorghum
82,38,49,29.77522798633817,45.63164682473517,7.265705094109176,47.793891718162605,sorghum
73,34,38,29.044326457307537,41.888248283024026,5.445102904781862,53.71600932510167,sorghum
85,49,34,31.12991716798988,39.69879601281417,6.628892130563162,67.30321131078308,sorghum
72,29,29,29.697583818351777,42.20401502475233,6.0924814522642095,43.43595484164205,sorghum
89,37,37,29.711283277264304,37.5070754237197,6.876144883786149,20.93727959783155,sorghum
86,46,26,26.867716724573672,42.248988443824416,6.747053914117177,43.490819413394966,sorghum
66,38,50,25.816746746202345,47.37800788280641,7.002297795314106,32.84520602229318,sorghum
69,44,44,26.046182183582918,47.641531717746126,6.7152754151200655,44.36619036946421,sorghum
74,31,34,26.073565960953303,38.70755766908994,6.617390115812992,73.6621178451694,sorghum
61,42,41,25.277810848451,55.14308101934447,7.0274399289494855,31.582678372966644,sorghum
69,33,37,28.775369651742466,42.0974217255864,6.189258548069534,52.585469949186006,sorghum
68,49,27,30.2571214875427,39.53349171640613,6.667461325335162,35.395059060638935,sorghum
83,44,36,30.256198246819373,47.89329224652521,6.795849649117288,25.444286447339277,sorghum
80,57,48,27.675944837455347,50.29983747560736,6.66605557800419,55.06751858670742,sorghum
67,40,47,28.516222167982992,43.94555652037508,6.351261650803433,47.47676737103944,sorghum
77,37,35,25.2977635023379,40.11698388356925,5.750496337290393,27.805077432665747,sorghum
77,37,35,26.044719344513283,37.55173860512387,6.293603882772966,60.56835394070907,sorghum
82,28,20,27.99089179072129,44.20385612585826,5.868088492252593,58.83750414952004,sorghum
74,42,42,33.05199728293585,37.74746464784239,5.590049148081837,41.58146378784346,sorghum
80,50,45,28.871959897565056,45.26502777824668,6.894616135962938,35.39087886106956,sorghum
93,51,47,27.102973047918752,46.627770207663744,6.161823036594112,55.19463470188199,sorghum
84,38,45,25.78592170115697,48.19704411204218,6.758626735351015,37.34662273663857,sorghum
93,47,22,28.97298191910544,40.08333190522174,6.536893914782901,58.17445797604493,sorghum
78,34,39,27.362922007438957,50.26817404383618,6.762498535566179,58.127955454441576,sorghum
74,46,47,30.6913140475413,42.61950119341268,6.507326205044686,41.64882533093938,sorghum
112,40,38,29.390724833982667,40.71789627470044,6.065268001613636,63.30075022009553,sorghum
83,45,41,27.16133491040128,38.70711100925733,5.96532305288576,43.54176728605883,sorghum
78,29,26,30.79129704893452,46.09400836988864,6.804330950975949,34.393675821537016,sorghum
88,31,56,25.62962678348833,49.01727761070582,6.151611880149145,43.05916973440506,sorghum
74,30,25,24.97801719714835,37.544027476696165,6.468955249368765,64.29128890399039,sorghum
73,43,26,28.012636493661816,52.022574597333126,6.426916995283044,74.37092721742358,sorghum
87,33,36,24.280224648250226,42.39350367753627,7.341033044743862,59.57778744394772,sorghum
71,32,41,28.874289333304947,49.54996734500499,6.4443343490790586,32.9444199186092,sorghum
63,43,44,31.95677955336872,47.53712888069733,6.72800659875798,64.07982545764504,sorghum
81,45,31,25.163384582943547,43.33901857156852,7.103334707180687,32.66789771160159,sorghum
87,50,31,29.015924271204188,52.990367267102336,6.764941333930837,60.08402912783637,sorghum
88,41,42,25.414387334122434,46.50997207328248,6.40913032737872,48.54994862429725,sorghum
77,23,31,25.70772590643595,43.80719319021755,6.287198330525307,57.97400289662597,sorghum
90,30,53,24.54824544311601,41.08314681973497,6.515005823493021,26.37270476908585,sorghum
73,30,32,28.61732350633159,46.73740607906107,6.483299069115861,78.29371527533735,sorghum
64,36,56,27.30218124364608,46.83496644520476,7.234505922218863,74.8249431556852,sorghum
78,33,41,29.60183847376877,48.74583853361992,6.647951547557986,58.41090705805672,sorghum
98,33,25,28.248907302273803,44.045792266656704,6.756770560240388,45.7704267875465,sorghum
98,33,57,27.80969918334495,45.14347705134618,5.996619261021389,60.467354958039365,sorghum
76,35,31,29.074306227531704,50.854264777976766,6.620944329923746,59.91562734067782,sorghum
71,32,42,28.63617010939868,43.21402487848063,6.5355803136804,54.573487825141015,sorghum
74,37,33,24.45323399090525,45.20361058664648,6.744052143949064,43.51369386473614,sorghum
94,39,33,27.48659685777495,38.363400285288336,6.269549815424759,43.89309214294632,sorghum
74,36,36,24.677948305747336,48.696067508065134,6.263324682652856,48.85172468959054,sorghum
72,40,44,33.50169853438819,49.68153347936276,6.144426554193068,37.39998232954221,sorghum
93,38,37,27.696316954190447,49.44361209800776,6.758009181075392,58.18484383699285,sorghum
82,39,38,28.863387088469107,44.66020181072365,6.687516521462973,71.38757514229451,sorghum
68,38,40,29.022776112753288,39.48793790849279,5.637899451634705,36.946143890336806,sorghum
67,28,37,22.73673811877665,38.21015019998549,5.743185559031897,39.78278980294623,sorghum
64,43,37,31.008579142635817,48.81065750138278,6.316046450337307,43.92058724991101,sorghum
90,29,50,26.73960988370889,47.117315886281936,7.056540872120568,61.71774985540749,sorghum
75,38,51,31.30146959953732,52.90443531318826,6.598625075298614,48.37152495245823,sorghum
92,54,31,24.197830378252917,53.0379905523264,7.814778156510156,59.92683571826803,sorghum
64,36,62,26.206797692923026,42.5824100863962,7.124190768941489,40.03822465757239,sorghum
70,29,37,26.214403193837487,41.82006476615605,6.614145456958961,36.53923253711265,sorghum
72,42,42,32.96860528769339,40.5010676760526,6.590507553648841,57.52574894897249,sorghum
79,41,41,26.405546114734413,51.68218882521897,5.748977763101378,56.58195435570079,sorghum
83,39,36,31.186782623875285,52.49900467736556,5.946953815217863,60.49190098615895,sorghum
91,45,50,28.835369565253615,47.5078603789559,6.387644079686914,25.284701138752503,sorghum
86,41,38,31.552213363891383,50.77632596316879,6.335954017736694,41.53603945464665,sorghum
76,33,34,29.153864618473737,42.38583124546578,5.99369171458095,48.19394349771685,sorghum
77,37,37,30.443414673683183,50.34197192138584,6.726943506402178,20.23446290520741,sorghum
89,43,20,26.34194589066084,49.35423647253279,7.04003423847539,32.29323679412033,sorghum
87,43,52,27.874817545267287,33.87713134905401,6.394591178750542,73.8403572456419,sorghum
63,50,40,28.30515255018749,47.78858574775978,6.3571723547062415,48.45168063762193,sorghum
98,46,43,29.541386534037628,47.59948127761304,6.84065661295649,48.71896821374118,sorghum
83,46,47,28.23481332347724,43.49592585159536,6.196568181906036,64.98950766877368,sorghum
93,25,39,29.975795869855663,51.61782875519501,6.187962165227658,73.20393558108238,sorghum
90,51,37,29.4180698434884,42.41186541128196,6.359383104449442,66.72494797532285,sorghum
84,39,37,28.37032800218349,38.20927055745186,6.766898682578052,55.25729419772296,sorghum
74,39,34,28.110830381947416,52.985090803325605,6.583305362091263,59.625332628739,sorghum
74,29,45,25.88072556514737,43.81767913855998,6.361997129767799,50.319675878425706,sorghum
93,34,58,26.754851642794723,47.39701694864942,7.1990126519498405,61.25890005248391,sorghum
68,29,46,30.699421113641165,51.70249775070016,6.7649883383423015,36.49648343278606,sorghum
72,42,37,27.64393267110212,50.090526541512986,6.826979550415313,40.97607620986725,sorghum
67,35,38,31.00208912533093,48.91794543402085,5.800359984844252,60.23654494905847,sorghum
56,35,35,24.08661502875025,49.69303404547439,6.7489780829221,52.185990247645314,sorghum
79,31,32,28.523058978853378,44.25520849193609,6.277060127133476,56.32986117669911,sorghum
116,19,106,8.728139509357227,78.4911132254177,6.441040953558633,50.43081860037333,spinach
108,27,86,14.305398390126037,65.36307310174175,7.055320030133291,87.80811046937022,spinach
92,21,70,17.987458173118082,71.31472430111464,6.148516492793652,61.157798929643135,spinach
97,42,77,15.757998516458391,73.02226865455665,6.305381727204982,30.417433618230103,spinach
91,28,92,19.72455004677726,70.2425354424394,6.466676768684401,73.50458018874285,spinach
88,29,84,15.708539471475598,73.35014537807314,6.420158984087036,60.27440255457565,spinach
123,22,89,13.99257745639284,61.64138945619577,6.312998971265931,25.598732148857344,spinach
97,44,77,10.79134713746045,78.06717164203135,6.6637897535171335,62.44008570800441,spinach
121,36,72,18.4947266553218,64.83216088388056,6.165352685076583,52.142414704198266,spinach
88,28,74,15.030178850066124,81.96729551949142,6.125795418521637,29.95660829218011,spinach
111,29,81,13.249691134781752,63.36517559884612,6.745752423993259,62.38972631517029,spinach
78,34,74,15.190962330537603,70.26804805955673,6.162543033681082,88.54693334169195,spinach
82,22,75,12.279961819692264,61.39020558889303,6.577253932665854,44.30607945747368,spinach
87,33,90,10.478084997996278,74.3347498347486,7.02444250802855,55.15921966500008,spinach
114,30,83,12.551504667990622,71.9008971649225,7.638699939869437,39.55576767902309,spinach
94,21,77,10.878632060337672,70.7767296734305,6.853592641904732,59.10807722437063,spinach
107,40,76,17.111695952218078,69.82034056244657,5.5349294222246845,63.81947884008752,spinach
98,35,65,17.510592621621416,75.60650065126467,5.820264253896055,21.89907359236912,spinach
110,30,79,14.384309956278203,70.37369031411787,6.746054273633579,84.02264899362422,spinach
120,36,78,13.664584896971656,66.80972670467769,6.965843270355241,59.79223536327966,spinach
93,9,84,15.708533800743174,65.35744610867962,6.7544968381207,41.13797266781064,spinach
109,17,85,12.998260190171733,71.67314060987194,6.127500958987083,60.96809199343272,spinach
100,32,76,13.709633547774231,63.583950397073714,6.777130125677433,65.44725352733401,spinach
95,22,76,12.771384616142033,74.85613947138572,7.094136239215225,68.52490528150561,spinach
105,24,90,11.625605914502884,59.5762945541415,6.937836255772931,27.38251992984725,spinach
97,22,88,11.409427738986466,66.1517474208467,5.813644898331324,50.1042230790261,spinach
108,40,73,18.9327086631334,74.1423853272998,6.89443356682678,38.14929016545969,spinach
114,41,82,17.276897298149173,77.2294946128208,6.641018423583523,36.812637862905056,spinach
92,24,78,19.15770464779529,69.00713395309597,6.878508594644776,72.24220875951865,spinach
88,28,74,11.906921647140852,69.08110671182794,6.28734023155065,35.73488025264895,spinach
105,22,72,18.59409979220664,69.77836464288309,6.519794822018072,72.15103185648516,spinach
99,40,84,18.043785860667636,68.83903136055103,6.676365283644817,70.6332800925012,spinach
110,24,76,16.50443001792219,73.67834175838837,6.612989150463983,55.15025633433467,spinach
92,27,86,13.95910871972509,74.08969603235391,6.727764965669051,64.21842012048876,spinach
109,28,76,17.379672585020607,64.24537449730009,6.744150206634466,64.8405123413833,spinach
105,37,78,17.05006253749488,64.4898591728004,6.70729338283086,61.09558770573587,spinach
89,33,83,17.473833284437923,73.82864207491961,6.9444941266092535,47.880710881648,spinach
99,32,95,12.737625649254584,68.44031185138573,6.461197363313892,75.31585618537544,spinach
96,34,67,12.173682864078488,65.52119613318132,6.731007699662886,46.73141310763805,spinach
88,16,77,20.73450765107668,70.16407007696249,6.0621249613081964,49.59228689221348,spinach
102,47,70,16.335788385810698,70.81273695630647,6.197144670769582,61.53205237902379,spinach
111,29,72,15.486376291788416,72.70311302424116,6.178328518129784,81.91301172654289,spinach
117,22,71,17.588233711965746,66.75155910730736,6.557586251547058,63.46070775707902,spinach
91,20,84,13.311241007529132,72.62544110486212,7.327130301589667,82.44333685890086,spinach
116,25,78,13.77644994713314,53.77763601791502,6.026463961365322,45.997671311381,spinach
115,35,78,15.799827250183103,73.59941844235422,6.6948245139382925,54.52621411942427,spinach
98,38,82,13.423782776576164,75.17695671577549,6.661073106786499,35.0425450729372,spinach
113,27,95,15.061103301964636,70.92345154198289,6.669873356661803,58.125627130529686,spinach
113,28,84,14.732045827892144,65.2365890844321,6.434735123912117,50.173929697878805,spinach
91,35,79,13.830673022689778,70.1240489950279,6.206814328347485,84.33769032869131,spinach
89,30,75,14.877544307284923,66.58979364901316,6.834094642787416,56.39633551178836,spinach
119,36,87,17.45972212145517,75.95078517241818,6.915608407775642,62.177622439391655,spinach
94,22,84,15.316439358526596,72.70780705349733,6.311226987549099,65.78376064681784,spinach
120,27,78,14.652582355681089,62.00602277638397,6.839004677117208,71.36480724469455,spinach
88,33,89,15.406873769179745,67.27194983762712,7.542656866370738,104.6829191762216,spinach
92,32,68,10.74370801368487,68.68316136920545,6.988389796339001,64.0236175354259,spinach
104,24,87,12.739533436368909,70.04769875779834,6.590036138112692,77.5890805708032,spinach
94,33,69,14.3430623514981,68.04305702722245,6.345198794509722,26.019257837696635,spinach
109,28,84,15.576725158213792,70.80976626746231,7.006815114170867,78.78261526513782,spinach
101,20,78,12.83076521262742,75.94542541470433,6.706780669630993,75.29245903234501,spinach
97,27,88,14.504845123363816,73.55678672770948,8.395861656595503,46.37437626623573,spinach
105,28,77,12.239342019332868,63.57930958014351,6.960533110314419,81.0786147460462,spinach
99,15,90,11.160179633669468,75.56389111572625,5.862220426087006,45.76218634972223,spinach
97,35,78,15.448851715826974,75.02635250766195,6.375315284783484,49.587610728521234,spinach
100,22,69,17.543227486381785,62.94814656552302,7.074401372011257,39.46916415947969,spinach
100,21,83,16.90101863067315,72.4337297282258,6.257428261161617,70.22747299756696,spinach
94,33,82,10.194188831322734,73.9679932380821,7.020056355615061,51.08076476645725,spinach
112,23,87,11.505398231409464,80.04874860521555,6.600772735974132,75.51757127344644,spinach
99,14,71,9.46135544370943,76.95820753837658,6.768295758932017,80.39249695633902,spinach
85,31,81,12.208453502977386,65.92680132069523,6.009084470376216,60.47748613402429,spinach
84,35,83,16.277420779743196,69.97711970494676,6.530576785430827,58.58548497744659,spinach
107,34,99,12.938041770781116,72.57020928458779,6.93505553389549,53.88818572338033,spinach
94,36,72,13.950532344357304,68.06150338057955,6.2922415193449766,52.52855164683801,spinach
92,43,75,14.780317285264369,75.37697427735714,6.949507372735109,71.22089379017021,spinach
107,39,86,14.646880808131453,69.24904505445446,6.126634168554902,77.84035572883703,spinach
90,26,79,14.402873165218598,71.33194334909885,6.943157369814671,42.953339957906365,spinach
86,26,79,13.392184513016364,70.4915881687334,5.40724711444555,65.25524379048268,spinach
103,28,83,18.225650309800383,62.11975619107516,6.892239045043473,54.17576464175927,spinach
87,25,77,11.877810041318124,77.51185518720767,6.701372694116607,54.929582305453856,spinach
112,25,86,14.007495672264689,68.71244030832136,5.990632709423955,43.80174979460178,spinach
96,17,78,18.996195336021746,73.5257355105199,6.731210572074269,77.05577219834532,spinach
85,28,80,20.5514811945608,68.32037394420686,6.598011942391732,55.83332227412542,spinach
92,15,83,15.242986982116213,69.04720130308309,6.113732093263942,64.64108603411347,spinach
105,26,83,11.83779639828686,69.34345444114044,6.823005269461659,41.2155384553034,spinach
102,42,69,14.482224625075284,71.78814899258406,6.900736245411793,67.11298419660588,spinach
85,32,79,13.17516245282507,75.40791677879984,6.121510654672244,45.15290275487109,spinach
108,40,75,13.268631030895753,70.0381414504439,7.240422951927942,54.66047633732357,spinach
89,30,85,18.56066366598325,69.44931860545134,6.494468034286862,71.06772724992479,spinach
110,27,78,11.117579989125838,78.47569624916703,5.830458448326096,59.76447940572288,spinach
101,14,78,14.764039580912025,66.1201789456887,6.915845894259825,61.957098969536375,spinach
97,34,87,22.599827529435206,70.09709857144192,7.03660002154665,58.74802758805717,spinach
115,28,77,17.584052711735474,70.1601914951552,6.334098215723818,78.42621260824323,spinach
103,37,78,12.105069364196538,61.50157852922956,6.594317900448999,36.06926010431725,spinach
100,25,85,19.57348168849809,70.14111156052961,6.327431926295878,38.5399791655413,spinach
118,21,85,11.839313738012605,61.93361044187708,6.504610657082879,83.90937811320886,spinach
116,31,88,14.977539785748728,69.20000202041072,5.884682072681575,58.57842447717682,spinach
109,21,76,12.932960569841224,70.0983515107625,6.9007204687846455,66.6112821884738,spinach
105,23,82,11.673507736209745,66.74300634725017,6.108286029073236,88.30928935497498,spinach
100,32,84,12.944842937875622,61.292089576400784,6.0318191490521285,41.521772058336026,spinach
91,23,80,16.857365421589634,72.16581371986013,6.26645485906901,63.14348657783015,spinach
120,59,205,23.96731115926672,71.25820052996603,5.399355844659853,152.5612799506534,pineapple
119,58,205,24.32369308548209,81.28193712097875,5.5175302758172045,169.3037019005908,pineapple
133,48,190,28.338655723637416,84.02498814184915,5.159300219773884,152.21642060374393,pineapple
134,59,178,27.95766970767926,90.96880460751804,5.050169601558983,153.45592126142645,pineapple
140,54,191,19.677531107182148,78.3453219760319,5.161537200938936,168.2536887535232,pineapple
137,47,196,27.23314153320196,74.26549204196627,5.7126546110809215,139.05299936283023,pineapple
122,56,189,26.202017593631943,81.60246541430212,4.950249149044082,137.7129184256781,pineapple
131,54,188,24.9263605623318,83.40207864296994,5.182201773737795,139.6589392485507,pineapple
125,57,188,26.38296610148742,75.56045476105353,6.09334069093062,167.52691342120843,pineapple
134,55,180,27.6727612399345,72.21830587463973,6.1003500241935855,151.2679836586725,pineapple
135,47,186,24.15898312593528,76.69101576621473,5.593963497848604,155.01840941803806,pineapple
122,45,187,26.64272849319689,75.47675005450571,5.282092112854889,148.53414036492092,pineapple
133,47,167,24.768824959725887,77.87550795352354,5.117279736874078,155.89551316157022,pineapple
133,34,194,22.16472780909134,77.66556278893559,6.284995017129492,151.4476504150262,pineapple
132,57,185,26.51253465632055,83.89878192470798,6.027603620401419,171.3504866782273,pineapple
112,59,202,27.519836006882414,85.14133275618032,5.406778433885819,177.48877453708022,pineapple
128,55,203,24.13981151452965,79.54974407587457,5.748346280108999,158.11412237965595,pineapple
126,49,195,25.117029551210912,87.46938416596318,5.9516875944591385,147.59732150925277,pineapple
137,55,205,22.60060425731245,71.92631689310183,4.347056719054691,152.5314214383869,pineapple
137,47,192,26.695747859411664,82.20956982032138,5.659272892762725,135.7507526311825,pineapple
129,62,195,27.27318555239076,81.40362090311966,5.9696694333457225,169.39399415308128,pineapple
125,45,195,22.849279864130803,74.62624192522044,5.731479671723891,135.77169941410213,pineapple
132,60,198,24.53868716132009,82.28352542249455,4.922034960837372,161.52739546820337,pineapple
135,50,174,27.79678931875284,82.88921698996678,5.569490050554153,163.68824290940748,pineapple
121,43,188,20.8232866248417,82.28819054315811,5.748440971165748,128.86256466406857,pineapple
123,45,186,25.18064345226265,78.23461640532108,5.8714436236968615,159.72144788183198,pineapple
140,41,191,27.680538074450222,83.37549472434131,5.676185970136847,149.99973169973438,pineapple
129,56,189,26.957448420007296,74.47606190754105,5.693549802609636,133.57653680913654,pineapple
137,52,182,27.285635668138426,80.95985975666403,5.6294279769883735,142.3142106862413,pineapple
128,52,204,24.21768268562905,81.28273827878964,5.4122521276113496,169.74875482006212,pineapple
124,47,191,27.893065982397733,83.936384054543,4.987993920804178,153.60133439776428,pineapple
118,39,194,26.456574045044636,81.39976300147471,5.344845418397145,145.43056192861934,pineapple
134,57,183,27.012061838311123,81.15429084731751,5.018002606516596,125.03871058417502,pineapple
131,45,186,26.887598824311137,78.84996112145033,5.6863702621831695,149.00600667238646,pineapple
137,48,196,20.85909361510641,81.13221005446373,5.569533580253374,145.15485960588407,pineapple
127,54,182,22.55398923501924,89.7069892587724,5.300953106741527,147.05973397902787,pineapple
127,48,190,25.16183194352856,79.49144463101435,5.607724630013516,160.71226936944538,pineapple
129,53,180,27.06158854743971,83.42381540856965,4.802169605079872,134.082498307627,pineapple
121,39,197,28.738904884039293,85.5060809792942,5.440635039339326,137.69102963728488,pineapple
125,57,190,23.864714163328813,79.46410570681337,5.897461781379331,143.5568862167905,pineapple
112,65,190,23.729012304538752,85.78476434138925,5.0071983194627565,159.7865170369748,pineapple
118,48,205,25.32361844630571,76.53488762416104,5.004897975064929,116.9542289156824,pineapple
131,63,197,28.98735762969552,81.71125207924115,5.666594413832811,152.85394707648004,pineapple
130,49,170,23.557992251726677,88.10822208122919,5.09307826645419,161.05654472893775,pineapple
140,65,183,23.793648560062717,85.03761458684988,5.1856282118605295,132.83373978838378,pineapple
123,58,193,23.36350227383944,76.6083866642627,5.424323030707731,132.42097799105755,pineapple
137,56,183,23.50938943046344,84.22274478340633,6.058900850214092,146.7993690905249,pineapple
126,56,191,28.443439943203,83.5312499455453,5.413062694500754,132.40941090933535,pineapple
140,54,178,26.598723853821756,80.10569124609684,5.991399333950935,154.12166972591186,pineapple
118,50,187,22.76829983675799,83.70037212394338,5.280249341724648,165.09362794925954,pineapple
125,56,193,28.93623140313864,74.51851020436173,5.529600780257256,147.35856754425663,pineapple
128,42,182,25.5394951388104,84.82904902638681,5.692184768058594,153.64773839265595,pineapple
129,47,194,28.255055640693623,73.09115250067903,4.946429315529484,162.30407866423226,pineapple
136,53,192,25.493601558690347,83.21296677688258,5.705204599225072,138.81348376135458,pineapple
137,44,189,25.890845851808077,86.21211657622338,5.154264634283425,134.94161019953842,pineapple
109,45,200,22.88289532187293,74.25245693417237,5.434598202435361,132.87534335834056,pineapple
111,44,196,23.08058186085667,78.06692777257166,5.61634705390984,167.4307883331275,pineapple
124,48,177,22.14389122182033,80.5874156457744,5.350414735486172,154.80369437010611,pineapple
137,47,185,16.72690971513592,76.14982052184193,6.553078679079682,164.1150531633758,pineapple
140,43,173,29.04193840260845,84.6274785595845,4.779237607460488,138.4279675414035,pineapple
131,66,184,25.625779774477436,87.99358219150275,5.512484654330772,149.2108194174591,pineapple
117,52,177,26.39351553525387,79.6684153193829,5.4459019832950855,154.53518957204,pineapple
127,56,196,25.464525872308517,78.27790903584805,4.9766994498469534,152.88150064472387,pineapple
138,52,180,25.098746940122425,80.41428124655535,5.23975959000441,134.57269434081758,pineapple
140,52,181,27.552215073266016,80.72902315935586,6.029679589079263,156.3048771576768,pineapple
131,46,183,23.9257948051177,74.9082131231938,5.646823607990715,127.4966757227572,pineapple
125,42,194,27.846598416062044,81.68957871897189,5.544700993153958,146.76197453775126,pineapple
140,47,193,28.3836192256887,77.54569256355494,5.4604491929922885,141.87273809399323,pineapple
120,57,197,26.69547689704873,82.08618312174431,6.524020832953898,164.49075501762795,pineapple
116,69,195,25.87472231273429,84.43048718513538,6.624830745918889,125.49407410690584,pineapple
125,57,163,22.94204298251419,83.99256316363909,4.86656127250381,151.591543031306,pineapple
126,55,186,28.94574032397428,76.39230222736408,5.218456459504965,155.36572985154706,pineapple
125,59,182,23.93565473518109,78.37414322593507,5.287391172323093,154.35931673431315,pineapple
128,40,183,23.928055086982827,86.00748862449298,4.879630828387278,130.10388791638653,pineapple
124,46,193,25.60782863961749,76.31531722786345,5.377381613200722,167.56773768487116,pineapple
106,43,181,29.683993785591667,83.39418472440639,5.730905390323561,145.04559021338227,pineapple
138,50,199,24.789682772253965,82.59595182966378,5.9877731920288255,139.6945733716018,pineapple
116,48,186,23.46322319823432,78.21109703768914,5.292828765147421,140.53705227248523,pineapple
117,48,189,23.885746641639493,78.01509879139007,5.786280109721391,154.1942922353075,pineapple
128,41,191,24.392790530321125,83.49771431035659,5.662418291316728,175.77185033888674,pineapple
132,55,195,25.306015605805065,79.72049427236968,5.572649519283142,132.95253646286136,pineapple
140,49,188,22.54272346451239,79.70985835187318,4.838868021604287,136.7888489946909,pineapple
116,57,189,26.213312876446903,70.98385216937832,5.439791285480228,140.78989909467765,pineapple
128,43,190,25.961896068686237,84.46132885035286,6.168328981277168,124.94007963190646,pineapple
132,53,180,26.92499091055621,77.5583172088534,5.4168127008671885,156.8747305766469,pineapple
114,64,191,20.911196427389573,67.32788340797025,5.628770217814487,165.48999795175646,pineapple
134,45,185,26.97520049907345,81.18015681608344,4.941081163704374,170.46093714707774,pineapple
137,48,198,27.76259598165633,75.39707762923022,5.255128281346434,189.0091972250588,pineapple
122,54,186,20.92683869321398,84.01925544188413,5.939007305141613,156.04466478583376,pineapple
117,51,184,25.180232338776825,70.0034286396994,5.876023475237175,148.90940835206723,pineapple
140,53,196,23.647969071235813,81.90960599678304,5.787168608038733,157.5551763381175,pineapple
140,52,204,25.975943312842155,77.35522509850254,5.171015972178952,176.03873122779297,pineapple
120,42,187,25.92188808629788,76.18651602917711,5.71459556807958,173.2734890435957,pineapple
140,48,195,24.883054500338236,76.63038686126414,5.476917377968501,136.29698131631176,pineapple
122,50,178,23.607657455958694,76.70874683066864,5.309969366893034,118.47682004076732,pineapple
130,38,205,25.867621217939952,79.3734971652877,5.479096254273671,135.1324011527591,pineapple
128,53,180,24.21622509011304,81.87026829289334,5.676152448359822,168.7598115692375,pineapple
125,56,185,25.620732150018046,74.74181392318793,5.739849106893802,173.07329557736978,pineapple
126,46,193,22.52434040143546,79.57688452617018,5.7420578441573085,130.86440523212676,pineapple
129,43,187,22.990667532327592,74.061453110802,5.618930378731594,155.84432372783695,pineapple
91,44,137,19.51662952085871,68.85946850569239,5.678192785921759,78.256073897495,strawberry
109,50,156,20.008123391614784,68.16331752306465,5.79497207233111,59.5299605790594,strawberry
95,57,136,19.61066176744393,72.96098139790872,5.702699967476316,61.33849229550178,strawberry
111,57,151,12.103346556030248,73.518632178775,4.954560359830446,56.954832069743,strawberry
114,55,127,18.72859686208536,69.79779633412562,5.627579265382322,80.51457123587869,strawberry
105,61,149,21.834427990343556,64.39435656793027,6.299532114332641,61.70353362982277,strawberry
127,43,143,18.49227170848673,74.32325848532892,6.238603644209849,58.308031962628576,strawberry
92,50,139,18.76036180339283,71.57060429542133,6.209353305764807,67.00227799233848,strawberry
94,45,127,14.069680490278476,67.9826205157006,5.92051851958347,105.65957987346914,strawberry
93,52,133,19.868254784220124,81.53275191082409,6.048544462129634,74.24619223785102,strawberry
98,46,142,20.51689383175212,65.80410002832734,6.239549580254724,80.91837362524858,strawberry
107,51,146,14.508724038384557,73.09563974828482,5.957332190779865,75.26373841619113,strawberry
81,51,143,14.073979367442568,62.025900581615694,6.072820734795733,79.04860597415198,strawberry
109,50,146,18.393264722314093,76.59911910155287,6.273701042366963,68.99041280984498,strawberry
100,54,134,17.279237909647318,70.59093508081027,5.502770539624763,62.700787079842506,strawberry
104,50,141,17.136641393502806,67.0683681071692,6.435640337701585,94.7993401315797,strawberry
112,58,144,23.975747224513736,74.49610734599881,5.709219463002352,57.850335521982615,strawberry
104,46,136,17.5582436331827,74.16748017196745,5.95111906436067,40.63237731782148,strawberry
114,33,140,20.51643910202943,78.28127599534929,5.93063641563672,71.9778873370117,strawberry
78,55,141,16.25824490316103,68.13265740649172,5.452185907839914,73.04106740838122,strawberry
89,52,146,19.212746145791293,77.44394082813122,6.370446616536312,59.97484459297108,strawberry
115,75,139,23.24774109498888,75.38653745333374,6.450082098452117,55.45027547050527,strawberry
111,59,134,14.908935092356328,73.07486602697772,5.790302530988513,100.07082916596256,strawberry
80,40,133,17.174693525354062,71.5978800651808,5.989584421539336,63.95696822272144,strawberry
102,45,141,18.553982816792907,65.46888094812468,5.495129768031656,106.47828366607482,strawberry
91,57,137,17.441233467382084,74.082479338576,6.141928242284349,45.277826924726256,strawberry
88,46,131,22.21789199221572,71.23854660071872,6.218316895775941,79.27753647644799,strawberry
96,58,162,15.525999005767266,62.3056183056939,5.999914006216564,60.035957443646936,strawberry
86,56,136,16.95320525535144,57.22746649450087,5.000676700852627,64.57124275693018,strawberry
103,35,140,14.88235901925306,79.71945321659496,6.853074001736645,69.81009148420621,strawberry
99,60,146,15.25203663810434,66.60828756347352,6.369769869175132,70.43936874927245,strawberry
103,44,127,17.76934634147816,71.88291506221445,5.603687591941613,77.93288779811051,strawberry
102,56,145,22.163948867892937,66.54640590083503,5.642053556738262,74.83143520581905,strawberry
106,51,157,15.492897275703177,74.79467849990468,6.10763504458969,55.39563261794868,strawberry
89,54,134,16.761296115268376,74.17175811141243,6.669588971598363,55.19230948667224,strawberry
107,44,128,18.491112954351497,64.71946506625339,6.076765462718738,65.13593763579105,strawberry
99,46,124,17.083337579539574,69.60378124714519,6.101871819873083,79.96888457385037,strawberry
96,42,142,18.39288707892129,69.44210676133301,6.332713306002178,55.47838744223711,strawberry
94,48,131,17.94482675052445,64.50501821832385,6.25589363858582,55.18803405861856,strawberry
94,56,149,18.045424454368288,75.4118614538893,5.595525596142191,86.34439087528364,strawberry
101,62,154,17.44301168197989,73.49083288854186,6.063332038786015,89.6150998706016,strawberry
108,59,138,19.67151173776509,71.76279337458132,6.229872620900943,66.10546818207575,strawberry
107,40,138,16.56252624689786,70.06441894815437,6.1133517409574045,59.79951688790348,strawberry
102,37,163,24.262912396690577,71.247601066083,6.158842703476461,71.37040234034761,strawberry
95,43,131,18.45361014734043,66.6189168553423,5.585416854987894,92.56738354320586,strawberry
97,43,136,20.866089914944176,68.88466719972494,5.763466666254458,60.05044237725856,strawberry
120,55,147,18.375881205081757,61.43333206598506,5.532042239408925,59.6570161406384,strawberry
100,55,142,16.10169354849194,66.70873742413514,6.184425400036763,75.01187505243703,strawberry
97,46,124,21.55679594506583,80.0418879995574,7.006040053318405,74.91725026488076,strawberry
98,48,135,17.403558313417246,68.9878330311126,6.13165412758533,52.959046702974526,strawberry
97,30,137,14.055489985048842,68.81897947722898,6.602793716090084,67.9691402838695,strawberry
103,42,137,17.391867464902216,64.54046602608732,6.136504959839885,60.58602652295894,strawberry
93,46,154,19.32322438796277,74.94390340437093,5.977492875544513,42.17726502138519,strawberry
105,36,146,18.529081793074425,71.9533414623853,5.511274227132829,41.89640719879883,strawberry
105,47,145,18.802018144485206,76.07568245690882,5.348937745990323,66.73232461665089,strawberry
101,48,126,19.86554074189788,65.74970411023277,5.9360807344546815,75.9910065953163,strawberry
113,53,130,18.613501465752385,81.88025565080389,6.188020117771207,77.16135761376276,strawberry
111,49,151,10.99533695931407,70.76314781106738,6.465097276851125,66.41118087379871,strawberry
108,51,130,16.464958133483005,59.23483646088389,5.511359203877376,47.4695469347262,strawberry
98,51,129,16.714358527016373,73.6811049153514,6.002710899696231,69.48625893195019,strawberry
101,55,126,22.036435186612035,66.30196501456652,6.299494033154204,46.48547085617615,strawberry
105,43,143,20.766619059713083,66.81890117933767,6.654441003066233,64.38004865659038,strawberry
97,51,150,17.584312102858203,76.5131913379953,5.758199758937529,55.15590496180092,strawberry
96,54,141,19.50952230698273,71.89536243968685,5.419381570199491,87.08325522254006,strawberry
98,52,143,17.397543860656462,72.5343743377502,5.841167246696854,68.19654588827397,strawberry
100,37,130,18.532441703998806,72.32584037568711,5.244075839827535,63.62863088314332,strawberry
90,65,136,18.927730779647028,66.15726047947824,6.193675309531344,70.29067464648728,strawberry
89,52,152,16.113463734418406,66.99758513681022,6.281728166685312,84.55953220208217,strawberry
80,55,135,18.498885150376875,76.94185332477164,6.435297072287952,50.67772939324231,strawberry
104,35,142,17.705245683436715,70.66984035243296,5.994197942017957,58.24034587764427,strawberry
116,46,148,17.631070884937373,66.78248000370687,6.824499383947783,79.18951228102377,strawberry
87,47,121,20.27866199494147,76.4850599906275,6.213461215365568,67.18162007741573,strawberry
118,40,152,17.513543350742474,73.73898651207853,6.26510612833621,84.09755555471317,strawberry
93,48,126,16.571838189797283,68.46429936697301,6.032963237543098,93.84500078500103,strawberry
117,55,128,14.183148649477117,66.26788162705321,5.949622813718218,58.30642780845552,strawberry
93,47,138,15.432152864086127,63.42293012351076,6.00117085679352,51.17866205668288,strawberry
103,51,142,22.35169828340224,63.99963168469576,6.347253912567314,74.66631150935541,strawberry
97,53,147,19.504494919926643,72.8494272123105,6.062619635534706,78.40795328827159,strawberry
112,48,132,15.629620192292654,76.56471983324879,6.354329932959006,70.72263923673707,strawberry
101,47,146,10.398044834186582,70.50721065599542,5.333492364619315,93.00173503159272,strawberry
113,49,137,17.003568159108955,80.59568793212839,6.324140621629263,83.82599647951099,strawberry
89,54,141,15.365509799445478,66.52090623017168,6.486594004786826,56.79296267989982,strawberry
85,44,129,22.35891642305736,78.09030114862232,5.613289176748607,75.01583122093683,strawberry
119,45,149,17.190626401563758,71.85803458730342,6.2193283524356255,69.01728696703303,strawberry
94,60,133,21.787334463317915,71.66073230601559,5.163917972559067,64.4526881714218,strawberry
88,51,136,19.22792838593528,68.4724096742883,5.385809281377529,66.42672198183081,strawberry
96,44,127,16.185336122743532,65.97828317828146,6.056983473533853,60.74819441489322,strawberry
99,54,141,16.19111990613207,67.09397476201558,6.06919735484316,51.38177157079986,strawberry
102,52,149,17.06341726639486,73.41946492786494,5.767836869989506,82.65738965821379,strawberry
92,51,138,16.806950493007964,76.81651735574398,5.784638682715969,92.93064265842196,strawberry
93,66,137,17.2449271198366,77.46851123870296,5.727794869221984,58.02089960097621,strawberry
107,39,141,17.982990220532315,70.7267061384802,5.268497784976326,64.10670655355155,strawberry
116,51,134,14.83225518877966,64.04420285814001,6.229382672022854,76.30177909598633,strawberry
97,48,150,15.36139978283168,75.54737440127973,5.903281887591862,36.80564713281704,strawberry
80,47,138,14.48752254962104,66.54940077023078,5.836249441603766,95.33206883362077,strawberry
101,45,147,14.179338701377684,65.89955675859458,5.875057456777165,48.6727019852437,strawberry
93,31,148,15.648371681536943,68.70259499823638,6.002301314632517,101.52628060558617,strawberry
83,44,139,18.4257705760868,67.33284300293474,5.819205406949839,81.35660246887882,strawberry
94,36,132,17.67519671648833,73.14774976993705,6.105951519124939,62.19056617113522,strawberry
96,53,141,15.408581916415514,61.13358176989801,6.222311815180308,81.2987088656645,strawberry
110,62,135,29.40402727917477,75.11228145384887,6.712754224538234,101.81423748652868,cucumber
129,57,129,27.5497311744777,83.1569343237968,6.6074536957224606,86.13516744022058,cucumber
125,58,135,27.713925334586783,71.13570051797927,7.107663680893244,111.77077952943893,cucumber
129,73,148,23.631784343395378,77.5217713595087,6.667909539657156,97.61574206615856,cucumber
112,48,143,31.33545200368843,73.75322848241558,6.599707017862858,109.58432040575498,cucumber
140,54,147,21.413177781094944,80.16047867033261,6.051521732054039,94.94670789396989,cucumber
135,73,157,28.10987035863114,70.72771513784075,6.211421085468471,116.05775556292213,cucumber
132,42,139,24.365501344030704,83.28449568729876,7.366559254437366,105.0882355728464,cucumber
114,49,132,26.66112356612589,76.26461606603532,6.888067789068936,90.02481187130054,cucumber
115,51,149,24.37891300075537,86.59091401823825,6.643096418584202,103.42454839616454,cucumber
113,65,143,25.529792177982333,80.90735643088598,7.093018221798116,100.80684441676082,cucumber
128,57,137,29.47442982554911,86.41477449308792,6.244215851318533,136.97328109442577,cucumber
112,57,149,28.08689987766447,80.0017934267254,6.504758936023558,99.43582323623627,cucumber
118,51,142,24.615286528980896,66.73888276151416,6.537124715085777,90.73284720676968,cucumber
129,57,153,26.710351127603158,84.15027437728638,6.335786322598999,105.87378734112836,cucumber
126,67,149,21.402260995591128,83.81196537130846,6.530462199409273,100.66832643052535,cucumber
132,69,143,26.11127044534624,73.52678130503311,6.238580115732081,83.407239017446,cucumber
96,53,128,31.231630178703625,81.13170397702244,6.975788743085093,110.29388085280613,cucumber
130,51,130,29.02725691720934,81.65254254732535,6.552655507187597,82.79497807703432,cucumber
115,66,149,23.58736441724443,78.19075676679643,6.321118605907574,96.58068733175726,cucumber
137,60,150,21.830903398215717,78.17526017190713,6.264226355805024,84.89973195738935,cucumber
130,65,139,22.006181682039774,72.18868662026931,5.996284675006363,87.78750393781279,cucumber
124,55,135,24.922949421332586,75.14664615658604,6.713781885127967,105.09960406498084,cucumber
122,62,153,27.989743890338342,79.55892132934477,6.7616497265881135,120.520480102366,cucumber
108,57,142,28.67764036747577,80.12440907176797,6.355453372291444,106.56188809800328,cucumber
116,58,137,25.322519234257392,84.86072517392932,6.598065312271475,91.51491156123537,cucumber
116,47,128,28.34334163494628,75.73205568163027,5.9950855930755225,125.84201999781718,cucumber
123,53,132,26.457300990394884,82.1966289834345,6.7760264307895,85.15954072255224,cucumber
136,62,137,27.074162178300263,79.86726098075424,6.503062478191628,80.4807047862539,cucumber
108,68,137,30.11353703286455,85.37026954989712,6.839925243184543,108.89681353420472,cucumber
113,47,146,22.568801087742216,90.6569067400855,6.96069642402363,133.4622175175137,cucumber
124,68,141,25.842582481757205,74.67211065743028,6.520252218472604,97.39265396921068,cucumber
105,48,152,25.10187860301158,81.63533353863694,6.403282948015535,86.61034430957596,cucumber
112,52,141,26.280398819005985,85.96222997947521,5.834523834550113,89.83675207034024,cucumber
131,50,135,26.404294511914955,91.84167010820347,5.579550726359183,120.02574529515512,cucumber
122,60,126,25.4844504313033,75.09922243163948,6.430589548765076,73.12799167194814,cucumber
132,51,129,29.080220723936037,86.71109345358845,5.688020072441817,109.66677496376298,cucumber
106,79,145,26.90148954844215,79.11087700044689,6.207442300536941,94.85436030999318,cucumber
123,49,135,24.81128034097059,73.32435445859082,6.1986798841855135,90.7103040691991,cucumber
124,68,147,22.8702918397874,80.43390211564922,6.79676767111606,99.22154066888758,cucumber
140,57,135,25.25512442524349,80.61299190770247,6.442144070208759,104.74821842587625,cucumber
110,67,135,28.238246688574627,81.8022803568436,6.42463187979913,83.14862321738343,cucumber
113,47,154,33.70332381745429,81.43689739433351,6.9020906434923415,105.82901390724942,cucumber
113,52,126,16.932047360994222,79.56496797425592,6.388924796002969,92.76437613993576,cucumber
137,68,145,23.331849247583605,78.78453840960921,6.233257139766375,99.5886039892454,cucumber
114,70,132,26.12735464063292,81.73110246756922,6.764476203638039,95.6698785208808,cucumber
112,60,131,27.156409604859547,85.07350931317082,7.074303475617712,85.76755942856667,cucumber
113,63,127,27.106624943454943,73.50870441086282,6.985609682464089,74.71249939505266,cucumber
116,60,150,23.304207758015963,76.39086526165913,6.098405416428252,82.44580294114544,cucumber
115,62,116,25.62310513736236,69.67062635894465,6.331345566435199,103.00895602479974,cucumber
131,68,136,19.831054009570288,74.32306190953118,6.147618801063381,138.98856206080615,cucumber
123,50,140,25.49661395003755,81.2664738982402,7.258966715586087,111.58859943546396,cucumber
114,54,147,23.563205463445737,78.6752737677264,6.224190986293312,111.23013098985702,cucumber
128,66,131,28.399776693356184,75.62599499456608,6.176702091680832,83.29484418712215,cucumber
114,64,139,21.76238735001786,82.7509882037216,6.251721217470701,90.0498877754703,cucumber
124,51,130,27.17268370200916,68.99246666173961,6.737429150664584,99.8715914713886,cucumber
116,64,131,31.21528341476377,71.20848467011041,6.419544563065605,91.60404370218536,cucumber
140,54,131,24.496742970551963,83.07437805066054,6.876605975903536,113.66633208257484,cucumber
128,52,132,23.55557183700028,81.68959893849484,5.993214803223172,91.94118010765516,cucumber
118,74,141,29.24390075966809,72.92248440302633,6.62115449167294,129.07097653143575,cucumber
111,60,142,22.658495601142413,73.63004606925882,6.052777902279084,85.56293672729655,cucumber
111,53,139,27.0054115794786,80.99650500882889,6.315943386368124,97.2716572638345,cucumber
119,45,139,24.38556957499164,79.4007186028059,6.399560076485895,81.37881464960705,cucumber
126,67,130,22.89005762217725,74.41416988027598,6.755486349088276,106.40411965601407,cucumber
137,63,134,27.751876153585737,71.53184931973126,6.8299809949908985,104.94660146729048,cucumber
117,67,149,21.771418190661095,84.26246869751523,6.758383042075732,77.71379263415987,cucumber
118,62,139,32.7229711365267,74.34982247076188,6.361643817660519,123.86967916949266,cucumber
116,52,151,30.482764076727538,85.34640969130218,6.731615366560862,114.66470297915238,cucumber
107,67,138,28.74453009458348,77.02603013069586,5.850945877316436,93.99305389039658,cucumber
116,70,127,31.29981728059113,74.43501841643682,6.579865684951752,108.8015456273296,cucumber
113,77,155,28.21186572373072,80.73460948318173,6.624912437469284,123.87245744322526,cucumber
140,61,135,30.545681873577948,63.86705204631059,7.064378608975806,132.2416088481799,cucumber
140,56,138,24.736336275659703,77.82412394759437,6.374835154452053,90.46827889238608,cucumber
117,71,135,23.86173939303709,75.62485444599567,6.164539485113859,115.67455804624517,cucumber
108,63,139,29.23069703590026,87.81482228545407,6.303434803885627,105.33697252523066,cucumber
131,68,152,23.696565893154023,83.81916496932065,6.472317696571532,128.40314747904526,cucumber
124,43,130,26.22873970578008,69.39206780410645,6.776149811115099,114.7652365463173,cucumber
101,56,134,25.33659139888208,82.48152061102947,6.468180171337281,92.08182771508874,cucumber
116,56,142,27.522650510781503,77.97705977456879,6.744571869567579,108.78914815104248,cucumber
126,49,138,24.231711936043823,76.10360162556586,6.832681553782648,135.1434008455799,cucumber
115,60,131,29.28117080865007,72.38362757022904,6.165152378844116,103.2570232694762,cucumber
111,59,153,29.048730187326296,85.42929973894059,6.682531851157238,95.27958329243792,cucumber
134,58,148,26.24399619815882,74.96804839310495,6.825015484357607,100.11160111866349,cucumber
105,53,136,25.0290173340755,91.69740435931465,6.15604939185914,98.09691920989007,cucumber
114,59,138,27.5905868972387,75.6937663769701,5.739339803996756,84.87165458625084,cucumber
121,44,133,25.59876345177971,82.24381965893656,6.025711032001607,89.61745702931047,cucumber
110,65,160,27.720761751371857,72.17696102025201,6.399515626984471,101.89394721703158,cucumber
109,55,151,25.9330119264267,77.97990429413487,7.029506448805353,75.04153473043102,cucumber
131,69,134,23.4064008398067,76.78674398035369,7.136960018746247,90.20332004144068,cucumber
130,71,140,23.172997815676304,75.54773575129202,6.699306946255164,106.08926872693095,cucumber
121,66,129,28.864535067856934,74.98359748066592,6.265375125943101,92.07239058950394,cucumber
113,55,142,25.652214908429706,77.290257813046,6.329489813469076,106.364853423741,cucumber
119,58,138,25.259498440104043,77.57220482481351,6.25367526086966,109.20330459012568,cucumber
111,53,136,25.334559063027594,71.39238120880327,6.252384386626356,87.36558845219548,cucumber
114,60,149,23.21099751876804,82.32026551358013,7.06839916759998,92.95198036752744,cucumber
119,60,140,25.70374531774853,77.20875168427322,6.0279735871015605,69.94252369567923,cucumber
130,62,131,28.149416234431836,78.8404763493614,6.351378172568741,109.57024879154878,cucumber
114,54,148,21.34417904082664,81.24664293158932,6.854956564699277,99.67056838295905,cucumber
113,50,126,25.43865813067512,79.76930532858316,5.854503267752821,114.62744754304327,cucumber
122,62,140,25.16944144117137,80.39287222270681,6.446873036671586,104.95286925772405,cucumber
105,46,102,23.05044821110593,79.38468806390486,6.491454531010828,93.0312307006666,pumpkin
117,53,102,28.76282216922127,79.99391347031707,6.191841750403276,114.47765608810286,pumpkin
79,51,96,25.424159365772915,83.44725369958348,6.638417438635874,100.5797068289354,pumpkin
87,49,114,21.13184561794055,76.63659454697,6.795613760113244,93.00042942331255,pumpkin
94,49,106,28.50175777928496,72.37422501743572,6.527793116510617,92.48126990785148,pumpkin
103,40,108,25.26982243846072,83.91588282913325,6.341520487046939,74.716411568499,pumpkin
117,52,92,23.93580101741964,74.37805514439374,6.892250050075536,92.42825970202634,pumpkin
93,55,115,18.964320714148013,67.6480090090083,6.376357936955414,77.06009370780839,pumpkin
96,38,110,20.507763973715942,78.699139879284,6.165903376130608,73.82133499483331,pumpkin
99,53,107,27.01572327594901,75.24484444286846,6.432237610703198,83.06343608641164,pumpkin
79,39,101,22.203242623921536,67.62344752803055,6.532096445958139,65.95268244415672,pumpkin
108,34,102,21.364626233571663,76.31614410268881,6.346824902305943,82.33514895710543,pumpkin
100,34,95,27.2668352882295,67.944482568999,6.739527928766389,114.51910695265823,pumpkin
104,33,103,27.83743511061153,61.8779129814832,7.066906479558711,80.8953295249466,pumpkin
89,54,92,23.161802312321093,72.01015831722167,6.456707948203949,84.18431051887188,pumpkin
96,59,89,24.575831296991865,73.70208710799304,6.291407315658596,84.33836122536682,pumpkin
96,50,102,29.09461495476702,69.95073051420385,6.501759155390973,72.47794434564342,pumpkin
102,52,86,26.51354130111423,73.29649072190693,6.650855354810129,115.91255556419208,pumpkin
98,60,103,26.234675676551,68.16567226884892,6.340822328965815,76.60368002007971,pumpkin
105,53,90,24.16434737062429,70.46739150100504,6.610583787973562,83.56488926740492,pumpkin
90,47,110,22.19652774672913,71.19495503245498,6.281703842941453,84.74626492040785,pumpkin
61,43,97,26.03473082621864,82.17761837166921,7.341897582098194,83.1631772756306,pumpkin
95,42,100,23.357369614858467,70.23904548979941,6.577760674854363,97.81961309913174,pumpkin
100,57,88,21.988036497487627,66.7113134698154,6.503152793905662,83.66562612920671,pumpkin
107,56,85,27.968034879702707,71.64423602382882,7.141029500643178,100.31201571561554,pumpkin
95,43,94,24.503802643315357,73.60374317554862,6.521414098634799,88.16813431523921,pumpkin
112,60,81,26.116755118712103,79.34983250590125,5.897343524376101,90.84452187968552,pumpkin
96,48,88,24.9844804296636,66.46040038296232,7.226405485096771,87.35569096650175,pumpkin
109,52,99,23.59849064282986,74.95488676533647,6.87209926096009,106.1647000389103,pumpkin
93,44,98,28.743801452115296,84.39297194190236,6.266407912687082,46.33894766353828,pumpkin
103,56,106,25.546751497728906,74.80230129860544,6.513165139939722,46.41081988664465,pumpkin
114,44,92,24.282069540068168,72.43836401814941,6.104464618117617,97.54571170895352,pumpkin
84,61,93,24.46156491049648,75.36279357667098,6.3672844401401045,86.04389379044581,pumpkin
88,49,98,21.92921749332986,76.87421778691395,6.232527489892684,58.90309921304411,pumpkin
94,36,110,23.19325530174,80.53201052862913,6.951604635134528,74.00036904265995,pumpkin
80,41,116,22.45014140136199,77.85994404174997,6.444648245228815,83.30114256336903,pumpkin
93,46,86,25.767096546508373,67.4517121935902,6.139457173776698,76.32961009760713,pumpkin
105,58,102,23.989480108755547,73.57321250458587,7.036976668673407,97.3884508137856,pumpkin
106,56,99,28.239798689749616,74.26922691976338,6.860996070669822,77.99632665983754,pumpkin
87,49,108,27.546527208508795,76.36317898829638,6.219594707409816,105.85069001090558,pumpkin
97,59,106,29.22144100952856,69.82427966100882,6.221431692229608,66.96630696643759,pumpkin
104,55,97,23.644394455073854,66.81028170586859,6.231507956816176,86.35685146048887,pumpkin
112,50,97,21.708346080517416,74.78911248101873,6.560783243688522,81.38427220688618,pumpkin
96,37,85,25.755894272027422,69.36796963328565,7.065550293505199,105.407132108861,pumpkin
99,47,102,22.202844231320007,73.02259319473063,6.301381172350517,110.33917146798686,pumpkin
101,51,123,25.69600790398543,65.98231055184444,5.8496293059756,86.39963222318069,pumpkin
99,49,110,26.35094955779604,80.30983374322041,6.897868710500293,80.19286938601196,pumpkin
100,48,102,25.14474652786013,68.41722104649999,7.088225815349093,84.9708281209366,pumpkin
100,40,101,22.113063315876488,79.01250382738874,6.160537780696982,75.87078028094656,pumpkin
108,41,108,23.320570991572414,75.07029595438573,6.308245572569188,116.2206106591818,pumpkin
88,50,90,23.495359033781124,76.09434677033754,7.126094116966796,80.25812249696331,pumpkin
83,65,100,27.786720943988826,68.43305341775088,6.3395271397306905,92.56258313895852,pumpkin
103,37,107,25.508839441299425,58.71506941111934,6.595807154444576,94.02726130353192,pumpkin
93,55,112,22.21924156488002,76.96516083760285,6.066400875872395,80.74410621117222,pumpkin
117,48,104,22.96114332945813,73.31864763658268,6.030954882352801,100.02652408647202,pumpkin
99,62,87,24.18686168118836,77.9213043959068,6.392937841138342,86.36804664067282,pumpkin
103,68,94,24.31990963731245,76.8377771861021,6.795537206128137,98.27431194965664,pumpkin
115,50,100,29.16999500702468,78.0248191126604,7.289810843133306,82.36969348614838,pumpkin
87,55,95,27.050724968038107,71.18581561314241,5.966394110185668,72.62139796489595,pumpkin
104,52,101,24.29568998352305,65.41913092764982,6.700831070555365,95.87836318576171,pumpkin
95,56,100,25.33607412338904,73.33543454540657,6.055519390635576,93.45262554874483,pumpkin
83,54,107,27.146867124657696,69.38532205722476,6.647778786607482,78.70948711874794,pumpkin
86,37,96,25.44940964356097,74.2846410437013,6.32318322240327,85.25856877725585,pumpkin
102,40,87,26.128731455796363,71.73468750565557,6.5535399235945855,92.00203590031118,pumpkin
106,57,95,20.97976267186126,75.53513733580677,6.573648896662616,96.11682772006267,pumpkin
105,37,91,20.418822470976885,76.34061267926047,6.679626376753246,114.09010523564687,pumpkin
108,40,104,26.818534175162604,83.92420062908211,6.657168599671343,78.11404930611647,pumpkin
105,49,85,24.26980690454428,75.74779603308693,7.225813173978373,100.17863329645084,pumpkin
99,40,109,27.812893594118304,74.12830120341889,6.056337203361387,104.2413483230132,pumpkin
87,60,109,23.91874142284725,77.05088603681848,6.467586794913111,95.75680791934496,pumpkin
117,49,111,25.80508725854537,63.31369484264903,5.93616360100644,103.76466850167796,pumpkin
95,51,110,24.46952086417462,81.791850585048,6.966448720235837,115.23423479008795,pumpkin
130,49,89,25.075865925160656,81.56836611939158,6.750389590599232,83.04916908611006,pumpkin
79,44,85,24.923505673630643,73.9666598367913,6.57650976971742,110.57023305837244,pumpkin
112,53,107,22.43780351252759,79.97752567452015,7.165601235336775,74.0251177567544,pumpkin
99,45,96,21.34611867612725,77.79969232691411,6.480640132541351,88.03332797547532,pumpkin
113,51,100,28.464463622315563,76.85277146608624,6.2432638960771465,91.01822651272882,pumpkin
108,43,91,24.912526399007035,78.82094614384964,6.541427664467311,84.29879213401261,pumpkin
87,51,111,22.04343811667772,87.11381149175621,6.192914949851089,114.00634818078932,pumpkin
96,47,102,22.00551123168997,73.83219442155665,6.998352068314377,57.098467120437824,pumpkin
104,60,97,30.217456645707056,76.47883894645695,7.657541340610414,87.9680636408341,pumpkin
90,64,104,23.814590400052293,85.27804934253186,6.127631038118503,75.31092257608462,pumpkin
89,41,92,22.309630105919503,85.78883547483707,6.275150548373957,95.8396758992235,pumpkin
96,49,105,26.202799480954283,72.52253934138261,6.588043550516671,105.3951474447882,pumpkin
106,53,92,24.298157755623617,67.44551683481998,6.193772257596288,92.4210762410666,pumpkin
104,56,98,25.515815399101317,70.22395231033096,7.496480790501577,74.85327033068698,pumpkin
79,43,91,24.94488783363211,68.55574550282597,6.752571296998978,97.42284871510948,pumpkin
86,49,113,26.52345088112624,78.54345499425901,6.3800625317305695,85.11245596813035,pumpkin
117,49,90,21.99064400504721,73.28417971606243,6.736261649101447,67.88268717072235,pumpkin
102,54,95,25.760826832245087,75.01940262236693,6.466643851966031,78.73782008351347,pumpkin
110,43,100,27.46735945822558,77.45454998800908,6.576388517282961,87.63061143430772,pumpkin
100,41,96,19.368810235673937,74.16915217062105,6.480776732827801,92.39600693446616,pumpkin
94,44,100,25.46998503475195,75.73131058836142,6.499191025988456,74.19529021744536,pumpkin
100,45,96,23.982145556114773,76.65563633271594,6.926445975202057,134.13186001094536,pumpkin
82,48,104,24.39210704146655,75.43801724307306,6.963166114746834,106.17998055377608,pumpkin
104,42,95,20.2644600736021,79.39260702284385,6.800471418779114,62.71614396201876,pumpkin
114,47,108,28.922684976637544,71.24967966601393,6.430199567586206,142.0560079077178,pumpkin
105,47,111,27.08542098624752,83.58659482165109,6.685580940515784,93.5473630394947,pumpkin
91,58,93,27.42504032676859,77.49005303847596,6.497324450247232,107.95323941783384,pumpkin
107,41,103,25.352345748251835,76.04455562303407,7.270620243231182,97.63726295929868,pumpkin
102,58,146,24.526514597464782,64.06893783733531,6.097266755615789,69.6195925546242,capsicum
113,62,129,22.64443810755632,62.73314004099094,5.655999446544199,84.69192644740599,capsicum
108,64,143,21.728344973426744,57.32116314234979,6.642432608605637,57.94581589979598,capsicum
121,48,136,24.29853222639295,63.183077886126775,6.49566403558621,84.32761608518904,capsicum
128,57,146,24.872266666928606,60.20694217280222,6.526691856999655,85.20956835692847,capsicum
104,68,144,18.9643030102307,63.97640138511959,5.772616205445736,113.70749020530172,capsicum
117,65,139,22.711347414129957,64.42756390133282,6.4346485929153925,93.18035824427037,capsicum
118,62,131,22.25285484118539,66.45037351666507,5.603785910146438,89.06497819279011,capsicum
112,58,134,25.67624973144742,55.27432077992677,6.3073299515425,65.49023573874322,capsicum
113,62,133,28.111888583101603,64.7592972233139,6.225280444048086,73.5233938943775,capsicum
134,56,132,26.546487958396128,63.06790336696982,5.912898939936337,83.8290806486782,capsicum
127,60,141,20.90387326627713,68.07087161973585,5.943248098416629,96.20211174637691,capsicum
107,69,143,23.408981080899288,62.27728296653466,5.798572577189929,102.17429912423144,capsicum
101,68,134,22.610151350519494,61.81552343725931,7.09492485231053,137.75908359260566,capsicum
116,62,140,22.731231099341613,70.77367072125188,6.163326801785247,69.6764264118064,capsicum
111,52,137,26.154589575826776,67.10491071870798,6.443972273191388,68.74625144234011,capsicum
122,72,132,24.81271637360944,57.18593125179368,6.2361627084724045,85.29341749050022,capsicum
122,58,149,25.77522798633817,65.63164682473517,6.965705094109175,77.7938917181626,capsicum
113,54,138,25.044326457307537,61.888248283024026,5.145102904781862,83.71600932510168,capsicum
125,69,134,27.12991716798988,59.69879601281417,6.328892130563162,97.30321131078308,capsicum
112,49,129,25.697583818351777,62.20401502475233,5.79248145226421,73.43595484164206,capsicum
129,57,137,25.711283277264304,57.5070754237197,6.576144883786149,50.93727959783155,capsicum
126,66,126,22.867716724573672,62.248988443824416,6.447053914117177,73.49081941339497,capsicum
106,58,150,21.816746746202345,67.3780078828064,6.702297795314106,62.84520602229318,capsicum
109,64,144,22.046182183582918,67.64153171774612,6.415275415120066,74.36619036946422,capsicum
114,51,134,22.073565960953303,58.70755766908994,6.317390115812992,103.6621178451694,capsicum
101,62,141,21.277810848451,75.14308101934446,6.727439928949486,61.58267837296664,capsicum
109,53,137,24.775369651742466,62.0974217255864,5.889258548069535,82.585469949186,capsicum
108,69,127,26.2571214875427,59.53349171640613,6.367461325335162,65.39505906063894,capsicum
123,64,136,26.256198246819373,67.8932922465252,6.495849649117288,55.44428644733927,capsicum
120,77,148,23.675944837455347,70.29983747560736,6.366055578004191,85.06751858670742,capsicum
107,60,147,24.516222167982992,63.94555652037508,6.051261650803434,77.47676737103944,capsicum
117,57,135,21.2977635023379,60.11698388356925,5.450496337290392,57.80507743266575,capsicum
117,57,135,22.044719344513283,57.55173860512387,5.993603882772966,90.56835394070907,capsicum
122,48,120,23.99089179072129,64.20385612585825,5.568088492252593,88.83750414952004,capsicum
114,62,142,29.051997282935847,57.74746464784239,5.290049148081837,71.58146378784346,capsicum
120,70,145,24.871959897565056,65.26502777824668,6.594616135962938,65.39087886106955,capsicum
133,71,147,23.102973047918752,66.62777020766374,5.861823036594112,85.194634701882,capsicum
124,58,145,21.78592170115697,68.19704411204218,6.458626735351015,67.34662273663858,capsicum
133,67,122,24.97298191910544,60.08333190522174,6.236893914782901,88.17445797604493,capsicum
118,54,139,23.362922007438957,70.26817404383618,6.462498535566179,88.12795545444158,capsicum
114,66,147,26.6913140475413,62.61950119341268,6.207326205044686,71.64882533093939,capsicum
140,60,138,25.390724833982667,60.71789627470044,5.765268001613636,93.30075022009552,capsicum
123,65,141,23.16133491040128,58.70711100925733,5.6653230528857605,73.54176728605883,capsicum
118,49,126,26.79129704893452,66.09400836988864,6.504330950975949,64.39367582153702,capsicum
128,51,156,21.62962678348833,69.01727761070582,5.851611880149145,73.05916973440506,capsicum
114,50,125,20.97801719714835,57.544027476696165,6.168955249368765,94.2912889039904,capsicum
113,63,126,24.012636493661816,72.02257459733312,6.126916995283044,104.37092721742358,capsicum
127,53,136,20.280224648250226,62.39350367753627,7.041033044743863,89.57778744394771,capsicum
111,52,141,24.874289333304947,69.54996734500499,6.144334349079059,62.9444199186092,capsicum
103,63,144,27.95677955336872,67.53712888069732,6.42800659875798,94.07982545764504,capsicum
121,65,131,21.163384582943547,63.33901857156852,6.803334707180687,62.66789771160159,capsicum
127,70,131,25.015924271204188,72.99036726710233,6.464941333930837,90.08402912783636,capsicum
128,61,142,21.414387334122434,66.50997207328248,6.10913032737872,78.54994862429724,capsicum
117,43,131,21.70772590643595,63.80719319021755,5.987198330525307,87.97400289662596,capsicum
130,50,153,20.54824544311601,61.08314681973497,6.215005823493021,56.37270476908585,capsicum
113,50,132,24.61732350633159,66.73740607906106,6.183299069115861,108.29371527533736,capsicum
104,56,156,23.30218124364608,66.83496644520476,6.934505922218863,104.8249431556852,capsicum
118,53,141,25.60183847376877,68.74583853361992,6.347951547557986,88.41090705805672,capsicum
138,53,125,24.248907302273803,64.0457922666567,6.456770560240388,75.7704267875465,capsicum
138,53,157,23.80969918334495,65.14347705134618,5.6966192610213895,90.46735495803937,capsicum
116,55,131,25.074306227531704,70.85426477797677,6.320944329923746,89.91562734067783,capsicum
111,52,142,24.63617010939868,63.21402487848063,6.2355803136804,84.57348782514102,capsicum
114,57,133,20.45323399090525,65.20361058664649,6.444052143949064,73.51369386473614,capsicum
134,59,133,23.48659685777495,58.363400285288336,5.96954981542476,73.89309214294632,capsicum
114,56,136,20.677948305747336,68.69606750806514,5.963324682652856,78.85172468959054,capsicum
112,60,144,29.50169853438819,69.68153347936276,5.844426554193068,67.39998232954221,capsicum
133,58,137,23.696316954190447,69.44361209800776,6.458009181075392,88.18484383699285,capsicum
122,59,138,24.863387088469107,64.66020181072365,6.387516521462973,101.38757514229452,capsicum
108,58,140,25.022776112753288,59.48793790849279,5.337899451634705,66.9461438903368,capsicum
107,48,137,18.73673811877665,58.21015019998549,5.443185559031897,69.78278980294623,capsicum
104,63,137,27.008579142635817,68.81065750138278,6.016046450337307,73.92058724991101,capsicum
130,49,150,22.73960988370889,67.11731588628194,6.756540872120568,91.71774985540748,capsicum
115,58,151,27.30146959953732,72.90443531318826,6.298625075298614,78.37152495245823,capsicum
132,74,131,20.197830378252917,73.03799055232639,7.514778156510157,89.92683571826802,capsicum
104,56,162,22.206797692923026,62.5824100863962,6.824190768941489,70.0382246575724,capsicum
110,49,137,22.214403193837487,61.82006476615605,6.314145456958961,66.53923253711265,capsicum
112,62,142,28.968605287693396,60.5010676760526,6.290507553648841,87.52574894897249,capsicum
119,61,141,22.405546114734413,71.68218882521897,5.448977763101378,86.58195435570079,capsicum
123,59,136,27.186782623875285,72.49900467736556,5.646953815217863,90.49190098615895,capsicum
131,65,150,24.835369565253615,67.5078603789559,6.087644079686914,55.2847011387525,capsicum
126,61,138,27.552213363891383,70.77632596316879,6.035954017736694,71.53603945464666,capsicum
116,53,134,25.153864618473737,62.38583124546578,5.69369171458095,78.19394349771684,capsicum
117,57,137,26.443414673683183,70.34197192138583,6.4269435064021785,50.23446290520741,capsicum
129,63,120,22.34194589066084,69.35423647253279,6.74003423847539,62.29323679412033,capsicum
127,63,152,23.874817545267287,53.87713134905401,6.094591178750542,103.8403572456419,capsicum
103,70,140,24.30515255018749,67.78858574775978,6.057172354706242,78.45168063762192,capsicum
138,66,143,25.541386534037628,67.59948127761304,6.54065661295649,78.71896821374118,capsicum
123,66,147,24.23481332347724,63.49592585159536,5.896568181906036,94.98950766877368,capsicum
133,45,139,25.975795869855663,71.61782875519502,5.887962165227658,103.20393558108238,capsicum
130,71,137,25.4180698434884,62.41186541128196,6.059383104449442,96.72494797532283,capsicum
124,59,137,24.37032800218349,58.20927055745186,6.466898682578052,85.25729419772297,capsicum
114,59,134,24.110830381947416,72.9850908033256,6.283305362091263,89.625332628739,capsicum
114,49,145,21.88072556514737,63.81767913855998,6.061997129767799,80.31967587842571,capsicum
133,54,158,22.754851642794723,67.39701694864942,6.899012651949841,91.25890005248392,capsicum
108,49,146,26.699421113641165,71.70249775070016,6.464988338342302,66.49648343278605,capsicum
112,62,137,23.64393267110212,70.09052654151299,6.526979550415313,70.97607620986724,capsicum
107,55,138,27.00208912533093,68.91794543402084,5.500359984844252,90.23654494905848,capsicum
96,55,135,20.08661502875025,69.69303404547439,6.4489780829221015,82.18599024764532,capsicum
119,51,132,24.523058978853378,64.25520849193609,5.977060127133476,86.32986117669911,capsicum
52,29,44,15.654881642063684,51.561483194163344,6.231056625984774,58.67339065698144,oats
51,42,45,18.543575924871586,64.82570236218734,5.817970164783444,58.47616653178738,oats
50,35,36,15.41977767362908,48.38690812548386,5.853209357511776,79.13400352236965,oats
62,41,33,17.403699660820678,51.28021770630712,5.445357099881954,63.38505756400815,oats
54,33,25,16.27264782702675,45.76033564055673,6.036203018766354,46.778705631147425,oats
66,31,34,15.361765636312896,52.07588644019671,6.39848888336455,52.05631827861648,oats
60,39,40,17.36197557143081,49.912827711545106,5.354112677636129,83.1080094967296,oats
62,35,40,15.403308699932225,49.6230843001294,6.28194993674826,50.708005360582504,oats
51,30,46,15.033456109655816,55.913992606736244,6.452831426499291,55.42749761903654,oats
58,46,38,14.337677950405498,56.307911857090424,6.442725416576492,62.720456211244375,oats
70,47,43,16.43766913650689,50.84595099810811,5.915879138607737,35.8411210459888,oats
58,39,47,11.622489785658804,40.45288796539938,5.393931446677013,55.813816788198,oats
75,35,40,17.58498621926609,57.622952640419555,6.00670525924508,35.60202023495526,oats
54,32,37,9.599932539527213,55.59102881924847,5.675336044997738,51.05231053638862,oats
64,40,28,14.731764615415162,48.16589026734285,5.9794847740454315,81.16670969886643,oats
56,38,31,16.511948754096146,52.169280403335975,6.528807494755182,55.40343697561642,oats
46,52,48,13.284891373533386,56.9000075184963,6.180336387287659,54.54501429950814,oats
62,46,41,15.71669904822698,43.74297801476301,5.7871089387408485,54.483816791618544,oats
75,27,26,13.270639260127476,45.625028580621326,6.223110466620379,50.372098369114454,oats
55,32,41,13.688934310099425,36.658596214957484,5.965567478458101,65.4448922786534,oats
42,44,34,17.853816365879233,50.819753766996456,5.9250378282411225,55.332388072978354,oats
57,29,46,16.520020422377602,44.28527638377489,6.1213434165014275,61.783304833251286,oats
56,50,35,13.455244920339462,41.191436915528826,6.225766602826124,60.193823610092906,oats
68,31,39,12.840032532133995,43.73843222696246,5.7847584802823215,49.39517310282996,oats
48,25,51,16.629086858464383,53.785345301115605,6.165864462354133,69.69017987156263,oats
56,46,46,12.915202644947705,58.19277361229307,5.516888119441616,67.5450963787041,oats
59,42,42,15.99474556937556,50.061677209641985,5.434676083238908,74.59460005534419,oats
58,49,52,15.177417847468067,54.91601112228379,6.505151698921646,69.12547599555614,oats
60,41,49,13.438595204578611,53.35951186964653,5.767574522871879,39.42133059459883,oats
50,30,33,16.715680121762947,46.08682311900235,5.746255764031934,39.13585472495047,oats
52,35,39,20.365592804190946,57.772391471248724,5.577175728161337,85.28362940255354,oats
58,38,42,9.852373410806461,52.431076776179054,6.555511761305523,38.00359396288066,oats
81,42,49,12.979496550430639,58.26552366241682,6.44595406666158,48.489605031988674,oats
59,38,38,13.881740250691841,49.60034764682603,5.693907226734415,59.57330305871272,oats
48,41,27,13.311289054131905,54.59017782428123,5.452514895552255,58.02713843739211,oats
54,51,44,18.24903487726617,42.61859176426893,6.465932347943198,79.3155907627935,oats
66,53,38,14.578840464809948,51.0451226215458,6.036462710510512,65.655739002613,oats
71,29,51,16.091417946836152,49.26967935112303,5.822029109439113,54.28781093585813,oats
61,46,21,16.023517101748396,55.70917223576012,5.673804109918143,64.23731233282902,oats
68,34,56,18.232057876583035,58.200999458786484,5.532128833231079,59.849401037895156,oats
51,54,34,11.863696084997848,58.3835050392291,6.234803627919769,74.6080757051643,oats
47,38,23,14.126553928432234,52.31384481600668,6.029257871367578,92.58643994600223,oats
66,30,40,12.028685201272191,52.8559436613342,5.272897081233833,44.45950920641771,oats
56,43,47,9.354105628503063,48.0329951174556,5.5648486364105665,45.90688719819275,oats
57,42,38,10.00355244007578,50.32680381336572,5.846573948459365,35.14785978216267,oats
58,46,47,12.890375249354832,49.30678918051722,5.5561003623345995,67.8085105682885,oats
54,42,35,13.457986003568129,47.76355447591314,5.977473300145952,46.56218758891738,oats
50,43,49,18.686617266184392,52.74616976039038,5.223329772352942,62.346032245256986,oats
57,37,37,15.475313317584847,49.24969149167812,5.611659572048524,49.411469763983135,oats
62,43,43,14.545602407016807,58.1295972685759,6.2010683178535215,48.62758666541844,oats
58,34,53,12.092105285980807,48.53946750809445,6.077918689450408,52.13699906793391,oats
47,29,43,11.955834203595074,50.26816258579581,5.703212031890165,54.11134182870302,oats
62,33,36,16.344462889572704,51.21068961563545,5.8617283137328515,69.98670715456399,oats
64,27,34,19.23615031590134,59.20158589804072,5.865963175534735,64.11151993080925,oats
66,42,43,12.55811578677282,49.469816034736574,6.011661615862727,69.56174442341528,oats
66,34,31,14.952576618905816,49.091886589300515,6.119462095206789,60.467195088841386,oats
80,37,38,15.167280544471852,41.58441896912558,6.234709801181125,67.29255970110358,oats
49,37,36,13.311992319566158,49.88103717387337,5.865381054898467,68.57631698439317,oats
57,47,26,18.875279520532192,53.4187313281564,6.477592186923976,35.51350028675952,oats
71,28,42,20.12445110133897,49.514331523742655,6.553725251610357,77.91039362185424,oats
59,43,48,18.380218115713838,51.57281879482722,6.1975865969643955,40.07946412637958,oats
46,42,37,19.080139827136044,51.25271466302329,5.587979451917996,89.98316603670035,oats
64,36,28,16.833287843231616,44.66470484968961,5.216122497322335,78.4375064661788,oats
73,46,43,11.13714562201676,49.23290981044315,5.890248696700554,57.122246756620754,oats
46,31,24,13.95501928248286,56.67409625058916,6.370111519730791,36.82727453117767,oats
52,40,34,14.437956409848875,49.107752679941754,6.276586448576801,51.650062897475905,oats
53,47,39,15.126840371261995,49.918230939323884,5.853475804851019,43.0882540332518,oats
43,30,35,18.128839981060132,42.66131076857786,6.067295974775578,62.88252704066705,oats
58,30,27,13.750222198770249,38.74838212795352,6.8178623214612,53.665515856050085,oats
70,33,43,21.518681376273843,56.249310659406994,5.372575292228586,72.40525915008656,oats
59,35,40,14.88616383792304,45.34508562562252,6.350540153157643,46.74793512315366,oats
71,35,38,16.132706690946925,47.75780013935121,6.402740310411385,40.61284760699233,oats
60,38,49,19.653698681820874,55.12080748166139,5.641138678371586,65.64544625366642,oats
59,33,37,17.288310932569832,55.07093328946799,5.97354877025034,36.149839765649205,oats
65,33,44,13.306133061314066,59.50444266804556,6.2328091087372295,54.85652740616579,oats
56,30,23,14.552510890685317,53.240914565718285,5.814981623362086,46.820111656554204,oats
36,36,44,15.075854589253485,52.67014773265935,6.3435727365190315,45.82942265413403,oats
69,34,32,9.5102175534542,54.05362881222598,5.770505286903957,82.61157050000774,oats
81,47,46,14.831418354902848,53.63245197404473,6.223345835302755,97.96616553003001,oats
82,45,31,13.866846934800677,43.49291388334266,5.99062252365432,60.6951559901394,oats
94,27,47,14.587661944142198,38.15199496704699,6.362126042955762,56.258532840228305,oats
56,37,39,15.896675654703284,49.8156457475769,6.312986139379317,51.593678457545806,oats
67,39,47,19.25039225990052,53.40824351726511,6.055002560129651,61.761319882671884,oats
50,48,51,19.17366927734815,47.1946895839233,6.538355211372214,61.80253630027872,oats
54,49,43,16.39584801169518,50.03590377133546,5.805363519356943,73.3831696800337,oats
53,48,31,13.007325437341281,49.60861749548673,5.9635504936344175,56.66646396834861,oats
69,32,43,13.682495039563761,41.76105649776379,6.5733354822983845,81.79037628248224,oats
58,28,32,17.156529097823967,54.313980243310716,5.895039325940414,54.676678720121046,oats
47,32,42,13.496384755873226,55.60062722224841,6.545763644836834,59.25953313801044,oats
52,29,33,14.04528195176365,49.36042541422105,6.75829521707648,56.591393429581764,oats
42,43,31,11.169799328508489,57.469092088930246,5.932773289720306,52.0792565010294,oats
45,44,33,17.759335090022518,44.77216466254077,5.301885510244987,25.595955913341975,oats
71,31,43,15.565345263877084,55.998818436448836,5.773159252282451,69.40575524897903,oats
54,31,39,17.59185096873985,54.42956846974818,5.150390861029721,84.70142955729203,oats
54,33,44,17.073761208882523,58.895852525747436,6.03202398355225,56.64000820796298,oats
72,46,35,16.29865356622109,46.53026049831807,5.793743419849391,56.05707537817867,oats
64,23,50,16.400004398071836,47.88947795967675,5.622002650031008,47.90204766507828,oats
55,44,28,17.624592825463118,50.188731978881634,6.194558398398277,62.215890162182596,oats
38,45,39,11.112569572794396,54.3233781759328,6.084566743393214,53.96994499142191,oats
55,45,31,12.891275860750696,54.32134174769017,5.573858799616634,60.6202706134631,oats
49,28,34,9.145768942287162,52.753479869409674,6.807316068185211,35.10940284660093,rye
44,36,25,8.870057969876482,45.69484454651314,5.916992004864917,44.0618763443838,rye
58,49,38,9.784435398875015,51.39567005171272,6.802384080036167,24.278103225102775,rye
51,32,35,9.243123897306019,51.67756026245613,5.91144208305824,64.2575985141214,rye
51,25,42,12.740073570126883,61.545731616598644,6.008106980509283,47.389152378021166,rye
56,32,32,8.591283177578365,46.63091278267539,5.702524622799073,44.969456444452796,rye
43,27,22,12.285301695319847,54.00232866835752,5.531239768293358,33.37924097943429,rye
30,19,41,9.00830379795897,46.620180411870834,5.920771471600107,45.59284800942042,rye
41,23,42,9.380203113534956,41.3683752262135,5.78666860910341,91.39951623007937,rye
49,20,21,12.200167900659848,52.786298532991275,6.309233527839416,41.091233669512654,rye
58,35,36,9.209921376806607,39.26092679260197,6.061828639967339,54.303961332872575,rye
37,31,20,13.99536593856482,55.16359656779592,6.222333772391915,45.83408759301511,rye
39,46,24,11.507170901769717,50.674894530722185,6.666885965660275,42.84940589209377,rye
55,23,40,12.595768814346158,56.35013643787956,6.206241956099215,35.123459846712734,rye
59,24,27,10.147012479808211,51.869963405918746,5.609124250611931,49.78053917307293,rye
30,28,18,14.378175347417507,41.78202593934523,5.675122441396273,41.56437822731412,rye
48,14,26,10.751534548985058,50.59962938968554,5.9061412364182795,93.15277176611309,rye
60,34,39,9.982858262882317,47.667656874578086,6.08999582075508,41.952668880496674,rye
59,26,13,10.927699207883787,46.28814248101539,6.274577040902724,52.80923461513701,rye
56,37,39,10.32703311832122,48.32834502211422,5.81220266769224,70.01434605456734,rye
48,25,38,12.848976617449118,58.81039404183367,5.511712152284588,50.24931277409199,rye
53,20,33,12.961647534178809,53.588244618899466,6.4206998163818145,82.946600805182,rye
50,30,23,10.431684262828597,44.35721629858522,5.5252932466702065,31.999509893399882,rye
58,21,31,14.604319496066063,54.813382560644655,6.282751928420494,61.52596026395521,rye
46,19,34,8.767871211261022,51.21034956001771,6.044477320456105,66.41739778434183,rye
43,37,24,14.194699167260989,43.436799195812696,6.416537311836992,67.52157551795588,rye
66,18,15,10.896835832283776,43.070790394147295,5.936127781123943,29.8258876764365,rye
49,35,34,16.213765415683735,47.786953344944955,6.283959862222688,59.84031609641334,rye
52,39,36,8.0,49.218357371661824,5.856188028733806,65.09535518602182,rye
68,42,17,14.5067751558967,45.768074967679006,6.152938276829598,64.27238859542844,rye
41,26,34,15.312216324327714,50.05472506280095,6.142030924575017,62.448193712633675,rye
44,15,34,10.503563609777077,50.147729293211086,5.7507812674474446,51.297236158766275,rye
64,30,35,10.118120263330992,55.11702249444802,6.577516490347092,58.90772223718703,rye
46,34,7,12.522682972039995,50.82678395786926,6.087105623357738,61.327919931130936,rye
31,40,5,8.206522354074238,51.193453812047316,6.44510872435328,37.60590664992662,rye
53,31,34,15.744624806466783,57.06585804020685,5.850410418156419,61.69340019953058,rye
70,36,12,14.22709663863334,49.46494236038343,5.663247490550834,59.144531083499245,rye
46,28,25,13.69737835750116,51.10007799559572,6.019645154435189,56.93873643671874,rye
57,31,30,14.67591763154432,52.52431360176899,5.985875848524123,40.46972669555996,rye
36,31,20,12.177158973521307,46.61866500822405,6.357375329732965,53.851722166730966,rye
43,51,33,8.0,49.169543494621855,5.501758334755938,45.995364721083725,rye
63,16,18,15.766093386749114,56.229090773681826,5.985606895964525,39.67462632746383,rye
47,21,36,12.293904391179279,56.22657031242663,5.728026780604677,52.135580742144505,rye
55,45,27,9.297800916619845,51.67282118145635,6.159151321648779,54.34284558221914,rye
57,21,31,9.77742539977299,42.38219243403079,5.170695466273686,43.61071929209362,rye
49,39,14,13.065401122239304,54.068465227651295,5.816843478246226,20.0,rye
49,28,23,9.876812841040046,56.1352411547745,6.502162930694975,30.220883185834772,rye
42,23,44,13.56676446019212,51.48944499466024,5.448793397196168,58.313610273850706,rye
26,26,31,12.586277746482331,52.211463108784685,6.527883060045247,49.47693935920033,rye
51,6,35,13.757292917914281,54.5648131852022,5.841192707183889,81.45179317870313,rye
33,29,36,14.472439910856712,49.517882084491575,5.856625547232534,53.765690795283696,rye
45,35,32,11.439677166623435,46.18563916828701,5.929918667698666,59.5364502141199,rye
59,32,47,14.117927879163473,50.70244116524794,5.73167795396065,64.40702680681775,rye
34,41,24,13.524752826918858,56.46506077939942,5.940726205989634,57.35999123278459,rye
34,28,26,14.758502439434181,44.65985197585816,6.314341378770776,53.07994132286773,rye
42,35,41,14.24866840207698,47.72469862944615,5.960971139492912,21.86161881085747,rye
54,32,32,8.0,46.04787316165512,5.805235359135876,68.57636219533019,rye
69,33,33,9.375881522357826,54.07140058405491,5.327221148134565,42.4458637085418,rye
49,15,23,8.205379067117526,41.06285456961733,5.90165599784195,74.96833791278878,rye
56,31,19,14.470388455232069,47.31948067593603,5.819214610629317,65.5259244381699,rye
42,20,29,9.73813609675835,48.553866359017505,6.016779035605501,56.226376982878996,rye
43,42,21,9.399678003083316,55.831851831968656,6.2739548272862296,65.04185597089327,rye
47,27,21,11.778596843684376,46.499842442096266,6.245726832294485,46.19155238907191,rye
57,21,29,9.458234950284726,47.80873171378004,6.401120020253611,58.541375349344094,rye
48,33,21,15.185463449483695,52.62705005378097,5.577518157255053,24.85588302671476,rye
70,21,35,12.981492638112702,54.269800652120736,6.2981653006784635,66.05730963646462,rye
39,27,28,12.127636088120937,55.11625915843862,5.343795430885173,53.887253248805806,rye
61,28,17,10.828540283310174,48.42597474472108,6.56506109116521,42.679600395482495,rye
47,39,34,13.596559551491943,46.930789946861175,6.118332751953298,76.01884085559621,rye
45,19,29,12.910701306709846,45.988481560475144,5.466448473590267,53.89811878979094,rye
61,33,25,10.43558408157695,49.181008614484426,6.76122004657811,20.0,rye
39,34,26,11.057521048342467,49.20900832049428,6.0725832700417275,52.135604190408245,rye
42,28,24,12.433242598150352,58.78354758835881,6.029535312863528,32.80848562100688,rye
36,44,19,13.901804359921794,59.28711675900112,6.167756499772707,53.209953138595836,rye
55,29,33,14.416828787922789,51.10044205284377,5.456112229297796,40.173550598669934,rye
34,21,32,13.110362135167751,52.472785682439955,5.877759390211305,41.14211897173699,rye
65,31,46,20.103618909438108,56.46096775860597,7.015468706472006,52.171745533922284,rye
46,36,27,13.7737432014056,63.50495005501461,6.622628608917001,48.77755421343935,rye
48,30,27,9.791702572109923,43.75122881787754,6.360381524445782,77.14374400729845,rye
38,24,30,8.0,51.80538981915425,6.435546610908712,41.79531114452362,rye
66,28,36,11.577288358793544,48.17754108428186,5.956819161132196,43.10733920113362,rye
45,28,35,10.575652871403538,48.61052034609847,6.594524111997201,48.308153011692745,rye
58,25,43,14.549013598017709,51.39276386668559,5.426072846634457,48.12079149832598,rye
51,30,18,14.169509328678613,54.55467557612841,5.711157842149133,54.92212773702531,rye
31,14,33,13.609234920830415,46.66938881037052,6.421238765180779,60.46490287287405,rye
42,28,23,13.685801532037155,47.64586734838576,6.574234652353869,42.08838400295389,rye
49,39,32,9.91178266839904,53.023015108070595,5.894854066028445,39.04634615320749,rye
64,13,26,11.696771205133794,51.05270054627444,5.938496291677618,60.37277677008187,rye
44,16,17,12.85624215177386,50.40077105165905,5.880211077638645,55.770514215384175,rye
60,32,14,11.958755112958867,58.46210676004977,5.738668011371436,69.50456548605226,rye
68,21,20,15.111075822898329,47.35345487796996,6.8296371659368615,36.53727932084367,rye
61,28,35,10.479913213479358,42.449860038672895,6.747251556321002,38.31727290786976,rye
42,30,28,9.994583300974764,52.94260370345893,5.537917739990844,40.60857074015172,rye
46,17,23,15.455319026413866,46.00688400321416,5.626572962720681,23.92189438482244,rye
62,21,27,9.796262159683298,50.23080473561759,5.452680462685566,51.99551863062794,rye
55,33,39,10.425633669574601,49.495328852472056,5.758888265467373,44.907199510158065,rye
50,32,36,12.69614740542089,50.46537656918794,6.474788286040324,35.47001060011191,rye
45,35,40,9.044793112717173,47.24834703358951,5.820860486549065,25.44305493872816,rye
48,14,29,8.0,43.59818473758757,5.136595800958325,58.793911318671384,rye
69,40,26,12.07757078615757,48.77593220600005,5.972708532862335,43.04941196199658,rye
78,31,43,17.55891609192314,43.78232277189899,6.939170548747769,38.16689433439646,quinoa
81,38,57,15.421845990540133,49.59627645645886,6.022063816017882,64.82193727427375,quinoa
81,40,53,19.79005619772581,45.7350830458162,5.9583041871476325,46.43674282934713,quinoa
77,33,56,18.40279996309825,52.1227005584194,6.442177602382306,49.22379074033253,quinoa
88,52,61,17.498494609393106,40.1996087731037,6.164761076352553,46.301911744295765,quinoa
73,48,58,17.04891750680052,48.467617445864065,6.148299603149505,42.06807371984218,quinoa
78,27,51,18.777366727941597,54.94620520463761,6.965286226027174,48.54713772792389,quinoa
61,40,48,23.768340936876008,46.68246565276076,6.294396593294299,30.82945436440452,quinoa
92,49,53,17.18570146717035,46.02882141911542,6.846375164966634,20.0,quinoa
98,43,58,12.559739730921276,47.89169039478702,6.9852103156038305,37.43809087951438,quinoa
91,28,56,16.795747065053494,49.49314741566916,6.386666593850881,47.85114909238388,quinoa
87,42,70,14.42575668278385,48.38182219993398,7.110390219059543,41.948135168591364,quinoa
79,30,60,15.05288659630937,41.89781648793271,5.867891134398086,43.94860257336054,quinoa
82,47,62,18.77262646511308,44.106645789154484,6.566704020651698,41.47818855022706,quinoa
72,44,60,20.321633633595646,54.61973936738936,7.243544414597025,44.37245934247652,quinoa
80,38,60,15.573880763762508,42.961783358497996,5.984786028962009,57.03454562308431,quinoa
82,34,59,20.509631330990054,41.793626151291654,6.202268404952517,31.663927611919583,quinoa
76,39,68,20.158072059943883,45.498110811958185,6.690242683749911,45.619969031118195,quinoa
86,42,53,18.889926983861926,39.531854677097215,6.724096389322408,41.3623484811015,quinoa
79,34,57,19.879563908870843,41.74469132699688,6.731777896015985,37.540715342099816,quinoa
71,33,58,17.29630129009156,45.64068721918787,6.830869605310965,50.136071490348485,quinoa
88,45,69,18.06786706121413,45.77843902723131,7.317355085609378,30.120115238938162,quinoa
67,38,58,14.386227432716145,43.09021703243909,6.526553209036558,29.09725511694116,quinoa
78,45,61,18.531593833625646,44.582177115584734,6.3980960291539395,60.49615905825766,quinoa
95,40,64,16.406938533735772,45.38610302579331,6.25187789739054,65.31430658426257,quinoa
79,49,60,20.371795918905917,48.60387114857211,6.640817828549306,30.29901419872563,quinoa
84,42,53,19.876161132776172,50.23598887518667,6.674713932294521,20.0,quinoa
73,38,53,16.232505513453766,40.38719652015171,6.223959143567699,43.01201417522668,quinoa
89,37,59,17.74984421548061,46.74045460134416,6.093163959075386,44.309172618747,quinoa
85,42,57,17.14091641461728,51.346077418546045,7.071560997099541,61.06386406555382,quinoa
89,43,61,16.668139555903604,43.13043425786242,6.6494742581302475,50.449006345005735,quinoa
82,42,63,22.50706705480626,51.017502487441405,6.235887730864,57.03453653836819,quinoa
89,47,38,15.885399330237142,44.39078618570288,6.038904968500211,36.38839240968673,quinoa
90,33,42,20.986024798171407,36.01589804847807,7.00631244668633,47.200609077439616,quinoa
57,42,69,17.06862460000444,45.352550209195655,6.726246642205883,30.84298239106938,quinoa
92,25,52,19.10631805900165,44.85323860769505,6.169068016040553,20.0,quinoa
89,39,60,17.571209196523174,48.7079749505954,6.10468734624642,30.42553660296352,quinoa
56,30,72,15.98183136496208,45.07602982004978,6.961308252169564,20.0,quinoa
78,61,57,16.368422860753967,45.97010978836349,6.64558100677522,46.41381166628014,quinoa
71,29,60,18.60173302470949,46.510548290551995,6.432481906355236,64.86862400903597,quinoa
73,35,70,22.246904737479813,45.00048905564375,6.295048308037438,56.42036150563196,quinoa
83,40,51,19.477029080104412,42.11841397839038,6.372052211074498,25.503221290793512,quinoa
63,44,66,15.15493216648147,49.46677122343529,6.2242549735366905,39.98050631809153,quinoa
86,39,58,16.94223582142368,50.832223864533255,6.875326234222438,38.29866161037304,quinoa
80,35,57,20.054339146206278,44.76653267091926,6.4899281560028514,20.0,quinoa
82,43,50,13.392933490119383,50.37775829054315,6.646823925709161,48.65552414515589,quinoa
89,39,59,18.93718730726513,32.23496786968205,6.635205149158183,55.95719782279465,quinoa
84,40,71,17.35570770925363,39.38225924582657,6.274635381109598,53.34242219770749,quinoa
78,36,52,16.83051265371327,41.717126479496166,6.534028022580196,49.38280645513011,quinoa
79,44,61,21.352211727490463,44.321664000265116,6.386862514086142,26.649061400899406,quinoa
86,36,56,16.333860804784138,46.36890485480746,6.578210146340663,20.0,quinoa
67,47,50,13.529331609324068,49.35112631215015,6.723824600179029,24.547541616636998,quinoa
80,32,58,16.892324785051095,39.301132889925704,6.890897590107366,43.24217354430732,quinoa
80,43,43,18.69990528503529,38.021581201418996,5.875414281657354,44.365167703404964,quinoa
76,51,56,17.99842769512972,45.873607559139,6.493414065910902,56.92542743679992,quinoa
105,37,55,20.119177406236112,49.52919094337133,6.446448895378264,54.864370703037245,quinoa
67,50,65,19.504779919940795,37.697600159590586,7.065047480908404,48.4412156176662,quinoa
81,24,63,20.626809500039197,45.60132112609415,6.749996411933167,39.34453853154729,quinoa
77,49,72,17.47541253537301,45.29310394321792,5.410595323459924,29.278276041523807,quinoa
66,37,48,18.6547724318868,53.08174918819166,6.251338661250795,41.71219558121872,quinoa
88,33,49,15.45754583157041,44.83587500128815,6.871777916223211,20.0,quinoa
77,42,61,20.91951953671233,56.327541707147596,6.469412795371827,44.463138757689826,quinoa
78,34,54,16.885084225745512,43.20671890112315,6.751374279885908,29.94072267635817,quinoa
80,37,56,19.532632430935628,37.934828576501516,6.0646061110488185,56.65394518549947,quinoa
68,50,49,18.990409708838026,39.98051669555986,6.264893263083803,20.0,quinoa
94,28,69,21.285557050036367,41.765246439669674,5.918092511621481,25.810329224058577,quinoa
72,33,51,18.61974285751869,41.98140593179305,6.681738864823471,32.84654148885144,quinoa
65,31,52,18.068771388961007,40.176564041802216,6.355340825305284,38.24445543096984,quinoa
87,53,59,18.471224096695295,42.78686591500763,6.7734537787443685,61.061431960670745,quinoa
64,43,49,18.707166433792473,43.559800766050884,6.045242665356048,22.17376004514972,quinoa
69,33,69,20.61500521174546,48.994060443512616,6.071813842648441,39.86996089716211,quinoa
75,29,59,17.275234014598308,48.34956936606121,6.604598520012309,50.03220819267159,quinoa
70,42,62,17.00461691784333,43.512451585446065,5.419809202569327,38.58327091114753,quinoa
75,39,55,18.93950804994635,39.471046998738395,6.647047993533341,20.0,quinoa
80,38,59,19.747523522797607,48.52519757046206,6.666137137594168,54.091326125934636,quinoa
78,32,50,13.962820582972954,36.700696206835026,5.915354633287915,70.58707920353791,quinoa
87,45,44,14.38728814769647,46.55697931622886,6.188685696941551,30.87176121726805,quinoa
73,41,67,18.490548575169587,44.61110506464438,6.348341460214478,46.332302847448844,quinoa
77,49,64,16.790115251908045,47.78638707977085,6.230577847911187,20.0,quinoa
88,28,46,20.459320952959253,46.74057399973222,6.680289908903473,31.170661663845152,quinoa
85,42,61,16.393444012000202,41.766514227395085,6.667044515937338,56.52490492132106,quinoa
79,37,60,20.05497469530095,49.62222648131193,6.8169824815654225,38.87991047123552,quinoa
90,33,76,15.88207467745276,38.170049925556285,6.805507447682721,46.2237758845383,quinoa
88,27,61,17.511606339586493,40.702860075591744,7.344557467112499,41.59950760146587,quinoa
113,45,49,16.262326219312577,46.65946231516195,6.4983569915453385,46.89249117483517,quinoa
77,34,63,16.392372232145224,41.87410723780095,6.8012439641516815,20.0,quinoa
76,27,66,18.36808655184185,43.64108743320826,6.159733862280625,42.37036186691734,quinoa
82,28,72,23.04414335545463,44.402579206554364,6.913107229539278,20.0,quinoa
64,43,56,17.076424964153002,41.100520136805414,5.7080485810978,51.39174543474974,quinoa
71,50,63,17.99825787019247,34.80354113905321,6.545449414200024,67.65334875114071,quinoa
73,41,42,18.632633460466025,46.947782774195275,6.578784489893428,23.65549173577699,quinoa
75,32,74,19.654186492433176,42.41076140279303,6.611665287543772,54.144117577109476,quinoa
69,39,63,18.383552043772603,47.69337615420105,6.7987180969483685,57.97050915545779,quinoa
75,55,50,17.618628524898437,47.7713156539609,5.818297203889237,36.70081368013777,quinoa
99,38,64,20.787284084247876,47.119861645287976,6.4068764341265645,42.67929952580688,quinoa
98,34,66,17.093163594523404,43.75610872210686,6.90545462443035,31.246163527723503,quinoa
83,40,71,20.248771054214032,39.34150550583373,6.474602603896243,26.120356375340116,quinoa
71,39,49,13.660840884298871,49.5350902067133,7.089824845134601,29.835283339776893,quinoa
72,32,63,17.892732555254934,48.17733482668999,7.3783765027945565,32.06448189130963,quinoa
85,53,64,20.435980618463915,49.90250923260121,7.208197917505295,43.407105171432875,quinoa
53,47,105,24.119447249828745,84.20998287329849,6.075148548522426,62.06694815129978,sweet_potato
63,56,121,21.977401568618514,77.20954222385893,6.102338588631665,74.05294596339411,sweet_potato
65,55,128,21.059598987784653,77.14533677027366,5.9228601295386,81.61157823630873,sweet_potato
56,45,116,24.132466902705875,74.50907374938869,6.488364731587588,73.60484172498198,sweet_potato
67,40,123,25.846214247927584,76.91586477384641,5.490373391188181,83.73418980388111,sweet_potato
64,50,113,22.67124122410865,78.16385617765198,6.279447597302919,83.11726510870034,sweet_potato
64,56,130,29.12117506492268,71.79750421165313,6.1325827708597105,99.0889242622267,sweet_potato
72,48,114,23.929780199581195,70.5502991100625,6.208966757620074,64.53686959752352,sweet_potato
56,37,114,23.427362388346804,72.82751988056064,5.9553012756510455,75.38263046609296,sweet_potato
66,52,131,21.68543999224115,73.51615849159818,5.809849326912985,77.70111232223691,sweet_potato
50,56,136,21.15886032606823,73.30006414024228,6.319826067574821,81.5179567387249,sweet_potato
70,52,118,23.978095083401186,72.18812325013616,6.2048236753711805,85.88777539571724,sweet_potato
71,44,131,24.597891724703164,84.19135132100577,5.892565293890337,84.4268055412463,sweet_potato
59,41,116,25.909931239398535,72.40912652444756,5.72393369168737,100.03979286947035,sweet_potato
47,52,110,23.178854006392235,75.28917060719314,6.496652894620402,78.33939336636745,sweet_potato
52,60,130,23.194674745033275,72.54272281380469,6.47247391354063,75.10650878586719,sweet_potato
45,53,131,21.20376341723358,73.88431250842763,6.402734245029303,80.1928508175125,sweet_potato
67,59,128,25.180356873712995,75.64015030094721,5.550638136284863,81.23433347093967,sweet_potato
81,38,120,18.685836133100846,64.64626375245346,5.958966727524013,110.02173453786432,sweet_potato
58,35,124,24.97154759967458,69.95533705141128,6.3689122121291595,53.89722339783595,sweet_potato
54,40,112,27.46766278047194,81.47726180271307,6.153078026385747,110.50656789946713,sweet_potato
63,53,113,20.93646222917214,72.96169305102417,5.665851100827479,70.68393642485651,sweet_potato
54,47,114,25.520577410009302,78.4377248960295,6.346462774012725,91.26254768999601,sweet_potato
54,47,124,23.88502992596134,71.40696023405894,6.514782596152772,87.63727261527053,sweet_potato
59,51,101,23.169063289605287,79.65840889031142,6.675636066754082,86.92444725911587,sweet_potato
65,53,110,23.944763678453235,72.6759211585065,5.263834844315326,69.27707123552283,sweet_potato
58,51,112,22.815633779759562,76.7486889672547,6.025513642864265,89.45903351226026,sweet_potato
64,39,123,24.20025101463653,80.55525997693894,6.1070671524634905,90.18916851472324,sweet_potato
70,54,125,25.761344110086,82.98791389043387,6.003542897071292,88.76319266614058,sweet_potato
47,59,114,23.735745066973827,71.70886131777053,5.415557750072082,67.14210495849483,sweet_potato
48,54,124,22.189252725954855,76.93340088003443,5.317630636192334,73.80481993761444,sweet_potato
50,26,125,23.366343197296437,74.18504217890917,5.708598554411222,97.18880800002103,sweet_potato
54,50,104,19.268667934926263,69.00493587914363,6.132614573868522,99.26537382744401,sweet_potato
45,62,124,20.02174656477376,71.09371496893593,5.859607825236207,94.87549975118996,sweet_potato
50,48,121,21.853893367686435,74.25452066033097,6.227594591180123,89.10297727059364,sweet_potato
52,51,113,23.791901320778436,69.05887105967064,5.154596293814686,91.36062350165165,sweet_potato
54,51,106,28.914263352205012,82.99124544050765,5.982308350636193,104.94752354226162,sweet_potato
71,49,119,21.51003725379395,74.91440248924869,6.400141444850233,96.19993929849404,sweet_potato
69,60,123,22.06718085035945,84.65572312916238,5.257391485137255,106.73993094724108,sweet_potato
52,24,134,22.90628327235199,72.5683975134681,6.414901584897566,104.92546368347055,sweet_potato
61,55,130,24.886168663837513,80.51241324086622,5.575407556315451,92.16658153859942,sweet_potato
70,49,124,18.996799637656324,81.94214580206777,6.563012814458898,122.50776014998064,sweet_potato
50,41,113,23.76939515131873,70.40679564674588,5.872468549694011,59.05776710830088,sweet_potato
74,59,120,26.984696471834127,75.45668618020397,5.9729750475022705,94.51304742259903,sweet_potato
55,55,113,21.40816882930189,61.19468309479364,5.962539405769921,89.98158670166663,sweet_potato
56,40,125,25.580017783626953,72.61815671871328,6.207635986346025,81.86533577672427,sweet_potato
64,46,130,23.18930993475825,91.54848929190771,6.08824474559302,53.6998508332398,sweet_potato
68,34,116,22.70586389607805,74.4044890831296,6.147599967491292,70.58721984421442,sweet_potato
53,44,119,27.069826605615198,71.8570464455148,5.83061106140477,107.2061832934788,sweet_potato
57,52,111,23.400693845053755,78.1497244296742,6.03253018800339,75.40401876560705,sweet_potato
68,50,120,22.675359555556057,71.49154294638352,6.308792975357895,96.85042938458625,sweet_potato
68,46,113,24.412733255955906,75.74174259899004,6.423003488549011,73.66586593212806,sweet_potato
75,50,122,20.713446993921004,71.2874926569008,6.678412896845737,103.38248856018338,sweet_potato
54,57,104,23.880704985831343,64.32094412701557,5.986217504657939,75.56114927902706,sweet_potato
77,48,104,25.87821927927133,78.64798589048401,5.938445255751318,80.58438320240569,sweet_potato
44,53,126,23.9859711784149,84.06797670794711,5.798779524997493,81.97122956122914,sweet_potato
44,58,107,24.85581002629343,80.94699183949588,6.078643911627873,80.35301931523065,sweet_potato
58,56,129,23.503455981379226,77.56102175220536,5.907377915456803,93.59206519545475,sweet_potato
65,48,107,24.67827333617531,78.70456314031497,5.940071227060738,74.54003495859027,sweet_potato
71,56,126,21.810701550353333,81.09759930798205,6.341383424552365,58.14288757195984,sweet_potato
61,49,131,23.846733829927896,77.72479795983573,5.7858770960339365,84.64902329850403,sweet_potato
40,49,125,27.02300805090482,79.42268325204144,5.897348225648565,84.99087260997118,sweet_potato
64,48,109,21.434501817676477,71.80588057589372,6.083255414960135,74.92781953597948,sweet_potato
73,56,108,26.069917667487182,76.21673335695185,6.12665016457149,89.26290808280378,sweet_potato
44,52,122,20.71377144025278,73.04868591054833,6.1146219983216294,97.04057124872172,sweet_potato
59,44,128,23.781654067071862,77.80581087876456,5.9290946552795,77.02186668774158,sweet_potato
57,41,116,21.336725206229584,89.25372143053278,6.041666808765596,70.05687245500881,sweet_potato
39,55,119,25.647165505077556,74.09831128225127,5.77446320540129,68.79237379900621,sweet_potato
71,53,125,24.996152391282333,82.08774357224435,6.27938403431744,85.48183205477162,sweet_potato
44,51,115,25.410272609474458,68.40240814646413,5.844718963635607,107.74900363865432,sweet_potato
82,42,124,20.02520853963607,78.13281913247702,5.7101387006771525,80.69763929750751,sweet_potato
40,56,114,25.437031615640763,69.27981685834368,5.689912885504972,79.67645755344425,sweet_potato
52,61,122,21.463718513263508,76.08327513808297,5.7892959599335585,75.90057758503013,sweet_potato
72,41,125,20.063910186952366,78.17726639656317,6.588436077725948,50.77495574057597,sweet_potato
71,67,120,22.190895684498148,80.56111235132565,5.514549639797021,72.35419253539746,sweet_potato
49,69,109,27.263795690484564,65.00906227309402,5.743774040042032,50.87827402300892,sweet_potato
70,57,121,27.489715150955945,70.20515533756748,5.112679724280381,85.44601478074235,sweet_potato
52,44,125,18.393502244300702,69.71422405770379,6.0863965893535354,101.27618014060575,sweet_potato
53,51,117,22.26892266666304,74.94232642888682,6.093063256814976,87.61317303318347,sweet_potato
60,39,112,22.037335887461243,60.24825771323997,5.82903960030667,86.54470381401751,sweet_potato
50,41,114,28.116051267208892,86.47162040213202,6.055911832657536,100.4541699184111,sweet_potato
78,56,115,26.38590805030283,83.05141972261895,5.981407297839099,81.40320093972463,sweet_potato
52,56,113,23.16923835728442,78.89435557342696,5.589575548913324,69.07043678839375,sweet_potato
66,44,118,26.474250293966364,77.61687740154736,5.411046596837394,82.8134715458025,sweet_potato
64,53,110,26.059058508577742,78.69482658077395,5.8272912714647624,117.97263804243053,sweet_potato
60,46,115,24.292398015676707,69.68371802422442,5.138976730004809,89.4357604052753,sweet_potato
64,43,118,22.52553411602831,70.63877529052901,5.848125494291169,81.76805501204092,sweet_potato
37,60,111,24.95254091498079,65.28074587777213,5.735450869699851,93.84770797818534,sweet_potato
61,49,112,23.31811152433474,73.80058062621795,5.753202997764617,99.27595384603248,sweet_potato
69,58,129,22.675076719734566,76.26455475697942,5.667792599774487,74.48159818622399,sweet_potato
69,57,120,24.502761670548104,66.50018004302058,5.756106476782639,86.09499160947063,sweet_potato
67,48,114,24.955707114245545,80.62963619363784,5.744452947589187,116.70151342516398,sweet_potato
65,40,113,24.352648698981014,74.58616283453073,6.233487280776835,102.0438731720894,sweet_potato
58,41,118,23.578269420984316,79.64211597159654,6.193867112738879,125.73768427515517,sweet_potato
62,52,120,23.174832716608474,80.51322994294921,5.64278642559823,108.50500672689115,sweet_potato
57,39,118,27.219075963199025,77.43344506781423,6.692865373944209,88.46597781062479,sweet_potato
53,54,125,23.61930470771541,70.31180603784202,5.33264576797194,77.6314408722978,sweet_potato
58,51,118,22.54406300654765,81.64592605969884,5.715106786789302,83.48386875521739,sweet_potato
79,40,119,26.15066051159979,71.11814880844712,5.7028814371493946,98.98355252144873,sweet_potato
61,59,119,25.434547546356313,72.53934426060482,5.6609095716639946,114.77265517598653,sweet_potato
46,18,64,14.775610840843497,64.23682903904017,6.386234353780961,46.493477780697084,radish
64,18,55,14.991479810891294,66.77181633994783,6.202222343188988,37.67595599015991,radish
60,22,57,15.503099550572747,61.63817429214114,6.699466720878787,49.58231852907497,radish
53,31,49,11.231427487723398,73.17106227751253,7.003556608959796,55.502998925278156,radish
70,30,63,12.69416545619041,74.16343799214191,6.937256677166304,45.485195789743706,radish
58,27,60,14.810190656776756,61.3390706489342,6.471068887514765,60.2209542381774,radish
68,22,67,16.301231028112568,67.9467623853734,6.403472173929687,36.947462581048114,radish
40,32,70,15.651281722061972,59.10911283197134,6.754771299268283,31.672946283867997,radish
69,29,68,18.564988190111727,60.626055314861375,6.226284470535221,24.864976235616172,radish
61,12,64,16.01285750120139,69.23266986386005,7.027743008738804,41.667558362611366,radish
76,31,52,13.080217564446158,64.2159804265119,6.650349371493071,31.74778063035467,radish
60,43,68,14.159153623229681,67.6939784813596,6.896043897562528,71.45082517709817,radish
63,21,59,18.431387209966438,71.60095957044352,6.2971916673379145,56.129104684428384,radish
60,24,70,15.055918401478687,64.55253358249357,7.267542113097574,34.4853711347595,radish
41,29,67,13.640938098995134,74.58744842504976,6.167116865650364,52.85985883973089,radish
73,30,58,10.995958484038319,66.61055337123668,6.942373493195946,73.43649771070346,radish
55,32,68,13.930155182542782,62.03086172885587,6.025470647739501,25.65244030749083,radish
39,28,62,18.076822292469387,67.29735064722585,7.15133405167095,56.16576023661879,radish
38,24,62,16.579999955281234,62.090645053433725,6.308808145738007,37.78820989753275,radish
59,27,72,13.191735855667122,60.65298804713907,6.847977716496889,51.703206573286906,radish
58,29,57,17.25289317619065,65.3944417646014,6.263219943067526,59.451345737203845,radish
90,28,60,12.447296582092303,61.24511917832775,6.498420428525721,47.36796732476816,radish
76,15,58,16.384305915206177,70.4188672009475,6.6812189667652895,46.63680956559989,radish
62,20,59,14.141624376882652,69.27354376585777,6.350298895431828,75.87069411212846,radish
57,28,66,17.574148602766332,65.4726122597663,6.472252096500507,47.497187987571664,radish
70,24,64,12.925062307740188,52.223986238739755,6.377591523732,45.290266796863435,radish
46,41,52,13.048572976679983,59.77661874174003,5.871765966476427,83.84640589793003,radish
56,25,63,11.925231186003023,66.09199313138181,6.871647036293075,64.6899468416439,radish
70,20,71,8.0,59.61885247079203,6.477466558426608,54.25435625093786,radish
67,29,52,13.14034215548603,66.93281177325467,7.20845357941801,33.68800505059551,radish
66,21,61,17.473075732392306,62.962500155819605,6.219953478880548,67.6893027973494,radish
45,33,58,13.172477196745797,67.196638813522,6.477156696562298,35.80752597081229,radish
70,35,52,15.334378541110508,67.97396236009601,6.891043842613362,33.06041393033989,radish
72,33,50,14.514907765571353,55.2566790059352,6.593136673440328,50.91688383391914,radish
66,41,49,13.001258121752887,62.31295917410827,6.619463832960528,45.319435657241996,radish
75,32,58,15.635833877606686,73.08426449641375,6.106149824192029,48.76052423521392,radish
49,27,63,19.89645199089871,56.70632660248135,6.339048040453163,42.78106105559596,radish
55,27,58,15.048912180225999,70.9124279241008,6.336557850139167,44.271486250365555,radish
56,28,58,11.866666170696979,68.36619444911962,5.967449653925678,53.11095032698273,radish
53,34,65,15.897519783734852,54.5815703742926,5.773905061900412,49.674296363823245,radish
59,14,76,13.62165558535992,66.18910675475706,6.531282186279736,62.691862539909884,radish
46,21,54,14.391191780738916,66.91906267191096,6.085501816871798,47.08729594562428,radish
56,30,56,13.176758410908011,65.51785632734021,5.8517937198413295,39.43047637871168,radish
69,25,66,14.270645527317694,62.89428681796967,6.743484063513193,61.422928743317605,radish
56,38,57,16.579589271256268,58.16238149012644,6.86287835803526,30.059165302887475,radish
54,31,64,15.285323256166715,61.79623669754822,6.180546101975987,23.1299030641863,radish
57,18,60,14.502682656442042,72.39193482421481,6.588723287446072,57.04359240072745,radish
45,19,47,17.48315333513466,64.51703462943665,6.938195739876086,63.5709169295371,radish
50,19,60,13.001046200508908,74.59152804720065,7.146111218231844,62.78356099874143,radish
62,15,68,17.55187712405753,62.06313940727076,6.075576056482809,20.0,radish
58,30,50,9.902254971574827,76.18218999592872,6.599784269776673,66.76364344021161,radish
64,18,67,17.57925513913237,71.5500651737817,6.245886184045079,59.23615203385691,radish
45,26,56,16.87197905780462,59.74252647584624,6.139104191402429,26.16182961702319,radish
59,19,64,17.357373027522858,65.13973423774893,6.735943034856145,58.76150492075442,radish
50,29,68,13.24413381242881,71.17905773900853,6.83802751097781,42.56783674593279,radish
66,29,76,20.883344918097258,69.39352374431478,6.052951012361341,50.33568903348629,radish
59,23,53,13.892332429490157,70.43131552728579,6.313578807637773,56.94939240491072,radish
50,9,54,14.492299943031012,67.23504860479328,5.836362858423662,30.983265866646512,radish
59,36,62,12.179657734082271,56.381369491416834,6.171946911846329,39.059151781666266,radish
70,26,59,14.135002685750639,59.797247697563186,7.256875907758594,42.81499541641476,radish
59,36,56,10.319725421732333,64.09149120689068,7.021042893525808,52.84919125189691,radish
59,36,66,11.722832409192549,70.25736947532056,5.855788865312377,70.71023464264275,radish
61,34,40,17.828189533955552,62.854247579147504,6.375776614661971,38.518723371767436,radish
72,39,63,17.576020311109634,65.84492841967409,6.3596712085269855,28.353333061443216,radish
70,25,62,12.709633982928416,64.55691419558288,6.56236047850868,46.55990301878227,radish
80,37,52,14.915696564485385,70.73537524113867,5.920855638474822,41.68192831155068,radish
66,29,50,18.247104551362167,58.10290224687562,6.454345583074287,67.43481995102502,radish
57,14,57,16.88084930709424,64.09988553920587,5.877624101193673,56.26742340326407,radish
68,20,53,12.512472465478139,64.5195293733564,6.818873333945654,37.94381670152197,radish
64,31,84,14.096816286143438,59.283185428097106,6.844897404008496,45.697120025287916,radish
60,19,65,13.656604899615541,66.20155940278886,6.739139206763955,22.278304457986334,radish
47,21,63,14.909785115524684,57.570582164835365,5.790690339397675,56.54664799547015,radish
45,27,56,16.75419167443089,64.20780573665108,6.607281299000792,60.802528385526614,radish
81,31,74,15.748315206045852,75.36279206911841,6.523868306221349,41.69902129179085,radish
69,31,60,12.560425483744622,61.93823734443577,5.758728622708305,48.90765257379734,radish
78,30,58,14.733023806397322,69.14743133251814,6.109942922571361,92.77819519644106,radish
56,37,60,12.23037620032773,61.31149903508097,6.494316961649363,74.35859045247719,radish
73,29,54,12.232175200168028,65.26800504629261,6.874308890315728,45.97120867443663,radish
45,29,54,16.09963593817215,70.99132252340593,6.021497606744723,41.037806798681444,radish
68,24,50,17.136246620393866,67.65343099579948,6.14959631516295,50.50364799373955,radish
60,37,66,15.651215297907237,62.996190148777266,6.736271021249959,76.59846509649233,radish
51,17,53,17.393863682414896,62.2736749885922,6.902481296056783,63.18874703986516,radish
46,29,78,19.506351779376914,59.43234901267325,6.270116898386562,20.0,radish
69,26,68,15.821275483063937,67.14383409015822,6.07254227551773,36.52747058142694,radish
70,31,55,15.52526591696517,72.87378157226648,5.896999478724618,53.451247533633044,radish
52,15,59,16.723638923196837,65.31566898722663,6.619174247257381,20.873271220864307,radish
65,39,64,12.048958767328383,67.2419266999774,6.358365423422927,70.70630278270977,radish
54,28,73,17.02001145766208,69.83294227249323,6.432566875386372,55.44932831411694,radish
60,15,63,15.287791267282497,80.01443798677413,6.996875828547059,46.05009265490226,radish
47,42,68,16.005582505978104,63.09924985133052,6.0522888642570045,74.10154882817437,radish
55,17,60,15.321397949344126,61.88392726103257,6.932518368982111,63.66044677478402,radish
52,42,51,20.377101566260617,73.03675953988888,6.63639678901455,54.69063107501738,radish
58,17,52,14.258004586837275,62.38333862125503,7.210621333748729,42.47120604621844,radish
60,31,69,11.212348490441498,68.03551844831622,5.961739224702139,47.630269039880204,radish
48,32,66,19.41030876463885,69.24218780128524,6.801766584677945,42.34468587025374,radish
63,31,63,15.900229591438181,60.19087082518287,6.508526125828547,40.42597599376885,radish
34,29,64,14.643590387177868,57.85369468550681,6.571181013098134,45.656070174328434,radish
61,34,58,13.583794417887534,55.586820318723,6.387244319421562,41.823721042622495,radish
74,32,57,11.454323064479041,62.322330917271614,6.1447649184471835,70.92887046527407,radish
50,15,46,16.476581336645523,52.932488184533625,6.4663144841513,72.96050836916157,radish
86,35,90,12.966107450851439,65.11428305064524,6.5722542224322344,56.75188751785867,turnip
81,29,94,16.153895043142686,63.81621772192374,6.205609156424402,32.62238039964969,turnip
90,38,82,15.539720272284468,67.39577419121593,6.675038445329256,76.5400660188083,turnip
74,41,75,16.89090571890846,73.52369216635427,6.489493958536994,58.40938415500949,turnip
86,41,80,12.35070608042442,69.73736693100112,5.529827278936054,48.73793554175184,turnip
72,32,71,12.54352402489396,56.96532566451814,6.73602630184152,56.20419754639752,turnip
65,46,67,17.88483075346832,74.1421240151837,5.895445026918484,58.080975554978544,turnip
55,38,70,13.491379649476594,69.87709815921768,5.3409600641861275,54.50139251821501,turnip
66,42,86,9.86677062850072,68.58764295867253,6.13291117829611,55.49074149763448,turnip
81,44,71,12.147263103040991,64.54942474973008,6.289400092637937,76.38595112946408,turnip
89,35,84,12.30500025214602,69.19341772442155,5.823575554293233,69.73835139336514,turnip
67,44,81,17.038927453518976,70.21233420643237,6.179093983162985,60.288950878024565,turnip
83,51,89,14.90832129083068,70.63377341838842,6.0616471494033055,62.9729364860212,turnip
86,47,84,12.812230273754817,74.52613820717558,5.881582714389189,51.19340952616298,turnip
50,51,85,13.592501118187457,57.182244184493264,5.262144512135823,74.2112836834699,turnip
84,32,80,14.752635731066688,67.29237323404452,6.341179428767316,76.5800794119702,turnip
75,51,84,14.810583848283315,67.58115819079246,5.757033716374897,73.44783077632914,turnip
76,31,81,12.576456167764285,66.55863750022222,6.065255628281867,74.29610552126574,turnip
68,47,61,16.708045120621716,71.08450922773257,6.743885555646711,43.48640139925536,turnip
71,38,70,16.565949836686436,66.16817077043798,6.158461869097067,49.55638125722403,turnip
68,38,75,11.137632690512156,66.1845326759722,6.513317322969482,72.11756823467722,turnip
52,39,80,13.093087867298188,62.291695206972854,6.412401048147716,47.714490231197146,turnip
91,51,78,11.616068969196988,71.96599988546323,6.703714137110422,72.51223226827459,turnip
66,34,86,16.447836848533658,67.81521019385954,6.264050390885109,66.09521119632355,turnip
64,27,88,15.853304154345976,78.12802956194463,6.183560621200102,66.71925626518956,turnip
57,35,78,16.0666593789141,68.527236392638,5.5630035179684665,49.060103620398515,turnip
60,41,76,14.561302236615754,66.18344304979236,5.836922772128441,65.91846104567918,turnip
58,42,84,13.848425331001692,74.58685533803438,6.465673509736766,44.609937740998824,turnip
81,29,82,12.288477643394833,68.03445479697955,6.557590590369285,83.50158273134369,turnip
71,44,75,15.858838685607177,69.05850346998412,5.94827227471277,69.88926922513784,turnip
69,36,74,17.98943812181254,72.57739611540707,5.88950353699604,62.588836875598794,turnip
76,36,91,11.35826540514718,69.56372323766666,6.6987710278412225,74.32262968321626,turnip
77,35,91,20.925233554670886,63.87471177832236,6.180451087728862,62.61078533789958,turnip
69,41,86,15.28846984158816,72.8041043806144,6.023006306063576,44.646387813774325,turnip
68,45,78,17.920659110727588,62.2340914548431,6.617427420096635,58.57156194168809,turnip
68,34,79,16.49439307523236,63.01485836053387,6.251533037919486,53.49421571437223,turnip
76,39,79,18.333098409843654,65.2970786496891,6.320820796299987,56.86642273607335,turnip
69,37,91,14.680698577058223,70.52567440762242,6.143505838120265,57.04267332630343,turnip
69,37,82,18.554776562707602,76.13733573745904,6.037401126763122,51.40096607624858,turnip
64,31,76,14.53013951503698,63.11443259958068,6.276467838224611,41.939809170031936,turnip
78,27,69,17.961348235985994,70.98850360815246,6.336174801824727,46.98587961383909,turnip
76,47,86,13.336300182002704,62.163979200282526,6.1543263210090435,53.43103666311367,turnip
62,40,70,13.20284717594506,62.16890814656673,5.716415377811961,78.96944313246883,turnip
72,48,83,15.210637683667159,68.5255229134271,5.781468025857146,67.27503258863207,turnip
55,38,58,12.482423155763414,73.51718799722838,6.026946544228228,61.06991964725361,turnip
67,47,87,17.521501708666413,63.92626432474852,6.971374820827849,42.61511010971105,turnip
60,40,73,18.156536035558624,72.08047124238689,5.717592214703288,60.67914012152211,turnip
76,42,83,15.294960035775395,64.38064432079152,5.986882659415164,38.54528289021575,turnip
62,37,72,16.86431400072695,63.96249401235101,6.68730314418707,50.73021434984712,turnip
63,40,82,16.60580924404229,67.15789080770004,6.64677788267361,65.35430956443764,turnip
93,45,79,14.382020418460927,67.32178400476958,6.039775178324728,94.28304912442113,turnip
69,47,95,14.459278988055866,74.74949014809025,6.401166173348583,71.34490722215145,turnip
75,44,81,16.225881072140886,69.36174209719945,6.741698211011019,68.47937277442445,turnip
65,35,85,17.076190583738782,72.93153787190431,5.971329095090855,51.01429203182641,turnip
75,30,93,16.248430689173517,58.20367837635122,6.629400759369188,41.76206317959004,turnip
63,44,85,18.092542429243945,66.11161147128509,6.549500380230174,75.96331837396602,turnip
74,33,90,14.89554398037677,65.15343871365035,5.799184784491833,70.43935705828888,turnip
63,44,81,11.38562975892872,71.37643177178148,6.298105986254077,66.15095224178206,turnip
67,36,78,13.200059940013265,65.02426612109443,6.589056178627843,48.761898668178375,turnip
84,38,85,10.91105117308333,72.4273301834151,5.62165339696109,62.17446535897176,turnip
59,38,78,14.614319235698508,65.21118753553421,6.342473791114015,57.78181742523676,turnip
59,42,78,18.827154570827506,66.4549488648722,6.279873385494311,67.41408130288795,turnip
50,52,66,15.518555294370994,68.52148477984167,6.378312276491644,56.30197107221522,turnip
86,28,77,12.621728116252111,70.94051953198324,5.588152371240585,70.45089638450025,turnip
70,36,84,14.332941120704284,71.09449068935,6.582239437962386,30.896771687765874,turnip
73,36,80,16.54333615814125,64.79312071561256,6.711069076228966,50.292834175390354,turnip
61,28,85,19.371492106812486,73.00847384075175,6.294241111765129,56.20026156859235,turnip
88,39,78,15.646708507157419,78.92282368493683,6.639878159172475,48.025062847265154,turnip
71,31,93,17.85915135136375,64.03770035749471,6.271879534677598,36.10738499340226,turnip
60,51,85,16.513217645271812,70.11718243909985,5.933659951710198,67.7890819324685,turnip
61,46,70,15.191008449989377,69.55289046040667,6.334993526957899,59.83103181309159,turnip
78,30,89,13.425139695014343,68.49491607066302,5.807475177396956,65.18607921881622,turnip
92,56,69,16.21952269961874,68.62325586099418,6.507725780733951,85.45520363344829,turnip
57,36,78,12.884218866100214,75.83124843636388,6.80772889432148,74.19046287977699,turnip
63,50,70,17.000198081567344,71.70864985544046,6.774085896830867,75.56477308699486,turnip
61,35,93,17.58171846250851,69.26027392316897,6.590540552158436,43.70520226467791,turnip
67,51,93,12.91567908973024,80.06848981120285,5.972319488521566,70.30743624506363,turnip
70,33,73,8.632833013791576,74.05929393587488,6.270968674159341,20.0,turnip
75,36,87,16.032147318419117,78.34101882968702,6.019849965682402,55.180351853759895,turnip
55,22,82,12.417248474416713,71.49922147790396,6.061701222866552,56.151720266115426,turnip
63,26,82,17.920304664291805,76.44783981289387,6.273252695985043,50.13106425169956,turnip
69,32,81,14.19701092550039,69.23520484357594,5.704209819042942,68.21318701781763,turnip
58,38,75,15.237179938684598,78.68573292957552,6.704008113126283,62.542017295204786,turnip
65,50,77,13.415952725431474,59.7992823917747,6.4355135568758755,63.20359097003002,turnip
65,44,84,18.14322711287813,69.42871146333694,5.660287155407132,38.463402258039,turnip
69,45,88,11.573412651568496,68.24661978442482,6.706239540770872,69.39649687559087,turnip
67,48,70,16.693031137175375,72.07634262766892,6.493061001522268,97.73742336406417,turnip
89,37,80,9.003525528442312,64.41340969916021,6.228165095489394,94.61426335343631,turnip
74,42,83,14.288752818644545,68.15646992858657,6.106755886141522,42.83919592920999,turnip
74,49,71,15.709351733735888,72.30827786255718,6.242730509096625,69.82018865394654,turnip
66,24,78,14.745251310730087,69.25435937142127,6.5905121335742045,70.95174567099835,turnip
78,40,74,16.249188525768616,78.64606103183134,5.782766357966598,35.15202783774278,turnip
59,41,87,12.216523919049125,75.24590844435347,5.984987872272,60.9922350702736,turnip
72,32,82,18.82386618393665,74.3760772008007,6.023929345686252,67.37601099038511,turnip
65,55,80,12.170534715832304,68.67410652151021,6.240308729311094,78.697805816716,turnip
69,27,89,15.886205775192977,65.68985827310647,6.426634266553625,39.10003901338323,turnip
76,30,85,16.335346176924972,63.16600973186395,6.12949268515772,55.33324074670614,turnip
60,30,84,12.96301519895529,66.0652396213942,5.813449420780951,73.02493547476155,turnip
68,44,82,15.909148529378061,61.78741342638697,5.8364777390732225,62.50330733507026,turnip
72,50,80,16.910868466308383,59.37041840429905,6.2332309525881655,34.535385758944706,turnip
75,50,119,20.662600362763783,71.75942524252491,6.305038209632962,77.11665608839085,beetroot
68,42,91,18.19163372399876,57.80873284769357,6.319648083248405,66.96266600431542,beetroot
75,33,88,16.407196964470952,56.56560829949557,6.549684379339841,48.357748965210604,beetroot
84,22,99,18.10790964952602,67.22782259408868,6.474617422492465,59.91754183798209,beetroot
75,44,113,18.172249954823705,55.2593475764672,6.76210099549742,86.8400648543612,beetroot
85,34,119,15.365638770868102,53.16505363465128,7.315920347359221,59.215423912490124,beetroot
91,34,85,16.451964419137862,68.30714560690902,6.017010321174584,66.86494204120385,beetroot
70,40,96,14.059432318969701,49.94548354317444,6.586753110544216,72.62317092231696,beetroot
82,24,103,19.397323450138813,61.08355238046682,6.574568868154376,81.98116031755828,beetroot
71,40,105,19.39552404798935,57.03007617047158,6.6467897990307385,72.31846377331028,beetroot
76,38,92,20.015105353689325,61.625083092552735,7.021749757826977,72.92310999395413,beetroot
94,41,94,17.894222874733003,59.572222691031406,6.696580757316786,58.11348851906303,beetroot
72,49,109,17.481915702375282,62.364880518134704,6.600863737941601,59.993267514011976,beetroot
66,43,88,19.299860321637922,58.18215593402484,6.914793296953183,74.71358549957986,beetroot
62,23,99,21.26775038869008,71.23024897384279,6.936336087722179,85.76419275798051,beetroot
85,34,93,18.14224901188944,65.72761227917344,6.34100050457387,59.127181743707595,beetroot
79,27,115,17.31300309724812,54.56377221551937,6.542648588279241,69.62976403817572,beetroot
78,35,110,21.567724239184795,61.41470117131427,5.764916787870706,74.87313935117754,beetroot
91,37,98,20.942973128344473,68.08986578571387,6.717528287216105,83.31642327283362,beetroot
65,52,108,20.772663032524154,59.30010430220783,5.877511016919215,74.91747996193801,beetroot
78,42,95,20.1202174544762,61.27757702829162,6.597823086201745,102.55963590215457,beetroot
82,31,115,25.01057973175645,57.34941928213226,6.97907581847206,98.28234359040707,beetroot
76,35,100,15.580679395186142,61.61135365833192,6.975812141473654,72.92626546127094,beetroot
86,39,97,20.44954611504234,70.25660303172293,6.682303263423769,108.7640588259639,beetroot
73,40,101,21.746652978039275,60.00340613594619,6.8979228080337665,62.61953796499466,beetroot
74,40,98,18.488787563470943,53.423732407992404,6.3791053045068,75.83225469379444,beetroot
79,50,112,16.556775981716573,62.79812281466863,6.406289633621602,68.46367128406665,beetroot
68,38,104,20.701059942092428,51.75798562605962,6.619724325842624,60.50609804337126,beetroot
88,50,85,12.138705073511806,57.83885023256419,6.588332545321808,56.95725215735636,beetroot
87,27,102,13.43281904207603,54.100260675858635,6.928276668246827,57.76316673142213,beetroot
91,44,92,18.265569599266694,58.062229310095695,6.8288556617678395,61.6157033302759,beetroot
69,39,105,14.990364729750219,60.67015264719585,5.6483575539759485,95.7829086174422,beetroot
80,40,93,22.955397454374232,56.86388157094172,6.7466060793070435,73.18848947918588,beetroot
86,37,94,17.687791183624558,59.07329870560471,6.2011899763319,68.19986678569595,beetroot
95,41,91,17.11712539469761,58.826288111004224,6.312154255887143,80.09670019694094,beetroot
60,48,91,19.63590384576285,59.58380955458987,6.369135106387982,61.83372995038283,beetroot
76,32,95,20.5904417956749,51.50236154570743,6.45912899074227,61.80638027196242,beetroot
94,49,108,21.07993945457638,59.74845303865079,6.313293485676823,57.39403916816296,beetroot
90,60,92,16.119398205042625,59.31779954100364,6.36602211197029,54.35411900183453,beetroot
90,20,106,21.096294386956657,61.84589284232686,6.240281071427334,74.35820571230431,beetroot
81,31,98,22.45826582918982,61.5732867295841,6.773246708345239,46.13348822358711,beetroot
91,32,88,16.043377093502702,63.16665950466736,6.311339289288008,72.22020510405069,beetroot
80,46,90,15.198781595600256,52.38425622777674,6.049424571971661,77.85704876779602,beetroot
71,48,109,16.44552853718109,60.416772253406215,6.920896288018598,103.81185853738481,beetroot
87,39,118,18.57380785663323,70.08807395914334,6.389040289860299,46.172002794896024,beetroot
65,51,111,20.553452883071333,57.47614397831937,6.10056866405831,93.71266680352647,beetroot
74,25,104,16.086001199159547,69.38477033482866,6.617248637284937,64.9204568934889,beetroot
75,54,105,19.637729392994665,54.26015827428644,6.066461721058695,82.75927763797272,beetroot
84,35,112,15.17500184496876,59.940590163250654,6.68665872821649,61.776092986655605,beetroot
79,49,91,15.477475237481999,65.18219757007016,6.448065071855763,70.45943765961354,beetroot
71,53,104,19.790537724542165,57.03136647666224,6.478278268476582,63.5727257733886,beetroot
77,41,101,18.613760197949837,58.33204631457927,6.9917506123050694,77.52455064427723,beetroot
81,36,107,18.691001704458976,56.42040287425377,6.7767913840185265,46.645389105127705,beetroot
89,21,107,23.52395170909257,65.31424473833141,6.861194785886942,72.89794863988105,beetroot
83,38,104,16.529761448557878,64.0816710178912,6.799453868207733,76.39930726128627,beetroot
89,49,90,15.724577469513846,58.24124639260609,7.367753691491952,63.632609556613836,beetroot
68,47,96,22.896588040559465,55.612301481381834,5.663158881564837,74.72342446419984,beetroot
74,47,97,16.719455513549274,64.51494924347084,6.561107221361999,70.39023393066591,beetroot
87,36,103,17.993806493407668,59.585865564684674,6.58281251164219,60.38940793020084,beetroot
74,36,107,14.970811807072213,64.61733906974291,6.098208834515245,59.98068701058494,beetroot
80,38,98,20.456452516040837,58.24217407518887,6.529503931729894,87.45601551184929,beetroot
81,35,103,14.417498580711447,61.13798929997985,6.417628035733453,79.84014829008467,beetroot
71,41,101,18.17056247415355,57.8594475673693,7.4154985813227485,58.77688087040805,beetroot
90,36,110,15.41219161056158,50.748013425649226,6.512407943867638,70.99518364018822,beetroot
77,33,97,15.802981845929443,65.17673994538961,6.1642644220443605,61.61456869441635,beetroot
92,31,109,22.094929286418015,67.62096328321368,6.59216371144825,72.85916031735968,beetroot
84,43,110,12.340426614103109,66.20187127291408,6.306727716153836,92.47899735669662,beetroot
73,36,102,19.85920526806299,72.49908621083782,6.147578368260116,59.35892561976417,beetroot
85,40,107,17.558671100546913,67.07623219820918,6.767298193692063,69.54056612530809,beetroot
85,39,103,18.10997800103673,55.59339835762733,6.468625635279106,66.10498620271557,beetroot
75,28,102,17.485528220247478,58.61396698762072,6.532500286398222,103.51018477624649,beetroot
83,30,97,17.71587219582332,62.549598703248584,6.594496787953668,59.70790420945315,beetroot
82,33,94,17.303338428054047,53.22942951202703,6.747463250674673,80.25497936007616,beetroot
83,48,92,19.25272046517884,63.92733434653924,5.728622803019961,71.14527494582315,beetroot
82,32,102,16.17740985341366,51.65208872347819,6.4201351569091045,65.33817286112031,beetroot
95,37,102,21.202909596337047,59.17258537088935,5.94272503925723,66.9811297289349,beetroot
90,38,121,17.65293023967353,57.59229886649313,5.687741987833701,57.89207345085639,beetroot
88,38,106,17.512387977234216,59.479014350086956,6.18751553366759,69.92383531142664,beetroot
99,40,97,18.852155927810585,55.69922519131252,6.873898359026253,83.83931157953029,beetroot
84,41,95,20.50811806773475,61.4596487945255,5.681709186024252,88.23885595275064,beetroot
82,32,94,17.680006994166234,57.563567456207636,6.999493167872333,76.17336156235866,beetroot
75,46,95,16.998358953949452,50.46661698446,6.467268920026524,68.75176164502203,beetroot
78,44,90,19.296413894519237,62.173861133333254,6.763219151860057,57.585473953287014,beetroot
80,48,106,18.305429485912658,59.08495857017438,6.591856143953606,40.93916566083794,beetroot
86,45,96,23.356256231202323,66.8491559335654,6.8140612595243315,33.72760096287324,beetroot
91,54,103,20.333269589544706,54.50038802144572,6.624498164917275,62.01332024165908,beetroot
82,49,94,15.581149388078522,62.34081736429253,6.524657582744225,68.22464265870646,beetroot
79,44,104,20.619102831186172,48.57791456938183,6.956231865820186,95.04802491647919,beetroot
74,33,93,14.948425792024697,57.650770515266046,6.046891068109409,81.39288899150635,beetroot
71,32,91,13.058684462775307,55.92826385606094,6.43986829623427,58.16440661977123,beetroot
91,39,103,17.221690503655005,63.00612517685931,6.318722083001868,88.05279463419969,beetroot
78,21,104,21.502587729169854,60.35987866972519,6.391017366904258,76.98280588414679,beetroot
76,41,119,14.316315681397121,66.57454227709088,6.2635459340772766,75.29016939138818,beetroot
76,35,101,14.076676875046038,50.99203382386531,6.88039950497634,49.55953527998645,beetroot
88,52,117,16.279999971223052,52.247985164201836,6.335975957231146,61.33543193669908,beetroot
86,28,100,16.404429795084923,57.94911535571387,7.001768503411745,99.09326606935879,beetroot
92,43,110,14.764658247273893,63.90197682194723,6.233488858289758,66.84568956363638,beetroot
74,35,93,18.445962926576374,65.58890820077754,6.37706315166853,67.45412834773207,beetroot
80,43,106,14.832277753850988,65.55493092179685,6.893232097552173,66.7321188862091,beetroot
63,40,91,20.5353231728042,59.28371403137034,6.679582715587698,70.4982872904068,beetroot
107,36,71,9.863012962202136,69.77078197370177,6.509046222084905,38.028825311047626,lettuce
91,32,92,13.644954698814816,73.39013469016504,6.1634781646083,51.106075002168886,lettuce
106,31,72,20.737598629812567,66.67804136016497,5.969430238314376,63.877762409073355,lettuce
101,25,83,13.03728854389883,66.31436851057185,5.3355348624505625,43.324712509539474,lettuce
109,29,79,12.348863897155828,72.9038511992997,6.119268613533358,50.69721639581529,lettuce
89,31,84,13.016248180932038,76.21165038959195,5.825579955276365,39.7569443235393,lettuce
107,37,53,14.299975740681084,69.3656993700073,6.219126539932549,71.27933328955913,lettuce
107,36,83,11.039153443714856,70.73151364338723,6.173563304882738,22.23712882930831,lettuce
109,27,93,15.369602913855747,77.63190174484014,5.580902809585372,62.41146287668058,lettuce
108,27,85,12.77935154523708,68.5953014588525,6.282013804024707,24.56619955210318,lettuce
105,27,80,15.777059778877826,71.74232754211484,6.451257819784646,47.99045733449208,lettuce
95,34,85,18.170730947990705,62.25935668019869,6.410522709479119,70.54525576214591,lettuce
97,17,67,11.033373145329385,63.95877950840206,5.91848822077394,33.11672619060653,lettuce
74,17,90,14.285732238237923,76.0060318041546,5.954087361631839,78.65171630409787,lettuce
93,27,93,16.95288775111209,70.12889595561417,6.363134716862201,75.37557710038428,lettuce
92,44,73,15.404514947752727,69.73832755957447,6.594182215405292,48.70623214628721,lettuce
104,30,88,11.94509007659681,65.72000965817242,6.018448442870146,40.72291447625016,lettuce
101,43,88,16.39628593172222,65.21516111567439,7.144204607332874,34.656041539007965,lettuce
96,31,67,15.168988474722296,66.73865779809702,6.153146873797199,54.17296835943832,lettuce
106,27,73,18.542536633836416,59.87971766524076,6.503503134546262,39.249079026217736,lettuce
96,38,91,12.781581962963568,62.58922703078861,6.5174519685603585,60.35165247035732,lettuce
96,46,61,12.632198944700946,68.57061125336908,5.92172703098598,69.00619584722457,lettuce
98,42,77,16.12225456241491,56.14462564935276,5.924581029248829,57.43832227865555,lettuce
101,28,88,11.682226910900736,63.9290116467366,5.919745991246087,49.7924716644747,lettuce
95,32,81,11.805126700916755,80.74912471073462,6.107176139300642,43.577073318749555,lettuce
100,31,83,13.346479270049329,77.66274497363587,6.54716808560182,52.44571762539913,lettuce
99,31,55,18.496998029101945,64.51998496642267,6.036173086174804,68.53038133796574,lettuce
106,41,70,12.463137642194694,63.4831009425196,6.639266448791571,53.1083687695717,lettuce
84,28,79,16.3972247983142,66.49335100713678,5.695632978118449,63.01754526739667,lettuce
97,28,74,17.48507598723229,76.60624271618165,6.765668692419245,64.82647265589368,lettuce
101,37,86,17.2104388768279,65.81659882204303,6.264598187642131,31.391349308756787,lettuce
112,36,82,14.796196195132154,58.914555783562434,6.015576527959148,47.291492954303145,lettuce
94,27,83,13.704809325681495,74.15675293107313,6.451102444302228,34.50758676300871,lettuce
105,43,94,15.689153010620817,73.66198548657701,5.7184283032285155,21.949825088548344,lettuce
95,31,87,13.339154929583119,68.99027831698079,6.962212480714451,27.35867673557845,lettuce
103,42,84,14.155066707730153,74.0439704502987,6.175733363477339,40.26167352630354,lettuce
113,33,78,13.43097994145064,67.2577767212557,6.228948911520529,78.97172618745003,lettuce
77,24,93,9.18339283169546,65.1993588861256,5.9215576049824685,20.651248649378775,lettuce
89,25,79,12.29294217290257,72.98349388005559,6.107721215442263,58.45299803420559,lettuce
101,40,88,16.59773455353707,75.8778854747741,6.478151092769217,73.99752657219788,lettuce
94,28,78,17.96909337141175,72.96741984877204,5.79684724574832,86.4039609133745,lettuce
108,41,61,15.69532654216411,70.96891644333928,6.3732054398582365,54.651624951975336,lettuce
114,28,89,9.05536626814764,66.95751381063452,6.179591695970262,59.35982212181049,lettuce
108,19,78,12.137949955810534,67.76085460841654,6.960712339611323,45.46901098571473,lettuce
109,27,78,14.344796750742871,69.01304798961014,5.646991203374498,29.409982984712457,lettuce
92,36,81,13.8762887136085,65.85380722226179,6.1147475305834575,20.0,lettuce
93,44,85,18.23161453805052,67.77470376734324,6.502802134444255,44.72153924486382,lettuce
107,26,85,14.542707096536638,78.88024232463785,6.049669567894206,36.379164324644464,lettuce
122,24,76,14.028041911306609,77.46388155189089,6.230900245151315,71.42313093490469,lettuce
118,35,77,11.312158280854854,72.41172004855021,6.162855576477236,79.73248938767075,lettuce
99,37,80,12.730573693405482,67.51799379958058,6.637566256555994,61.00367159376112,lettuce
86,36,93,13.550213305418092,63.66061650300085,6.574989741357411,68.56395293850576,lettuce
116,41,85,14.862658994874831,77.15338655525464,5.450806111561629,49.41743591855359,lettuce
99,36,76,11.496211583274706,76.19376405988146,5.541559549442757,40.55235830839673,lettuce
103,29,63,9.863475361609417,79.86340094557278,6.7192749086254375,56.86947166634092,lettuce
99,23,92,16.411223477127322,65.81485242072574,6.467371778205914,67.30911464493326,lettuce
110,33,58,15.76209956443782,70.27981950093283,6.14131783600483,61.95957622171175,lettuce
95,20,67,10.158484702706463,72.22169713830979,6.090885481930723,43.95515076111788,lettuce
108,21,65,12.699378426032268,72.9567773414011,6.316679077778835,50.41487620385812,lettuce
98,35,76,12.445221932008149,75.51303255173293,6.228774189280625,28.330679296937795,lettuce
106,48,81,14.389847631780517,70.96282578652665,6.675263327844737,41.894743364025224,lettuce
96,26,79,12.987837367851787,72.88705628932311,6.144028486970753,76.51221828383868,lettuce
86,18,83,18.25845883043865,65.81817935184664,5.540518806321142,76.20439762871646,lettuce
115,31,81,14.67659696567009,68.62568725740182,6.880271210100742,23.245287621115327,lettuce
98,36,83,16.493327028480472,64.3524925532981,6.983081890027302,48.29930465573094,lettuce
95,36,86,10.480494834192758,70.03252900092954,6.128716312311416,72.37701206518415,lettuce
104,28,80,14.983810981150187,68.2890236075718,6.162135427887868,35.45205711078927,lettuce
86,21,82,13.385925010774349,68.31960029996343,5.9508344876362695,50.7183074705556,lettuce
96,33,70,11.112303908134844,68.04768159705243,5.903319751328549,71.9767654294631,lettuce
88,23,84,13.346784185763353,68.73944994349445,6.494558660748786,67.67507981028152,lettuce
90,32,84,14.582658403077053,62.63923897755582,5.538828661944752,40.442162837677124,lettuce
92,27,86,15.45942732823261,70.73080419747579,5.95504865764066,39.922929213952045,lettuce
89,25,76,16.44815340207224,68.2427563006525,6.060310942490313,53.350000458000075,lettuce
111,44,71,14.21140005221788,72.44148374601276,6.088104400755919,58.01670247498368,lettuce
94,29,80,17.486732653600694,73.50231595178516,5.900382123978935,58.72775035781716,lettuce
100,29,84,18.48743341758817,69.25330303379577,6.789624532512109,52.792137010847114,lettuce
98,30,81,20.021644978733956,77.07309150478713,5.930502114354668,68.4453822044602,lettuce
89,27,78,12.792906021211838,71.70699359280403,6.136750511037057,40.17834317562327,lettuce
87,21,91,13.110484906660547,67.12673369511874,5.856314024464227,51.419688137337396,lettuce
108,45,73,14.273951695390192,61.66956076609647,6.564538157456074,64.24842270733743,lettuce
93,39,85,15.655245321792563,64.48321687574702,6.864438136249918,42.09305290345007,lettuce
88,34,85,15.427952645836067,67.5502268753098,6.705238790712575,62.275669691104675,lettuce
90,21,78,14.156139425152404,74.14870283943846,6.442023408158129,40.131339500838045,lettuce
98,27,75,14.112273492872117,75.26762079690192,5.991072852163227,33.78908552195661,lettuce
96,30,84,14.739735449689059,71.3623565053011,6.107201796730775,44.59238008316034,lettuce
103,28,92,15.595729238006909,66.28068287785779,6.258438748762701,27.999925454092885,lettuce
106,47,83,8.888610372276013,66.45718460942642,5.829283828979695,45.84508123989152,lettuce
104,40,72,11.621975546500652,64.958275670418,6.0925868325610955,56.15509660605469,lettuce
84,28,84,15.946710891849055,69.71151360071192,6.612325186683738,57.5319526948748,lettuce
88,22,71,15.968927010120652,65.05235376310503,6.3889040315462315,40.9331367493294,lettuce
94,39,77,15.682631911658977,68.01546846740428,6.455222428314516,50.205949484056084,lettuce
109,30,79,16.64847659041866,64.50855005685304,5.83217080818589,48.472235858255324,lettuce
109,34,77,14.68427975096391,68.35420844089035,6.823828709972026,37.84119483565347,lettuce
85,34,88,14.83416999840799,66.4604445994881,6.656137402846552,52.35654418697635,lettuce
91,33,68,18.136546500803757,70.351072586801,5.800504222857528,37.26208743059881,lettuce
95,26,89,17.56373091360907,68.75763127197034,5.8697856393225685,53.20796817755423,lettuce
93,24,71,12.693550792433498,56.24892076123409,5.6050422777619096,40.288568345554985,lettuce
120,19,75,15.006937158782547,76.22577500432196,6.362330834898079,45.459118632378676,lettuce
115,27,85,11.629510812199332,71.25384074457206,5.903892954915557,29.23766873337156,lettuce
93,27,77,11.340131961075572,67.83000411246643,6.174052255499085,42.446287854570066,lettuce
126,68,131,23.546073997193666,85.79467598606904,6.603339682277595,80.75164538820324,broccoli
131,59,117,19.355923531619204,66.83729091617998,7.140777459946073,66.07589681445307,broccoli
103,72,116,14.53481986655495,76.47898002305435,6.7099460000048605,58.45387496135259,broccoli
122,52,131,23.174294516998685,65.86858582128042,6.824560115477585,66.04636625155123,broccoli
102,64,122,16.576547838794404,76.53226168377591,6.180776571980985,61.6846532252282,broccoli
113,66,122,17.61142807180736,77.0527473242136,6.203512128176305,59.61624935088592,broccoli
122,67,127,19.157066424612143,76.35126057151966,5.954105084117744,69.49912006340877,broccoli
129,67,125,17.761172336942465,69.95848596902302,6.276148714347296,51.94754519243267,broccoli
117,69,126,15.28520217389698,77.219225860631,6.806623938411446,53.248050717429834,broccoli
127,48,118,17.965476152446296,60.21758006438628,6.880325519852299,68.98366232262363,broccoli
111,57,114,17.7315327624412,69.2595017038312,6.538775664138721,67.9757283614644,broccoli
128,68,121,16.133995300050866,80.61935240959345,5.917011603544373,70.67248529307751,broccoli
123,47,119,17.14951357686232,82.04355544148939,6.585234917198887,59.621880952262146,broccoli
103,52,128,18.089958804324493,72.45126935886219,5.832237873575607,48.437041118076166,broccoli
115,63,119,17.486988260419697,72.89454896930063,6.071278629323135,87.99109702484412,broccoli
100,63,128,19.14358735254903,77.64500637832374,6.789928868565952,92.08707508063459,broccoli
114,47,117,16.189141836322058,72.12070601482037,7.142963189815372,67.87137045975217,broccoli
115,61,104,21.133840681315142,77.31410218591644,6.063345220864607,107.908862470479,broccoli
140,49,118,18.96586241968972,72.61492367277354,6.024996200287957,90.91260209620498,broccoli
119,51,111,21.377758848449055,83.57549289333787,5.8254950883417225,65.36901648066488,broccoli
126,62,117,13.437577600813531,79.56550852747708,6.665099581299348,71.49544679495503,broccoli
118,46,123,19.43881872793029,67.4407226352823,7.135200313047395,68.82627436792697,broccoli
130,56,126,17.691444566262575,70.73403418405877,6.648445092447861,51.97483017104373,broccoli
103,54,120,14.724401571759795,74.87744832004586,6.19001127365782,72.92631517523174,broccoli
124,63,119,13.2744156752462,75.44587218705531,7.002928274680872,57.527289780153325,broccoli
138,56,118,14.108085050038088,72.74605431987636,6.0772190923132525,54.60851706701703,broccoli
109,57,121,20.66178904226998,75.79563762543417,6.54311692432604,63.013328617551686,broccoli
114,53,127,17.307461964790313,80.79105104045875,5.5761260763967755,94.90781363186734,broccoli
119,58,115,18.318324911932695,81.57530646139315,6.133726441393605,62.76998945887287,broccoli
123,53,119,11.91756823662054,75.63229187987372,6.554680779754191,88.43840362959284,broccoli
108,67,129,13.178920212191825,75.1661450612277,6.801114487697081,53.54620849771386,broccoli
97,55,124,18.53978206045128,84.67642436408325,6.0293470263234505,91.44817249237012,broccoli
139,44,114,15.682578979626818,73.3687029419224,6.452330822616112,57.59179807722686,broccoli
118,60,116,19.5618480514176,81.08604614787629,6.538855575796851,71.56968785396802,broccoli
118,71,130,16.443647829968253,69.03503433452151,7.546882512145178,52.74785222621722,broccoli
119,54,126,16.49197458364632,74.89392777759515,6.799493096117529,56.6544024802118,broccoli
110,63,139,19.489260854114782,74.64319004693445,6.950678045956152,66.88189387109684,broccoli
135,55,119,18.919182577216105,89.20996541374512,5.8925067180738075,59.6922103328353,broccoli
116,55,134,19.180388303620266,72.07445062700901,7.139016639003237,85.277613349984,broccoli
119,64,123,22.51541037316101,68.5363790620006,6.02532182103963,66.85161172381206,broccoli
117,68,110,17.79450767172356,75.37863429553306,6.07368275536506,79.29072105296184,broccoli
86,72,109,18.327992997583387,71.92698278573111,6.114200238018198,72.35844580230531,broccoli
121,62,126,21.093950301456424,85.51552968809237,5.969401517171122,60.76126232705351,broccoli
119,60,122,21.12034628974902,78.59724016954227,6.3420525393121,73.08412724176559,broccoli
133,59,126,15.697538064508844,70.41602329078121,6.298493571946592,38.64805630642667,broccoli
102,56,117,20.60438052221363,78.19750934792302,6.225425048102271,100.7503617088983,broccoli
139,64,130,19.074390789854654,67.03588903056867,6.574828399413737,86.677181175752,broccoli
110,67,117,20.061541966552273,68.5253652268327,6.889553158045781,62.017492261065385,broccoli
110,61,123,15.548656412460854,70.16619493154846,6.886021757963402,62.625392561143386,broccoli
122,58,129,15.082433120520644,67.83308411654828,7.141324446641687,76.66466476171483,broccoli
116,67,120,21.50197293530498,67.39990508725198,6.350022958007431,85.25155484957173,broccoli
116,52,130,17.15414339670382,70.6177307371539,6.638885700705645,68.00499102461433,broccoli
106,58,109,15.974546851360229,73.29197467518426,6.107089990405878,53.67605738382858,broccoli
137,61,108,20.380600221690674,73.07765641324198,6.265161426668043,69.37797054157252,broccoli
114,55,108,15.576539660331271,76.45291665431063,6.830264295834059,60.85012936442341,broccoli
125,59,131,16.38734280818362,74.78154152638301,6.663634103576617,86.3273561412163,broccoli
128,65,124,17.185590505551687,74.12127928924146,6.097116599930042,78.84359481654137,broccoli
107,47,123,14.366508235377664,77.09073142611871,5.395788232632051,81.81572467904826,broccoli
118,52,128,19.51851740788105,63.11357135563241,6.165990640984933,72.35206678114886,broccoli
124,73,125,20.15700775283568,78.5595670932105,6.432134947795875,65.5106672223202,broccoli
111,57,106,18.154834560420618,68.13285974024315,5.841074166959011,38.77227855353959,broccoli
119,52,103,14.586099795017905,71.06053989245612,6.4647014194976125,71.90298053322412,broccoli
111,54,128,17.886379525136476,78.82496490967164,5.755635233718625,67.11269002143,broccoli
105,54,124,14.31132766119981,71.91950412264461,6.127768207435066,71.32229281295088,broccoli
109,50,127,16.887674143410354,79.69193811708476,6.866718300396702,49.674850500343425,broccoli
123,40,124,21.372265344394,75.55439341986069,7.0244471688584955,83.90809599387096,broccoli
121,58,113,17.4795696395571,78.78207545080922,6.623675096506593,70.00686617487891,broccoli
112,65,116,15.510630278996238,71.92910890115992,6.421612669477878,89.16910894893232,broccoli
115,54,126,23.394881897968197,77.44795976911588,6.483298833351661,63.4282774529109,broccoli
126,57,117,17.667475899342538,73.58120626629649,6.369639042833546,62.08967760330107,broccoli
129,65,131,15.691487650107053,80.04811439742873,6.766517375888843,92.91426164560663,broccoli
102,57,121,19.651681193976295,74.84605949506063,6.612445119158205,86.87803737828008,broccoli
115,66,124,20.8660755481682,68.09914044072572,6.361895469203766,67.24596044062258,broccoli
140,65,121,18.976146711028242,73.64849979847074,6.513117987611771,29.787803914419612,broccoli
134,64,119,15.580243339568431,72.43109383109339,6.978077910201239,76.96482047700975,broccoli
106,58,130,20.600962554651133,82.40697755832471,6.7964043546711155,70.93419488213249,broccoli
140,63,112,14.146750046992729,73.89195868720223,6.278539501386873,73.70999351375875,broccoli
133,52,109,16.23333340938189,79.98158300717441,6.280619348663658,86.88868220046191,broccoli
113,58,124,21.13307387221439,79.3054018289703,6.3717556809590015,61.366916722095155,broccoli
112,65,101,11.98963454788949,74.8450615027069,6.147460724603389,104.79628117453066,broccoli
111,66,125,15.738437432135886,79.75670296766457,6.5877403325837065,74.01309388551753,broccoli
123,57,138,18.193988135447096,85.48630928302791,5.8543472768273785,81.1233076767005,broccoli
89,67,122,19.36489453821548,73.20288507021435,6.16961101038228,75.12938179671701,broccoli
125,69,117,21.581200398954863,62.70923667899522,6.441240692698885,62.93677220353951,broccoli
124,57,122,15.573994246027109,74.7338100761187,7.010304187880835,58.713191980319124,broccoli
118,60,117,19.928585067347846,74.18422708594463,6.536600777443736,71.13144414442138,broccoli
116,51,125,16.898204200223393,66.74224508810187,6.876206785742867,100.89885031120069,broccoli
116,66,116,16.341052363043143,71.62703613538774,6.868681093347514,95.53044710212923,broccoli
119,45,121,16.3709172358726,79.09890929595875,5.778098550320572,77.09414982947092,broccoli
128,53,116,15.960675746401089,68.88605472703415,6.293101650746119,70.955314083901,broccoli
127,66,116,16.80578379458707,73.93865872395932,7.052513767456896,67.00152088262104,broccoli
113,63,128,16.938946300805107,76.748142251098,6.930529379694034,82.94415449782454,broccoli
120,53,115,18.17184763066158,72.62354389321436,6.243067471670264,79.59542999814263,broccoli
113,52,120,17.522953396332557,84.27666747970771,5.994365012603962,93.08672406817843,broccoli
116,58,116,19.608240779166813,67.78362701152265,6.887809215801651,66.55809912669616,broccoli
133,65,111,19.811026340661442,79.01821761052439,6.192175778082587,87.8758834210673,broccoli
136,65,136,18.797703548285032,86.08223159865635,7.189786284885224,63.194232523317574,broccoli
97,56,131,22.594845625029905,74.01936388178697,6.682104163848771,67.48043582227187,broccoli
125,57,112,19.483743897062304,76.31476192971593,6.276037762555131,42.375673148662486,broccoli
132,67,114,17.78174171227441,72.16765634619452,5.966085250374851,70.78199307745146,broccoli
109,72,128,16.20411937232417,77.37931267853362,6.515011469687518,69.78611466597916,cauliflower
131,57,114,19.79191996934316,74.31381308227154,6.279148078995782,61.62424185111735,cauliflower
115,67,119,21.20693498085878,76.70558968305275,6.689337210527459,61.203636657813504,cauliflower
124,53,118,20.35199303961755,74.46384699739451,7.218944247223828,60.303620327657626,cauliflower
118,54,139,20.00991491326254,79.0498608056286,6.255100814465079,81.05141034575519,cauliflower
106,53,125,19.63433420182335,59.7242664512011,6.256701806973061,66.80194043315612,cauliflower
116,50,105,13.847021715111012,83.35622884486075,6.251407058360906,85.94671748445452,cauliflower
113,53,114,17.135703549106793,80.19900206355975,6.366727774980248,77.59964014483782,cauliflower
135,36,118,12.062710452085387,69.85215688885884,6.176909413916022,25.002976526646528,cauliflower
131,49,119,20.594875326063807,74.87241507405204,6.307536077052944,80.33801130280776,cauliflower
109,73,114,16.688732692846294,83.28635274018592,5.983987067685605,80.67974552831559,cauliflower
94,59,141,21.22964003814829,73.81134662332633,6.2511310029549,76.13786478114918,cauliflower
112,44,114,16.341643646210997,72.31531002349979,6.492374387267677,75.3123264353106,cauliflower
111,60,124,17.556476091833506,64.78683409218553,6.3708212438623715,75.78030628613358,cauliflower
109,61,119,20.40512017177355,67.10109936852868,6.7686591157530875,82.2567254919385,cauliflower
113,62,126,20.52187797570027,70.50775885247339,6.309543477107488,46.4965091232193,cauliflower
132,73,109,20.827888477764937,81.01618671431828,6.09616246777376,86.74920133428002,cauliflower
116,62,130,18.93545531454358,79.31176661504462,6.280528448761158,56.81281693523832,cauliflower
118,58,122,18.67010241637344,66.19265831049744,6.122919993920698,77.48828790568113,cauliflower
130,62,117,18.473578286690113,77.61499062773902,6.6847681535444465,101.7040188415153,cauliflower
131,63,120,16.17599632144506,75.36620094545285,6.14858877930659,73.88992430172613,cauliflower
122,64,122,14.229605676601,67.99568208214326,5.787364693271153,47.13664465581083,cauliflower
129,49,122,21.14498764224663,83.1847894898639,6.356025015305624,78.02167372237724,cauliflower
116,58,129,19.231195503493137,74.7953047571901,6.7323787305093985,69.77658596581578,cauliflower
127,58,133,14.811883850474267,74.97109759567732,6.416707577707622,73.68888768614421,cauliflower
134,58,123,18.224718375906303,71.2526286800355,6.656857963480032,80.05443381193095,cauliflower
137,51,116,19.211620740396178,71.05053481835819,5.526457904688113,56.039859121153654,cauliflower
133,56,95,19.957624940288497,75.7553204869093,7.085527239708371,61.4243726613475,cauliflower
131,70,115,12.676410456011643,75.12145469987647,6.819806297713928,68.999941276878,cauliflower
118,55,124,15.68524859605937,68.19576975727908,6.65743980662897,50.712716638548514,cauliflower
114,71,126,15.665654605889266,76.60436272575117,6.823575004881144,59.49115623138582,cauliflower
112,60,123,16.870979073653583,86.85858995215908,6.858338487280349,75.99114306530998,cauliflower
129,61,122,17.855079400078044,70.65811213351664,6.354741677009894,74.04359649748284,cauliflower
129,60,120,18.34999034319604,76.63447428975235,6.307995995467268,58.0720982114794,cauliflower
122,56,122,18.65879140570663,74.50868482701968,7.093987742534368,68.80442428371448,cauliflower
124,43,105,15.626387493742529,66.84945747837965,6.47277779635001,44.528000873586905,cauliflower
105,58,119,16.336176015168757,77.63730041914484,6.507971654018094,80.50177130941013,cauliflower
129,48,121,15.266212379510254,73.02082706275847,6.01692586446403,72.76635402522373,cauliflower
123,57,127,20.299162557131254,72.30966843406941,6.2631655143150065,45.57266717435293,cauliflower
127,57,118,17.15123372373164,75.8168079303786,6.469574166333643,83.67623873676807,cauliflower
138,52,127,14.922516439706072,82.93754030934751,6.935623143373391,77.31370971134689,cauliflower
112,59,128,19.173534793525782,75.16320889266666,6.500759174090855,78.30651182090948,cauliflower
125,47,128,16.153657397854275,84.77751782621147,6.624344034760736,65.20309340469396,cauliflower
102,48,133,18.943175850167975,73.56813116576132,6.505300560303508,73.37184704988293,cauliflower
131,60,133,14.031870826759627,75.57793323184575,6.352328605982538,55.44199955872352,cauliflower
106,66,114,15.13099405978283,71.02574955750842,6.39572474813148,61.68474263360511,cauliflower
109,71,121,18.654453011810496,75.24916397895325,6.447116741349746,77.57142521477473,cauliflower
106,53,122,21.62158747143455,74.59547070371805,6.68126025970405,68.53770374619374,cauliflower
125,53,122,19.324476529627933,72.66117658040442,5.7417345998392495,86.93636233369236,cauliflower
120,64,123,18.785773510432854,74.87272844420772,6.503838936704823,55.209763053282686,cauliflower
115,62,119,17.5524663737386,79.38435948048131,5.988678517174336,84.8129746146949,cauliflower
108,57,122,17.857277976600216,74.04092893860297,6.387842995166767,59.212199947174824,cauliflower
91,75,98,15.894746549138691,70.88090478495693,6.192283161802487,60.618110050633945,cauliflower
135,43,101,15.318512155184159,66.36745360238733,5.919207795369626,78.79324552503552,cauliflower
100,62,128,19.198986923654637,70.91073937555484,6.7759630320431725,69.15653995346106,cauliflower
119,56,121,16.488839301714744,76.05819935071665,6.293928930390685,45.118250250301315,cauliflower
140,58,107,17.200803472871268,71.67901244675168,6.595005067595979,64.19922104062495,cauliflower
126,65,130,20.343860245349838,73.37688546794305,6.32592823931911,56.26135229532002,cauliflower
123,58,114,16.461141823867962,71.02675120237224,6.375457406456662,60.808337781241285,cauliflower
109,69,126,17.0003135729472,76.42308810028345,6.558909560928666,56.211673819845785,cauliflower
138,54,123,23.749277650978044,77.73025634006275,6.47029791626946,89.64345946456481,cauliflower
111,53,120,18.94439158074361,82.9190049487827,7.323631845210177,70.16091566258261,cauliflower
120,54,129,14.690873380400802,72.42494431108605,6.323554492697812,56.28575871573315,cauliflower
117,67,128,19.604569659202227,77.51554545846686,6.040635660139189,60.768860876910594,cauliflower
125,62,117,17.16710794487964,67.15037073990159,7.099320554837718,72.68739922987938,cauliflower
114,67,130,15.216524457190724,75.36103030807155,5.7788620375234565,48.77229299556184,cauliflower
101,57,118,15.79368752049889,82.05400339420254,6.3585650138584136,101.41790780209752,cauliflower
124,68,116,16.779152367443736,83.29877605297527,6.432823649385532,60.5349777939018,cauliflower
120,58,147,16.596037634830314,77.10380104180851,6.630639761528269,48.983878064424204,cauliflower
116,60,119,21.262614581807558,76.6079063242419,6.877666049441355,69.17036687827756,cauliflower
110,57,101,19.723141159521905,77.52581191339395,6.7797093900533305,65.25291280918876,cauliflower
121,44,124,18.992524906115047,74.82679788556447,6.384244571948215,79.37235707916228,cauliflower
116,72,123,17.149310872779036,79.12304964957171,6.698699092810939,60.29302870060363,cauliflower
118,67,123,19.0950689891849,75.6042639006341,6.7746756216441275,86.55250040483605,cauliflower
124,57,122,14.252757536963404,79.9100974526779,5.975242066406386,77.56160575973522,cauliflower
133,52,135,21.107208842789117,70.6723647538048,6.256430215720552,92.22200975978265,cauliflower
140,66,118,20.71175862778243,67.78482274806701,6.864189502824141,76.11168901199136,cauliflower
105,52,122,14.810231853741586,71.09919770082243,5.964673481776687,43.74053949925023,cauliflower
114,62,119,19.1867572390695,75.0782547274179,6.45372102058996,109.73321095517589,cauliflower
104,61,122,18.95432835371306,72.7667047792882,6.301398789406973,63.54399689206833,cauliflower
130,60,119,18.626664052379564,71.73754624822,6.697665924329015,64.55237770812363,cauliflower
130,61,130,18.684530995395722,77.90663859304293,6.23999728940876,80.19250479159466,cauliflower
124,62,124,19.149947773634203,83.01601792586362,6.777627746966413,51.88497021525472,cauliflower
120,62,124,20.678028895863587,75.08435457536382,6.400673163967837,56.261797216567295,cauliflower
114,58,118,16.157371003556687,71.59152879634306,7.232008207149346,66.37961466681605,cauliflower
135,64,122,21.552348075485266,70.91794666360448,6.258419835198865,89.50886734633224,cauliflower
116,76,117,21.028867053599026,71.70569488939401,7.133236036112896,44.97033788311842,cauliflower
120,62,107,19.633264206939117,77.29971714590238,6.54213036625461,76.37605141554211,cauliflower
125,48,118,15.647385870328362,78.24265095961874,5.862352162759266,45.8547278109598,cauliflower
125,67,116,22.849391103407804,70.60817450062879,7.000506480370337,56.28707929381131,cauliflower
102,63,116,20.596429007493853,72.50088531503509,6.6691367340159875,73.3032904710673,cauliflower
132,52,119,20.27204495594385,68.20117829781066,6.681863593093753,92.78289575743736,cauliflower
123,48,126,14.042143020828519,80.8541126355435,6.264085936154228,70.32897025118544,cauliflower
110,60,127,20.378575925613188,71.76377191491831,6.657904251957003,71.22989034268807,cauliflower
110,55,126,17.29454726506741,71.71378490056368,6.766706845061966,94.07394967415732,cauliflower
104,61,116,19.630893583847328,74.58164787141767,6.321186900637996,66.02825465911378,cauliflower
118,64,122,21.07759873881287,83.89698550262086,5.608021876819385,86.88749369603029,cauliflower
108,61,108,25.952206743450304,77.98985703295487,6.982946590589776,65.1421034923305,cauliflower
120,63,122,17.486183232363704,74.86814901099062,7.083535025718388,74.95801016609357,cauliflower
120,54,122,13.156832782129982,78.18359750078208,6.699165121063457,90.56650106430959,cauliflower
115,53,120,16.210836771529998,71.02062614310617,6.48158788670454,69.13001056550144,celery
129,48,126,14.78345811618947,80.60116016737263,6.523611397182856,76.87089258335345,celery
124,51,113,21.701134560764164,84.05290358974847,6.212541536357658,88.41032660251301,celery
131,52,117,17.825045341588957,74.97759973917873,6.684203126241644,87.32030011542808,celery
133,56,127,15.852609295907957,81.38791172281276,6.721661013180463,57.32621154438915,celery
110,35,118,17.548935670622367,74.73288732360187,6.561323373810467,53.84288324754031,celery
114,46,115,17.66401087732553,78.60690850508753,6.3878077245181375,88.20194873036226,celery
117,45,115,17.428132538500407,84.16105674275987,6.178716761741707,75.82430055192299,celery
115,53,117,20.27384865971692,76.56551588688757,5.956540960264397,60.014882106534685,celery
130,42,125,13.549680684646868,85.71468551454652,6.362068555853063,67.03427809810165,celery
127,55,119,20.478004334975118,84.9577436617414,5.528908603987933,80.80743279822882,celery
118,62,115,14.89005854076104,72.89219765200536,6.830827971899071,87.58356052648796,celery
122,49,107,14.854733781767527,72.8432054383888,6.314527845442926,58.74065558931184,celery
112,41,113,17.657536940945324,78.1648859899509,6.854779199819261,80.6769134038081,celery
133,41,113,20.090511329444347,68.8069581546718,6.633707482484937,73.42727153175268,celery
112,51,121,20.93133243450204,75.9092060090495,6.077120098611473,92.43849524906686,celery
129,67,131,20.215408749489413,77.27828547073196,6.531976877368001,79.92180096889759,celery
113,57,124,18.994766479099855,87.34362069015646,6.688922673755788,86.71147818685112,celery
112,59,128,18.765704655929234,82.2218428889025,5.877281818533641,61.0915263195849,celery
129,54,107,16.838297191108605,80.683720867337,6.913560546790159,78.54343277357383,celery
121,52,122,18.744531280240903,78.53042440614396,6.189099683542819,58.59071928133725,celery
117,58,111,17.043770744014648,79.70177081959834,6.811250165610387,82.37212432802373,celery
124,63,118,20.147079307241093,80.95735307822245,6.50456839107792,77.02487289294238,celery
116,35,130,17.288710971082743,78.22656983988583,6.268621408757072,109.94302900344788,celery
109,55,132,21.192015171740923,80.04093885599453,7.148362745689532,60.233414826208374,celery
137,49,122,16.053854885090033,82.56838880860786,6.499616163505561,61.57720889175109,celery
122,54,123,17.937032851783943,88.8401878170621,6.336093626992707,48.46194650134758,celery
101,50,106,16.457288775277693,80.62193910704124,6.348700434939919,97.02241189275881,celery
109,41,118,22.83248940280088,87.98919942286328,6.548413890201769,97.66533847761285,celery
117,53,112,20.87341712676534,80.17388712541545,6.812916357997566,101.33609509012128,celery
128,42,104,23.312993609771077,92.94013391368807,6.413988778265103,89.13007879141917,celery
123,55,110,14.874465434969167,89.53201346491804,6.601631433473327,63.414596462068346,celery
136,37,113,13.589739128031745,85.19851748512563,5.596280768634544,72.56676617076573,celery
138,45,115,20.5518860276626,84.64609151484551,6.038024592149263,99.79277510003124,celery
113,47,129,16.407825619000707,72.75240821850208,6.124174076858342,82.83770397730137,celery
135,62,122,15.078792203379486,85.00909661889133,6.646036332911786,78.18988886241794,celery
125,52,116,15.931652659855065,82.12371801959036,6.58395483690362,94.8642268107513,celery
131,63,126,19.648750658890112,75.31285219296986,6.944096257919497,55.31683529845134,celery
128,41,119,18.808665377635446,83.82198229211956,7.080189131192445,69.85852069026285,celery
120,49,111,15.736602611053367,85.56040145353394,6.764700164165751,75.15585637285363,celery
118,65,120,14.856908561924293,78.11111000891376,6.126066108607536,84.32646189569124,celery
131,55,124,16.36042908058823,75.7705455991847,6.401934649092103,89.3718024388887,celery
117,47,118,19.14799321888665,81.57055374309267,6.9735950092221035,87.61522594346883,celery
122,53,114,23.44067883476048,70.70095781185967,5.973725710609951,98.64364604444907,celery
123,56,127,20.435516388872827,78.10970311769039,6.337442360206371,83.8624215219054,celery
127,48,119,20.57229087290517,74.13551061004107,6.990795608787833,69.20739563914839,celery
121,50,124,22.296467887145067,76.62663312527654,7.14653598592937,81.87198709439764,celery
106,56,112,20.519728622478063,87.49338940707763,6.4183094864837145,109.68789130257876,celery
112,35,112,15.137913889370246,78.12345680733988,6.168949645397,91.39302856860563,celery
131,51,128,19.274669913685333,81.95334235812211,6.03872312091825,73.43236407330225,celery
109,52,118,23.574187981129914,88.47681041589347,6.743144856370517,107.84368933350689,celery
126,38,114,18.487089214854148,80.1095409505316,7.797386517089996,103.3307902522679,celery
97,43,113,15.395609964174163,79.04758741500875,6.441692434391746,82.20404669774472,celery
135,54,109,17.665286757370893,90.43992199929839,6.4871215481311175,90.98559454072364,celery
116,55,122,19.193551963955873,83.30890975153605,6.536986619269203,70.58371857729509,celery
99,39,117,16.744523893617334,76.63989671412213,6.84785348636125,92.47106624770623,celery
107,63,113,17.09515498318728,85.20502022929863,6.792066656769719,50.712590379839675,celery
120,48,126,19.693364416356232,73.81509032639218,6.494046091535004,72.57119593534932,celery
129,41,120,19.563520280298313,78.25382760197884,5.94096214236286,101.15442534740399,celery
118,59,112,22.136526396407017,68.11226749269994,6.607580112259416,64.8761637886514,celery
122,49,122,17.250324188935505,80.45693457377018,6.285823834058689,84.86099892683008,celery
107,35,108,19.079379261576513,86.52567840486886,6.1942945965001694,100.73855742375,celery
119,51,120,17.052982023925953,64.80084021119046,6.0129144164575905,62.27872444929879,celery
134,52,107,21.095764961096194,78.80853242440102,6.306250724130414,79.95191081278955,celery
130,54,132,16.92775712747654,86.45626646764518,6.512390891562537,82.9252853082222,celery
129,35,108,17.83798110708098,83.00226670299612,6.2279367975024345,66.85150926793307,celery
98,63,125,19.141111741790883,81.34263066691359,6.696730859174023,79.81227594572255,celery
134,33,114,14.197012845629681,87.03887788431267,6.374188381859214,86.74652877868314,celery
115,64,105,20.001131254333217,84.29287089441976,6.569075324851393,86.4601143159715,celery
123,48,118,17.798089439517263,77.09276307557576,6.614292248154128,55.66150674804409,celery
112,39,105,20.966476750164215,76.4894885736012,5.698925695311591,74.54879681413111,celery
122,50,121,21.37701233240068,72.47683980306854,6.012589653826417,59.24951003930342,celery
127,59,116,22.357874315651017,74.69896831543161,6.667375900834553,75.57316017551844,celery
110,56,124,18.910587724922184,79.21830124609659,7.176311759294481,69.99362182801335,celery
140,34,100,21.52375633436065,81.97144226438766,6.213709541891492,99.62497671449223,celery
131,52,110,18.291581203262286,78.5466283406852,6.41640117326984,45.595997243502396,celery
102,45,120,21.68433729921022,76.05057507351488,7.068140140171161,71.55753763970706,celery
109,52,127,16.19679284231713,87.0448999867081,7.566102378508289,59.85074315425927,celery
98,51,121,18.66438777208842,86.48192999510465,6.745372387473475,62.57636620806031,celery
120,56,121,11.794693173048469,78.61555708758505,6.3042420687705665,74.95457101118491,celery
112,55,129,20.661384398533976,78.7660028372324,6.192167906395772,78.89699284652511,celery
108,59,121,19.887116852066644,81.24490879064828,6.669500440051203,74.9068267171614,celery
131,73,122,15.759560174663392,74.62732350957823,6.374603894341952,89.11598374637862,celery
122,56,120,16.47302438283494,83.57875757889533,6.537375473740231,82.1768482586859,celery
111,50,129,16.84261269469376,85.33135577472596,6.4511233416897795,92.52968504151522,celery
128,56,125,21.921468566333076,83.09858077365244,6.251486562096618,59.5253476000647,celery
125,61,134,16.916360202141178,88.24508075530417,5.982502784760675,74.68106874590353,celery
117,48,118,17.512476979567342,82.40105270363983,6.633822264765433,72.51137390994981,celery
140,52,119,18.06593920031254,79.5447624432877,6.492741931820126,99.87765799211928,celery
121,52,111,21.017168923415536,73.58728363203278,6.534783810782265,81.31318171164845,celery
120,40,123,20.901275613999225,86.77519623344676,6.989419059280561,98.1688187010741,celery
114,45,111,19.90946573174069,80.31456606684873,7.144966361578076,95.07758471273308,celery
102,55,120,17.83876525027039,80.92220791253486,6.1873141307303365,107.15786388354996,celery
139,45,115,15.913605822779028,77.82794175039872,5.897721912009337,105.02550651991828,celery
129,45,108,18.312292638813382,92.58697809842889,5.44388789932198,75.24597069349163,celery
120,43,129,18.394482919739158,86.29077457099811,5.862053632906322,59.54599817273969,celery
131,47,119,14.685449732308149,78.63623109108316,6.488761550377743,49.00565729467583,celery
122,45,111,16.613437470148078,80.70258093517667,5.8648545383591975,96.72558212153842,celery
112,56,107,17.77935175192963,78.68065117199792,5.505838479379743,90.9544646201528,celery
120,48,112,20.64495097784344,72.21991923910554,6.388720939485667,77.3774272354522,celery
88,52,98,19.874451224796974,63.483541662700276,6.549108180493327,69.20869719420534,asparagus
91,51,108,18.5178023434577,66.89054683499039,6.351299615529612,70.0406550438406,asparagus
97,56,95,21.305206206381353,67.73787213617067,7.2877556844365525,81.0594715759477,asparagus
104,52,108,21.310417143443775,63.73032268746364,6.839873565344316,85.38931049237172,asparagus
96,36,94,19.77901737631829,80.54388090963887,6.954554231087404,67.67780501463253,asparagus
100,40,93,19.88821456711661,69.25370744354095,6.390935153824898,84.78481088891968,asparagus
88,53,94,18.58809635058564,72.20517827705193,6.338928702433053,34.506694259589274,asparagus
99,47,99,19.596748358005676,65.84053912962763,6.368980705034461,79.23744828941166,asparagus
99,54,105,18.128438927731818,63.640004336299775,6.042841063070709,67.28304815612543,asparagus
126,57,91,20.479697904711376,60.55768379743421,6.8441189537099865,75.15688028976598,asparagus
87,42,99,22.256355673080215,55.722084662076355,6.6449863313462565,79.81488822930976,asparagus
97,42,97,23.404203759531672,71.13405777864976,5.900251089023951,58.639549218282234,asparagus
97,55,98,20.470643100973554,58.138667967373465,6.721899384885001,75.78678372832513,asparagus
110,49,98,23.300341339152805,56.6501103555485,6.653624818619812,72.02286530136816,asparagus
99,45,105,21.202689022136177,71.05983989883453,6.726866875938109,65.4479190184647,asparagus
98,54,96,16.73099577693006,61.016307900685064,6.277481148861925,85.39318216764411,asparagus
95,54,102,16.045669617367185,69.76669138464163,6.861937283668774,98.61158961068094,asparagus
97,60,94,19.24842812737438,68.12130725306504,6.48617120757883,72.14391386949633,asparagus
96,51,96,14.982120347866353,65.78491547073777,6.363348036032555,59.46475637256545,asparagus
94,39,87,24.966627025637003,71.73442971817097,6.862084249464119,78.91969616499051,asparagus
97,65,102,17.026597471914346,62.29736153314072,6.321245491485273,81.72590944872886,asparagus
88,56,99,17.074884160439908,73.64893327606855,6.63372005274604,67.61534635941855,asparagus
90,39,106,15.32682511211404,61.36427746675144,6.621719167019374,64.64318249378114,asparagus
86,46,110,20.197662300921778,68.41884159756967,6.706977863816197,66.67182488159021,asparagus
114,49,87,17.840900008995106,59.87291456966379,6.297476773200795,49.77336893215519,asparagus
109,49,91,21.189037395112212,54.73198419095875,7.2416269636884705,93.70228262349042,asparagus
107,45,90,15.560449315443496,66.7417041288519,6.744169259474315,47.57350438611057,asparagus
100,33,95,21.775315371763234,57.10100955663664,6.488453677900318,58.029931952004304,asparagus
91,31,106,19.843154231625583,62.62492233579216,6.528546615129698,57.082035981568346,asparagus
111,57,107,20.916937733178628,65.5394181369034,7.018300913009833,85.09167875741889,asparagus
101,48,111,17.987401682378003,74.79512299992857,6.784928577044786,68.34936259762974,asparagus
97,44,103,20.12557371731529,69.47762921289959,6.745795262759034,61.11382771387957,asparagus
126,49,97,21.941043943266713,66.72199699115949,5.664990694923903,55.16859680511038,asparagus
98,56,88,22.04948080753878,70.31653222995021,6.062256233929409,67.52046167170296,asparagus
98,50,98,21.968523884660055,60.10899344457408,6.229118086738357,84.63004690245131,asparagus
100,42,109,17.445671641093128,66.50383339918078,6.809425813543553,82.03287521730519,asparagus
116,50,99,22.454469985541174,62.97563638498255,6.564784601106438,56.03235205759578,asparagus
98,40,98,21.603647182208437,71.89384785329626,6.233582724065065,67.98486085968992,asparagus
99,46,90,19.05514650930803,62.02997646051356,6.294737834431272,57.31092266483682,asparagus
107,49,105,19.63042363939286,59.5402055178761,6.3908989789555175,42.23033071885905,asparagus
90,48,104,16.82887502668089,63.210717661826735,5.746420298959359,60.961732683481536,asparagus
83,39,106,18.19704167447855,62.068091615477826,6.2522865840296795,63.050646612788974,asparagus
95,39,91,20.65128553888626,65.91410021152194,6.548567028225826,79.9350897257103,asparagus
108,50,82,19.351787976192632,71.72643150079872,6.327082517652469,61.149364912328636,asparagus
90,36,110,22.63378361814364,54.777388634327515,6.5852798780685395,72.8661699110071,asparagus
80,56,101,16.44656208947861,68.03069728516108,6.247326950629084,55.58685966022197,asparagus
110,47,93,17.184364392632524,67.76085759469834,6.776210301868913,60.36879980765908,asparagus
101,52,104,20.382789222359804,59.63874693143569,6.8366299794233685,66.8654960757691,asparagus
90,34,105,19.45120347921979,62.18020833764557,6.92948058724375,56.02472007279113,asparagus
90,48,106,16.958810184667065,71.33823953710674,6.265679224667336,81.64556262881732,asparagus
96,42,101,14.59464985214458,63.15604477232133,6.185131914803933,89.36624248203005,asparagus
100,46,98,16.34796848283248,61.17293512875854,6.289840251739278,91.74611167547003,asparagus
105,39,101,23.385024071805603,72.26530666154912,6.792561266818104,43.648327395227255,asparagus
104,52,104,21.451634650652537,71.5754603090522,5.573987337862219,69.47593901139928,asparagus
106,55,94,26.138893422091975,69.04109011477948,6.591285119550989,87.37793299725071,asparagus
93,55,89,19.84245008388193,60.593239487228246,7.140587366341971,89.17524601300356,asparagus
90,46,94,22.317754774961397,70.93446246133128,6.4803032477907525,88.21711084676613,asparagus
110,63,106,17.61461503657053,65.92491643025497,6.661164715443527,82.6111337647715,asparagus
98,37,112,18.70895369050271,64.4949517026561,6.757721376062264,61.12351237801959,asparagus
99,50,93,18.603131968173635,70.11192922794774,6.419018532000526,48.01974470116176,asparagus
108,40,88,16.75832506743895,63.65993218827144,6.87193248264192,49.87020292805748,asparagus
98,46,85,19.25068173207798,60.796124400447184,7.033627701267446,83.46380396582967,asparagus
106,54,82,23.809382334478215,69.21971923257463,6.129333612775477,65.28207615182367,asparagus
100,43,95,18.828397209959288,60.03910233477382,6.758225481372025,54.59183545592951,asparagus
105,42,90,22.61418106687538,67.97920740334867,6.783890278871041,51.34468174941891,asparagus
99,46,104,23.007026149668718,65.21350893594833,6.691650758845596,77.40418829085128,asparagus
108,63,118,16.768902380368655,62.17452052648234,6.466765574107771,53.14353708019169,asparagus
113,55,101,21.064159811156244,61.93102569227359,6.2977296238586495,61.30718705358534,asparagus
103,49,89,16.506691622399508,63.85728197045576,6.1306235448428374,87.22226572706604,asparagus
102,52,101,15.555233201848832,57.015144039303294,6.420186090927338,58.442289813109745,asparagus
99,57,101,21.102882933360046,68.64263718233728,6.650782921367389,88.01203741715663,asparagus
103,45,110,22.691880166363475,68.21989852309824,6.408745383577357,54.30552049502811,asparagus
103,51,104,19.4018205645112,69.30342113799486,6.729020859963474,62.693124848043134,asparagus
93,48,109,16.338403267401898,68.65175566973936,5.750212108271284,79.38908988737687,asparagus
93,56,111,20.310203293092872,71.49574659252147,6.215045591063305,69.49518538912261,asparagus
111,57,114,17.30982493061858,74.89967088918102,6.512936931815142,69.99366133366621,asparagus
98,50,108,15.769187146247926,57.09074860106412,6.340533671802291,70.55245737385538,asparagus
99,50,101,19.026643289419283,70.33198737921784,6.938100545961541,88.49557106926956,asparagus
101,47,104,19.960520462689278,61.829481715983725,7.294541522808483,40.45458798447744,asparagus
118,44,84,22.17185221610183,63.298721589632805,6.132733488127621,54.45940231018676,asparagus
102,50,100,18.377364412389305,54.46281808001322,6.211258431895355,74.43385220620658,asparagus
95,46,113,19.725966165935066,65.78380565438842,6.553092823549249,73.0333710205849,asparagus
96,56,106,16.755180961947797,56.828724116729404,6.011386938089813,65.74551862660842,asparagus
99,55,102,16.195314295696075,71.02253491716195,6.7968330649241615,46.31855954446232,asparagus
102,52,104,21.56882685064844,72.04207813989827,7.652032755344293,82.00683951391903,asparagus
89,49,91,23.48453497464134,68.38047264404591,6.751476099118287,66.64422791718087,asparagus
91,56,97,17.890795817480374,60.4982825780269,6.139765689191328,68.01403470448801,asparagus
105,63,103,17.170164807512954,66.6895806088299,6.222797799373528,70.17345220684481,asparagus
104,38,103,19.242749439016098,63.419656709200034,6.740416241076638,68.6028671663988,asparagus
99,41,87,18.61817744103732,61.969595806747876,6.8823994085370055,52.93384260505023,asparagus
96,36,97,20.115191364949318,60.95274718434797,7.348135320937196,41.00637256342215,asparagus
83,53,106,21.01446777265047,61.842589161482564,6.671241250100473,64.44234972743837,asparagus
91,61,103,18.787181395302625,61.7375286525924,6.521507301634556,93.49441610326242,asparagus
97,34,106,21.51229478989733,64.58535745297849,6.841591153733279,73.3289926766568,asparagus
93,52,97,16.516751192278157,69.64180569998584,6.78027696798809,58.56749244380661,asparagus
109,45,98,18.92030349049201,66.47809833154717,6.537770792858184,50.667879881062134,asparagus
98,42,94,18.40725030563901,56.48819551986746,6.763850037504615,75.84769509728014,asparagus
102,43,103,16.977136215680357,64.56838430525949,6.48418734715194,63.72474845312755,asparagus
98,42,103,21.132583094588245,66.05147920868177,6.590653039583198,93.44459310279494,asparagus
106,54,107,15.297009133816134,62.90129923661486,7.074674295914163,72.60042578001784,asparagus
89,48,24,17.278075484945447,57.94655472953191,6.409812449533905,41.20958188118388,mustard
82,41,33,24.040606809509516,54.654449966523785,6.372193170637847,45.646615230023905,mustard
95,36,48,22.822067395022298,49.29873157660914,6.453812351164044,50.43553120473444,mustard
77,52,51,21.316987584632987,52.25883924917047,6.839758158691988,20.0,mustard
81,42,53,22.874582299028376,40.73946518360079,6.32481561990709,90.57240601923108,mustard
72,30,48,19.92724171640551,50.92356222241342,6.272686231306802,63.161639522335605,mustard
90,36,29,20.847833217632395,55.42873476054646,5.6749938737643735,35.88918764356088,mustard
83,29,44,17.175581394165583,47.77344460507618,7.07750258161622,30.825727408382424,mustard
90,37,44,21.424608262202693,54.21902570063693,6.957998309230619,50.78190635357133,mustard
68,34,55,20.642803986255252,46.172096981961204,6.988585581719992,44.16195241492012,mustard
65,38,45,19.032938151491017,45.658076332097586,6.0426087794901875,48.778964232982545,mustard
75,37,47,18.911172586978292,37.388596178465164,7.015476797129712,64.22331417887854,mustard
80,40,39,16.2831013221367,46.700041260108954,6.798654563688825,44.738315508201225,mustard
73,26,31,19.562447984859578,57.65269236537809,6.473420104662306,66.51406602583646,mustard
78,50,36,22.10870565430225,52.126700068951195,7.382997086846763,29.671355915576772,mustard
81,30,51,21.41650787425957,50.772203482723384,6.2050562478314495,62.151547683921116,mustard
71,32,31,11.906915185438786,44.86887704150395,6.368708438360338,40.369268904503585,mustard
110,38,27,24.092703727226876,59.39285439443149,6.379096652677337,47.819183691012796,mustard
77,41,27,22.214669768911207,53.045139362269744,5.853128026573226,71.74134862615472,mustard
77,36,33,18.086532781407797,43.040189606891374,6.719347731042486,60.59217368130409,mustard
85,45,35,19.774460230760813,47.64767051733212,6.689279586541673,41.28264164130013,mustard
74,56,38,20.31753917233185,52.941869313196015,7.198286329071205,43.612437818558014,mustard
69,39,43,23.219261170486874,55.68658287014478,7.308018052282385,67.05165186310747,mustard
84,47,30,21.99385572576969,44.151255585864945,6.921323223901675,43.20306082652935,mustard
72,38,25,23.570127190190487,44.95845538279205,6.280916043145097,45.63553047122234,mustard
82,28,46,20.915645773671965,51.64889317777653,6.945874783722577,78.65375313036688,mustard
74,42,26,19.597112986545838,50.674775274301886,5.804591405485585,61.713237666787045,mustard
67,38,36,24.2206887939046,52.09711070072289,6.600364045771931,20.0,mustard
69,38,36,20.269838863782486,51.41725711563239,6.762027242179055,33.957565526524796,mustard
83,28,49,16.134091013600955,54.402879310166384,6.7657843116131575,43.24562207782815,mustard
67,52,39,21.695719470431023,50.67561035728473,6.658709653319503,48.357320633734986,mustard
82,34,35,22.35450810250587,48.18972536440569,6.302099212630073,32.6210228458949,mustard
80,41,40,17.864595437634293,41.54669739685086,7.120561591861478,62.334666539437954,mustard
70,38,24,18.926313239113917,51.97246735681804,6.99963419651559,41.13270680243859,mustard
88,34,44,20.423752726309402,47.09089913247257,6.76156648095212,40.039279258095426,mustard
76,30,46,16.54010585911336,52.15815970558142,6.548923085687392,33.04733566398908,mustard
77,44,30,21.615916529144744,53.77656835147433,6.865034267690238,56.975810952451155,mustard
85,39,38,19.66572362590134,51.39836147565733,6.732689058186269,58.169325231507926,mustard
75,53,27,19.961605066049557,46.49147226027242,6.585328930690177,59.220898339122094,mustard
86,29,58,19.747612149796897,48.92162699758631,6.540587347079263,71.9197255136013,mustard
72,42,45,20.595855601820357,48.81964486777088,7.264510925546775,35.84958496103161,mustard
85,38,32,20.845045453058248,46.9267142872853,6.494278709662172,43.710365170297045,mustard
61,34,44,22.587835063548106,53.07100377475667,6.761775406307365,28.334269915850083,mustard
84,40,48,20.225168657996985,49.98680922274418,6.1546965019520385,20.0,mustard
73,48,47,17.634692722849792,34.37405818273663,6.81076860070792,57.82936319373653,mustard
75,23,45,21.331106199794448,43.46615528047725,6.453245489208261,20.0,mustard
95,42,29,19.2861178897574,52.12467339791314,6.715983495158436,31.299612524381885,mustard
76,41,30,28.225416531755222,46.94513749510417,6.894910950673839,59.20963872473578,mustard
89,46,36,22.56224789578189,52.81456998024164,6.449748532082472,42.9426298880016,mustard
92,51,43,14.029535273766353,49.433305579649634,5.922360645777949,64.1854945309986,mustard
87,44,28,23.847866561419387,50.58402050179655,6.8224536140720105,48.654702833213875,mustard
55,31,45,16.714179170764268,59.09403029976323,6.297217964342535,70.2470588940933,mustard
74,39,34,18.214052086827262,49.39020434797542,6.803756200804105,43.01640843936467,mustard
84,49,37,20.613811227756077,50.04448551643952,6.892740228500186,59.88645920343139,mustard
100,40,43,19.36713500226245,47.76709263385724,6.993778999692129,49.71921088578887,mustard
91,44,29,21.308020814241022,50.13482537264855,6.241218787238534,50.752021592832214,mustard
84,39,43,16.27860316827631,62.28378562776207,6.292602329909346,69.53567755997622,mustard
81,44,46,21.87600384499327,57.18182812169473,7.163790420325338,46.17798625845877,mustard
81,46,43,20.302907985336923,52.62794116479178,5.790869781001619,47.80758135877233,mustard
101,25,46,15.161052436345233,47.637698685367056,6.573422760866375,62.78289290920205,mustard
80,28,35,21.174755068731685,53.33776406019001,6.41316099912974,73.7245794932976,mustard
85,47,41,24.14121193088546,47.61469629253858,6.163976413687216,57.79337013638642,mustard
86,37,29,19.128054510470523,53.26400500032207,6.176945668235355,37.46819148870101,mustard
81,43,42,21.28628531308298,52.580193467176755,6.814002216318473,39.38787950468086,mustard
92,28,41,17.088610352458897,57.945785773710355,6.3661820457360845,24.98087513993525,mustard
78,35,44,18.641667053459965,48.879754535860876,7.11171721053177,67.57142776936277,mustard
63,61,32,15.35142857994948,55.982571737041795,6.15749841682777,49.89089863035912,mustard
68,43,34,20.15833158962037,53.1410527897455,6.397357616818077,36.89536615743346,mustard
97,38,34,17.90807424095722,48.70506110585947,6.577264164968467,60.64176467628558,mustard
88,34,27,16.544385803939964,44.82067348737888,6.549104866726949,65.25679621624204,mustard
61,48,40,24.357778497043473,48.25537093857871,6.981195587454341,36.361239244435424,mustard
82,50,42,19.19358232518748,49.72753911969034,6.908412950292362,80.33848440185525,mustard
69,51,23,20.0875779854459,52.16664343745345,6.4924578066127525,43.75131463213119,mustard
89,39,33,17.236739386126626,50.496326165414565,6.261585520853603,60.34326791164312,mustard
100,51,50,18.02937284483263,47.841910272905785,5.795336706529639,71.24688116988551,mustard
77,47,39,13.914109322993108,50.14114879513558,6.440030077910699,58.90925557837007,mustard
75,59,51,22.918402198490497,58.79489969430082,6.0442404419966405,35.87917079750051,mustard
92,34,45,21.256987273678753,44.23863480268909,5.971677600764258,60.66483422383954,mustard
83,41,32,23.956798374334237,49.68362418039613,6.3417665726766135,38.950767655673786,mustard
80,33,51,20.957792095315867,57.1976340473862,6.523363851525049,51.33064103542052,mustard
100,47,48,20.77923615870738,45.140211765505036,6.74532658942426,66.05358988404447,mustard
93,37,33,18.358655227453088,43.49941166205604,6.799219013572528,52.813829973863896,mustard
75,32,36,19.66311886224551,44.808004279768994,6.743932228294259,70.68424933197967,mustard
72,37,47,21.038523194936293,47.57401260294302,5.920121205400956,46.621553284130634,mustard
76,45,25,16.854932826837274,57.32721604370212,6.374355403130853,49.36132576927797,mustard
80,33,46,19.615729030479752,54.35428469312062,5.8725306920077225,88.84468663930679,mustard
108,25,40,21.565200896237382,48.3538922938864,6.834818794185358,32.72994042879563,mustard
69,32,42,21.90430229332199,58.688993887531836,6.65217768344579,55.985209665017706,mustard
76,27,44,21.90030639645881,45.48138844642002,6.045132394328148,53.586494501901804,mustard
71,35,39,20.651779798783622,50.474749484905956,6.416050327096844,45.155678911215816,mustard
64,45,36,18.63312578056252,52.91058943303728,6.61154288786607,60.13170377401507,mustard
64,35,27,22.25110523357666,45.78322483624397,6.699791271071304,43.878385427434175,mustard
76,43,32,20.48376952820666,45.35534466776834,6.442852857947215,70.72128800453436,mustard
78,46,51,24.542764118667844,49.041827236083265,6.132478227488927,70.92438267014117,mustard
77,42,42,17.899699729206816,44.97730987643837,5.956344879520821,52.48599022954917,mustard
80,49,41,20.55280407577097,42.8846144040258,5.685130276474273,31.060235513745457,mustard
77,38,25,21.09736288254031,45.730995501100146,5.299064166845968,35.465768784366006,mustard
79,43,40,19.879062180242,43.051124790324316,6.210770324350817,60.72957387562074,mustard
85,39,31,19.98640491899232,43.762916796064886,6.623198863748921,34.31706869884588,mustard
84,54,27,18.57146987158335,54.09639131934297,6.482016746557325,44.51350468264286,mustard
59,21,19,26.561239800909206,55.01279673721926,6.361380496976112,51.3796798813475,sesame
72,29,27,29.69089443041945,55.025718226594314,6.579096485359089,39.58723751282089,sesame
66,37,31,27.66291274084808,49.50056186014963,6.289304527737298,68.66514863380549,sesame
52,24,35,29.71091560202172,44.64374984198141,6.196134051678539,70.60115652179906,sesame
54,33,40,23.795443402211006,54.96732196265355,6.412306228767545,57.78960879966245,sesame
61,26,27,25.664231891774868,46.021926304460685,6.596766019222419,64.25922561300324,sesame
59,26,38,26.707182694397808,50.59332106764884,6.844126929599274,49.44782120093252,sesame
54,38,29,30.830094429804596,46.7993843375116,6.363315867972576,56.503387877426974,sesame
61,33,17,26.453784185883514,49.518822781198864,6.4412831399053605,64.10776909961494,sesame
49,21,31,29.709265706212015,47.622691012835716,6.617560087363318,76.33951372518092,sesame
55,25,24,25.103649701668147,57.40318413398988,7.633584373851533,43.723888805165686,sesame
72,18,35,27.602605424324633,50.17277575118445,6.48480198473592,51.96580732905189,sesame
57,10,18,28.58444898475415,60.45066396193732,5.413824710274164,38.11623093226095,sesame
58,30,33,28.288571875470932,55.12533964786182,6.1968300689132345,54.84523380269383,sesame
65,40,31,27.231063123840052,54.382503226037294,6.37796092471401,72.58000303925193,sesame
39,21,44,21.943843357452337,54.58213809227857,6.465525092811119,74.44096202685346,sesame
77,45,33,29.47498795750216,58.1214644362567,6.851961512828513,79.80230861107702,sesame
64,46,35,26.741045725419795,49.488911971789776,6.197073854580949,70.67689477730912,sesame
80,37,34,28.55696815992216,53.95544371198872,6.589309987734274,69.74725191299966,sesame
73,29,39,26.357806848888686,51.22216358879637,6.146921582406705,64.06853004550351,sesame
64,36,30,27.134776399973795,48.86964973858656,7.067888603186721,61.95216856554053,sesame
63,35,25,25.263584816917785,49.273726832574596,6.477671248826036,64.46446353441516,sesame
53,31,5,27.991786679929934,56.51253789832991,7.074314151540877,50.370722469488285,sesame
68,17,23,30.284080798695822,48.290492153445115,6.607939505627556,52.257285184930325,sesame
49,41,43,29.74693593701092,55.726082626598874,6.25605367452886,44.091604212954394,sesame
62,15,36,30.075800023569577,47.880813165809954,6.735218268152871,63.535202134947255,sesame
54,27,28,29.49345894128543,50.048289996417004,6.183405755681673,81.82486694027362,sesame
60,22,42,26.12047136489189,58.20594183242943,6.251719203710597,74.66663159417662,sesame
54,43,31,24.29016972819989,52.94497736229216,6.689522203953391,68.47888557056017,sesame
68,34,22,25.727170718118582,51.679563269678454,6.178206091277159,73.36561255988092,sesame
58,31,31,26.165181142682275,49.331798233253345,6.65806756742286,38.38031985304198,sesame
55,45,32,26.74079363366555,49.06517063837583,6.791692012591689,50.51407965328844,sesame
70,28,30,27.49868802597921,52.320435480663065,6.166482153596151,46.41164724040888,sesame
52,28,43,28.099709650613537,48.39677100868706,6.3043938889431965,69.93867091304904,sesame
59,31,26,28.63877166021918,47.994747086265384,6.4626974418895875,68.05236144488823,sesame
51,39,17,28.226566005582022,52.156865057212215,6.729052935157754,42.575680371321305,sesame
76,33,25,30.714803715224722,50.15117695062407,6.220420839810763,52.297896883026645,sesame
53,31,23,23.927215686695515,50.77918843307295,6.147214644439863,75.92345621761882,sesame
46,26,22,30.68331644526166,50.218686092331644,7.478813172142687,54.92478016942768,sesame
72,23,22,26.988168858982583,52.37146792845011,6.688299845085096,50.82585496079804,sesame
47,41,43,28.504860037006434,48.16077234890962,6.669270862489595,47.84248824665719,sesame
52,51,33,25.320281352145802,44.50356096101543,5.920577650556944,54.61266467769684,sesame
82,25,37,29.128614930451867,54.572555724719656,6.249467716257791,52.74652166033971,sesame
65,27,24,29.60669101631041,55.886583149191715,6.514618576945566,66.6406348818173,sesame
56,34,17,23.89178669020397,48.74006118890368,6.471395058270638,62.928080879800625,sesame
57,38,34,26.783401554069986,50.672107795494114,6.464639125150101,31.866122982242427,sesame
50,18,13,32.025084030489744,46.09660717983516,6.20094429502741,60.98504150050391,sesame
60,25,21,30.18214879957751,48.97428257704083,7.186092956193769,69.41960282981827,sesame
67,25,19,23.892171336129092,47.61732525355312,6.5491714145505355,65.64825499682311,sesame
52,16,36,29.45348983286862,54.144893367385855,6.787225771424196,81.25290703869565,sesame
49,23,31,25.1005043243501,55.32797057791759,6.684822827374303,76.34905625133715,sesame
60,16,22,24.8509862862607,44.93104358654652,6.159398761827011,53.285538810511326,sesame
62,20,34,32.65445142245227,49.589730026113955,6.9353881426917665,69.90937358366746,sesame
51,29,44,27.43802320037616,44.89825521604843,6.485317859988798,90.82104575077128,sesame
44,18,34,27.055997229364348,54.80560090535484,6.586427304979965,43.45148037503934,sesame
68,34,28,31.181862832832227,49.32803573616675,6.1105430374752165,77.72951342288366,sesame
62,18,31,26.534429436767184,38.69681047316686,6.451062137157719,31.565823904149582,sesame
61,29,35,23.98836517964808,53.33193531236933,5.919356602536655,72.44558111111567,sesame
78,23,26,25.07682020868318,62.9391186601721,6.507720353801982,85.43772601348334,sesame
61,34,28,29.564826157103706,46.30116321738304,6.326054393903096,43.089882791317734,sesame
57,28,40,27.020519198643495,43.864641326311464,6.508107411549105,62.635877361879686,sesame
57,31,18,27.38509448205483,48.12405607237882,6.68021305225082,39.871933297775655,sesame
52,26,36,29.201340572826147,49.98099189254088,6.0546546472738125,61.738404046861724,sesame
64,42,27,29.36477611911394,51.30306828032611,6.19985468908917,44.28092805308559,sesame
77,45,27,25.542468942479488,51.46360918868238,6.314195873184858,81.41503350994412,sesame
35,30,38,26.494514331976486,47.56321417962193,7.092114946872156,62.14701405188332,sesame
44,33,28,33.70487868426874,43.402420261016516,6.285615409906233,75.13255033619852,sesame
48,28,30,26.41321773161959,47.064194567507116,6.356963672286184,38.221944529171466,sesame
52,32,17,23.00584002117629,52.10082215466365,6.203100245733838,51.66559041628542,sesame
63,32,30,29.61544036308609,54.951614107296336,6.355331261409396,56.097638082966,sesame
64,27,37,30.91054986563298,47.01957485480294,6.588117144190373,90.85756138097847,sesame
56,38,33,32.719320825232856,53.15472438400191,7.326367429147594,61.92324231049602,sesame
68,26,41,28.70639313879872,48.3047031708221,6.388590770600671,79.15359714781333,sesame
62,24,35,30.563616574644485,51.633246731047606,6.706826910943684,78.97695936154383,sesame
54,23,25,29.102166221626625,44.947894186483786,5.986241545292572,48.69964225344623,sesame
78,22,11,28.3054545963926,45.91834887746201,6.590604720590807,50.78494733395489,sesame
80,47,29,28.305366778172026,47.669594505253116,7.481584900511428,69.02774110513016,sesame
51,27,21,32.81077380665862,46.493157104516634,6.666994589651575,87.95387769067477,sesame
46,32,34,25.88953211889671,59.598856997918766,6.36852301286516,64.69395230746693,sesame
67,22,25,31.125626095576784,51.26977525461696,6.432892788604012,61.13754415282031,sesame
63,36,34,28.47242622912901,48.53891371492077,6.123571911160702,54.71999122935369,sesame
59,36,23,30.136372754636923,48.67710708704039,6.525296588691744,23.733213357785573,sesame
39,28,32,28.56998630282088,55.338159607160904,6.853017000991852,58.56591464783967,sesame
66,34,26,29.19204303506921,52.13654423323293,6.7336652203926075,41.01902713030313,sesame
81,30,25,28.47489030982493,54.22121518899498,6.818903509719177,49.787357894218616,sesame
69,18,39,31.804337437700834,56.04986159561038,6.3969611514876075,58.15472537280017,sesame
51,35,27,22.538169184872185,57.12540643385488,6.130646100686043,64.24571194786465,sesame
57,36,31,28.604846994184207,61.068921781545285,6.73979557554241,54.358368276724946,sesame
67,47,40,28.010936757570487,43.41643580880956,6.744454609662997,49.12275297565558,sesame
58,26,43,31.963334922177534,56.17634361963005,6.453786522423496,66.73258613533349,sesame
63,16,34,30.856312568251845,44.062112950208856,6.63675275908343,57.29471515181814,sesame
41,24,27,30.502010598529864,44.90653410492056,6.752698332240613,74.43198854609184,sesame
75,29,30,30.850503858143355,43.45915113082156,7.1876771494266585,82.61361414171209,sesame
64,30,33,29.067885982588066,52.26043399005536,6.777114664134763,56.30611979687894,sesame
55,29,35,29.31182631145492,53.656965834626085,6.801788198002108,66.89175985263812,sesame
51,28,18,30.843206113547943,45.414763105250664,6.159243118441156,70.13845923729926,sesame
61,39,45,32.4855192401227,41.7626079826251,6.610282836002539,71.58150856067311,sesame
58,44,31,28.5144958154285,56.0364136258746,5.947444552162567,75.2985496181663,sesame
44,32,34,28.584540680043208,52.77153371114543,7.099207108451112,69.67825918097705,sesame
54,29,30,30.924212972196045,58.445355147892805,6.92595912533828,67.24254840116947,sesame
67,38,34,15.733642719347634,55.4495843429144,7.211753281620658,51.66851016084378,flaxseed
65,30,47,13.645208779342477,42.07804137512938,5.844378173204078,43.81851335527873,flaxseed
69,44,53,16.006877957990756,46.54601088285179,6.830897012572449,54.639615877807664,flaxseed
53,46,44,23.009581813424585,57.15798635797927,6.398779897875593,74.25930062092452,flaxseed
75,42,36,13.832794306561752,62.00659151745046,6.644508179872217,39.904841853842456,flaxseed
41,35,46,20.582123366394057,60.258215839091754,6.36616643607559,65.5811828607992,flaxseed
64,33,37,19.527235151544176,51.273059923074605,6.394821610808971,58.2993658448697,flaxseed
55,35,46,22.16885862609606,61.02608986243867,6.448441024318402,50.5707118708706,flaxseed
63,28,41,20.07804708498889,59.7291660327394,6.535125893513363,47.10814144576319,flaxseed
44,47,25,16.586125994560017,59.40878124265407,6.937153112320216,42.87157431041545,flaxseed
51,34,43,20.652169647610403,53.478110933112596,6.556894377493431,54.95115078208991,flaxseed
68,36,41,18.54129797308858,57.9491870012101,7.466361321915551,54.13749456716213,flaxseed
49,41,31,21.478410872843988,52.248977660074296,7.15338484701618,77.06962761344141,flaxseed
67,22,50,18.56348149921263,60.515800584695825,6.1618595308258275,49.29966407414951,flaxseed
65,33,36,18.17578220617666,50.39718817042667,6.340685150137016,76.29669764694364,flaxseed
68,44,25,16.178841169071095,57.44601144180233,6.035357323465204,30.15127454838359,flaxseed
68,42,34,17.596278419705385,54.161834143504365,6.9924426291990995,54.19050869358888,flaxseed
49,49,37,18.18760349675274,60.88194608414974,5.735510120455859,64.66800516149105,flaxseed
61,36,51,22.383518700766015,59.55006736041472,6.746051551459408,35.10581648670319,flaxseed
40,40,29,14.142015798753434,52.04918994768513,5.7516247454679075,58.886311495429034,flaxseed
56,39,47,19.44333142743014,59.56363022655212,6.078935376660195,38.31506879438673,flaxseed
42,39,34,12.91213096277251,57.04874005462137,6.197308545050676,54.917474464061904,flaxseed
40,36,39,15.679614193553531,64.07705271631178,6.0274588661812105,60.395822979226594,flaxseed
65,33,44,19.571658358327355,57.438518943059435,6.221587173583898,67.34042551491649,flaxseed
61,48,35,17.233093611286588,59.52419107789625,6.916126610505831,35.62542482377606,flaxseed
78,35,43,18.491565558202833,55.70522920246833,6.671044575546679,34.38379285282581,flaxseed
57,43,36,19.437525794295826,47.035209523029536,6.220018441887203,44.073123036157114,flaxseed
71,49,42,18.611218519957138,54.401925901927264,6.629891677218942,56.570606851451856,flaxseed
62,47,34,17.032884229723273,66.66285117932728,6.310501877669109,63.68689312733517,flaxseed
78,48,41,19.940929457217464,49.93093584506674,5.775164024327824,61.34675350116812,flaxseed
80,28,31,17.887075698104788,58.201269514328246,5.172637550405259,49.289888582975294,flaxseed
62,49,27,18.10911556508032,54.42749601568506,6.664578260864874,58.47105834104707,flaxseed
71,37,36,17.87192111171798,52.29172422659933,6.724349831632505,58.23125990115348,flaxseed
67,29,28,17.708947160176727,59.7975362933191,6.807119207394007,43.45918879179748,flaxseed
59,36,39,17.224142512132715,55.583793751168436,6.660637866058457,47.28937644445679,flaxseed
62,38,40,17.471100506809766,50.94540552905384,5.84170688562269,60.68913835972134,flaxseed
57,53,20,18.237403339756753,57.53170506545261,6.528679314924541,51.95975289135401,flaxseed
56,37,40,17.233434347860104,47.64384141814838,6.722921778327559,42.816890975657415,flaxseed
56,49,40,20.265466070863205,58.27410221889889,7.277065624408989,34.9140255713036,flaxseed
71,48,49,21.988595582622473,54.02176814511942,7.170626694748593,38.0221408713966,flaxseed
57,32,36,16.657788321075166,65.5411165266206,6.672119359184212,48.35655481763943,flaxseed
51,31,43,23.890811324234672,60.227612283342424,6.2620544779926846,74.92153871238636,flaxseed
55,48,44,21.09356171749846,60.67923862012477,6.588304675066523,43.147651225648644,flaxseed
55,30,40,15.470005361295842,60.012306085279306,6.671593749895014,70.82694718039858,flaxseed
58,27,40,15.122511193196138,55.627514426623165,6.615554380505578,59.03120100285639,flaxseed
65,42,36,15.532241494335281,61.54369793506841,6.613472436256511,24.31008789029043,flaxseed
46,38,39,16.55280258754887,49.96687086795579,6.038797241392583,46.91193011694037,flaxseed
68,33,40,22.30292615574268,57.07467468376457,6.895598288217587,36.34925646420304,flaxseed
68,48,45,14.36274438823553,57.159186015034,7.2226126262716335,20.0,flaxseed
55,35,33,18.501071814557072,53.29763140997427,6.91814045323738,56.106174315293494,flaxseed
60,32,28,19.331485113094633,46.597980460349675,6.476862770656398,21.508846649071828,flaxseed
44,38,39,18.55339852447198,55.76954781244865,6.692035261292145,47.69039022657305,flaxseed
61,38,34,18.351209914431006,57.702235205413594,7.706026644888583,41.169910421936194,flaxseed
36,37,35,19.328235070546505,60.18868411174224,6.645230502362517,48.79895768888738,flaxseed
54,55,30,18.01583651811378,53.884425197176945,5.888543121383079,56.6750355207766,flaxseed
72,46,28,18.876820751376243,56.1088800622218,6.297483915792566,48.25410519661603,flaxseed
58,38,36,19.16730949839729,44.34629220361283,6.441248955326975,38.84965206877866,flaxseed
64,25,30,17.532564993415598,48.971229169684776,6.815016487585479,59.047311200873764,flaxseed
67,40,51,20.574120638705097,51.85942769420954,6.72031358556555,73.90157169438059,flaxseed
60,41,34,15.006634751863672,65.96914608699447,7.405744982998625,53.10435499898193,flaxseed
63,36,26,18.087721867707312,54.74856215086099,6.046934014713312,45.36391197262806,flaxseed
44,35,31,13.660636458527598,53.771934765286865,7.090540404936552,23.84187126976206,flaxseed
70,32,31,22.1084562849419,54.90134255744338,5.750293536339614,45.771878335798775,flaxseed
54,49,30,19.693570678669502,54.829173703997895,5.896871908137606,20.0,flaxseed
46,51,51,16.367444717400186,51.51356158398021,6.277392814013184,55.27837287886584,flaxseed
45,36,25,21.885941218472425,64.12362758289038,6.995506052396793,56.86405446407155,flaxseed
48,32,38,15.791237636748294,60.3740771725873,6.505664207171124,51.20281925140616,flaxseed
50,50,40,19.98757137783248,54.301151001944866,7.172169419979224,41.11020961342746,flaxseed
51,37,45,21.772008583959646,51.49318254171948,6.703408623253436,58.0432387460546,flaxseed
57,51,52,17.197627907039905,53.688638518141516,6.888480354396672,80.85253179695701,flaxseed
66,54,46,19.87182160473294,57.63102208281146,6.611611276482411,71.15551842783616,flaxseed
57,40,52,16.799258804009202,59.5245536759999,6.8829801996198965,74.29701928636949,flaxseed
55,39,22,18.807741779440843,50.131631012619856,6.845222158076874,39.10822719532296,flaxseed
59,40,27,16.765892138150967,50.05273718597451,6.2896138372879635,36.04768470311958,flaxseed
66,41,43,17.108806019141365,60.47180361800071,5.996556949055317,35.988216266396876,flaxseed
78,50,34,18.160528215189824,51.272462181331925,6.719669612942794,80.00874659894123,flaxseed
67,38,37,16.611688098728337,55.650440328719874,7.3682024164546736,46.46599153986452,flaxseed
62,39,27,17.07175201618534,54.90696600053722,6.7140479024037845,45.94575133293402,flaxseed
58,40,43,20.72080812038346,58.68970416686097,7.034448987539294,51.74224787284992,flaxseed
62,53,42,17.110247038399752,58.17883635304679,6.595435888612842,33.233087080610005,flaxseed
61,34,38,16.500710473731505,62.565235951598154,6.09362974873228,61.98468960420556,flaxseed
61,35,42,19.749421860482986,48.09131443117335,7.400015719739961,56.6327261727877,flaxseed
56,32,35,19.652894432820915,52.477216824762934,6.883019888438297,32.5580127202779,flaxseed
48,37,48,17.319584990147263,57.016011235501004,6.512553416134817,54.066018528141186,flaxseed
71,39,33,20.774157295980938,61.299428583063424,6.837222246758577,38.820759370419474,flaxseed
71,45,39,15.383278597001564,46.74288647625838,7.29398006598262,74.14724096064825,flaxseed
68,59,48,21.817355059007376,54.916585760203716,6.475095442831359,51.69597908549242,flaxseed
64,46,29,18.495453408477772,42.028076417082325,5.431729572322396,51.40881673483075,flaxseed
56,47,49,19.040908306279487,63.742837410150415,6.364690275286378,46.060583433352484,flaxseed
59,36,39,18.91862432947045,47.360320622841726,6.5406813133250425,28.266964251126282,flaxseed
46,40,52,19.71053141721012,60.61380057615068,6.627730477736818,37.72348638124207,flaxseed
55,32,39,21.768733640935036,58.12349774994405,5.970179950044384,48.92626196041353,flaxseed
59,35,46,18.43572554958194,56.15919364008549,6.160287998049014,50.21078979902369,flaxseed
66,36,35,15.169006762266884,56.338398526683896,6.809520131830097,61.92724615178433,flaxseed
57,33,46,19.081016133832048,61.66914781542633,7.076381046601539,20.0,flaxseed
43,16,39,19.76238508139185,54.36749811506223,6.106083713183952,59.82588197577187,flaxseed
55,35,45,14.06561473876245,57.72906396972029,5.821090847080726,36.30355808437484,flaxseed
59,46,32,15.877090051383975,60.485341009129264,6.853981708546002,55.83435219406959,flaxseed
64,47,32,14.997339023040219,58.71000360138007,6.863249101060514,48.210908425287556,flaxseed
70,38,46,15.84718087533619,46.669383767113985,6.349141026789968,65.13429891620352,flaxseed
31,57,39,15.917929138168102,60.432317939355016,6.587703794833519,47.81898565563677,peas
25,55,41,16.197279117171934,58.69973310428638,7.19520334967738,68.95868717548143,peas
12,39,33,12.58889909498399,66.72895467817159,6.491645565700026,71.36832498040039,peas
24,47,32,14.769097720883481,63.79619655671846,7.263451659008525,55.81350018990169,peas
21,60,38,14.981931876378603,63.151319193816185,6.466642536960126,75.98437088424919,peas
25,45,47,13.40957683513023,61.364789453986276,6.53192435114178,43.25946974573565,peas
0,40,37,15.696836647654019,57.24592065226905,6.426251614115923,71.74193706495569,peas
21,55,33,16.58841340972795,60.650754802084236,5.50457261348489,81.13964063948077,peas
25,38,25,17.496235353689784,60.05713886047806,6.682411030926283,58.956405141285764,peas
12,56,34,13.412452433853929,59.67658828410961,6.620351688581932,77.03287789663042,peas
30,55,31,16.42258697623372,58.490734951218954,6.377237959270176,84.45015615838032,peas
17,43,33,12.460528430236089,62.523538389909305,6.605473705405814,66.35720244145148,peas
20,50,47,12.143067055668224,63.90710562091455,6.4969395122950315,73.37871327133183,peas
20,45,33,20.12815360254376,53.78345952187671,6.3609082373448596,48.41771201306325,peas
16,55,41,15.666597408755226,63.08174728749393,6.188799095195103,61.156323586653116,peas
23,64,45,17.14256798790707,54.13266996494354,6.0446087809471605,55.64830104638049,peas
26,40,47,16.275551193368653,64.8521165929758,6.458481918144235,88.82102247081822,peas
10,56,39,12.167252931244882,61.831094975738424,6.087094817011916,72.88178165336295,peas
12,50,29,17.430087597064805,67.70812696431881,6.728201895354407,30.094402635261034,peas
12,58,22,10.70403966284551,63.9100721670151,6.054688911773517,79.18518915282293,peas
23,37,36,16.90224226922717,65.62480720845002,6.17371018040706,75.01123065596751,peas
34,58,42,12.42423307296244,61.124564800237856,6.641445411367896,62.82680768805447,peas
26,56,37,15.418165581972085,60.88189088078151,6.101610749047486,39.925665334934706,peas
22,47,17,17.27064717235653,63.94382659339861,7.782046235970174,56.0202569832295,peas
15,66,49,13.95817334636062,58.329037530860525,6.410865097344162,54.88941823785755,peas
20,48,54,17.04052557944314,61.44091359889261,6.3810964536403985,40.54485453212669,peas
23,60,42,13.64176961876781,54.73355207940793,6.230901471108947,72.8087396935793,peas
15,37,37,12.595927734163395,63.48715632918035,6.348800007869956,70.31199071537537,peas
23,43,31,11.691460641142239,63.53823557019574,6.608128544616373,63.01855158795244,peas
21,50,36,15.66492719985942,62.12107465958695,6.17461663523582,56.70321037729893,peas
9,33,37,14.48576546596877,66.15607659522712,6.69284712589045,34.215608771034326,peas
19,38,26,11.970347918042066,66.16951787705834,6.457517453001847,75.40995441642126,peas
27,44,30,14.4742555561342,56.75060132227995,6.660934133666733,71.66248430771638,peas
9,50,38,16.299419299953367,51.91865325121826,6.5429459230114055,97.66845937264713,peas
12,46,37,16.742910844470753,61.73854406191721,6.436168969418154,37.73552174072458,peas
13,42,40,20.24477341237057,58.92179881437781,6.555745278990753,61.691808312816306,peas
6,40,49,19.481753826949124,64.13363978056093,6.385554028828008,65.03465599041476,peas
35,41,28,17.33896012916104,52.11563622705773,6.602479540875569,75.74044255688827,peas
26,43,30,15.656014417213296,58.55853222670865,6.174572655884338,71.20082160006962,peas
49,57,42,11.069277988727523,56.90623654175908,7.065271493715013,77.93486282012047,peas
27,47,46,13.28561518540629,64.15689501394361,6.282886937982038,40.03923994794651,peas
34,42,39,13.46607642945641,61.510400954220344,7.199499139693517,31.319099230053503,peas
33,51,43,16.836349631855942,60.57821309562143,6.484035549264997,86.7848271483503,peas
22,52,43,17.059487845915793,53.81248166366808,6.6040455170315875,66.10597347509895,peas
30,32,37,16.6122151858143,55.61720080203727,6.357639248225702,70.88915978252597,peas
19,37,43,8.611755699809926,59.348502111820615,6.8760541772733585,51.14182089792122,peas
15,59,50,17.690057162196215,61.315135556244286,6.461306125496161,41.162901110532445,peas
28,49,40,17.073097575719395,62.6795238768939,6.297340910805546,22.987355012933193,peas
27,66,34,14.490971514009301,56.77981639853766,6.108564457324274,46.3568514038106,peas
29,63,53,19.96795041989226,64.89009347123081,6.411833512150426,67.32150231385094,peas
46,58,29,15.110934391951405,54.77569424887288,7.15948736640161,69.41291318059135,peas
18,55,37,12.579925640817702,57.67693734001658,6.929043137780391,76.40769432907496,peas
22,57,23,11.22755284726317,57.3711367789266,6.792493869692473,78.83430275944883,peas
9,52,44,15.283186864039127,55.720636848688294,6.540531587654439,61.22062395564497,peas
21,45,42,20.659572962229394,59.51752722049271,6.683602040701942,50.07846394562128,peas
14,41,41,12.80707232268221,51.514700686812354,6.055014610220862,39.19626258797787,peas
22,51,38,17.32538343059753,52.011279887025154,7.046829471606901,40.51550558104741,peas
21,46,42,11.670139884738834,62.33862959707099,6.624990547150031,66.67474111826999,peas
12,51,38,19.345664211451464,55.4842608024061,6.070554545092202,59.31269841025469,peas
19,58,37,13.695387173949939,56.35071379125464,6.047681445564969,58.97267056017007,peas
15,54,25,10.954634671126566,55.37850041136574,6.8903750816107125,47.863122892680394,peas
10,56,47,19.67769268306756,57.99151126159628,6.440673786655582,79.27645737992485,peas
35,48,42,15.615883346412438,60.6763147724615,6.761886352609431,92.03375473272962,peas
21,49,41,12.49521055956415,62.63292082359235,7.092796450863236,73.30925256224752,peas
17,48,46,14.348364657585348,60.82211138256926,6.774470765663166,45.48931362672633,peas
40,47,38,17.143724139356337,60.0007481628933,6.251426824770438,61.35450036676632,peas
7,37,41,16.34830328625819,53.49417354716124,6.475502420428404,52.67487106051963,peas
29,67,30,12.688392255115893,66.93106061355002,6.795511329687836,74.8804758736595,peas
21,50,41,14.113846349954937,63.249692575329206,5.989710569403898,26.684966468988193,peas
12,50,56,14.82533267974076,65.97081937863668,6.362336629343975,67.74604891601301,peas
33,54,35,18.167393490462725,63.52877886540772,6.788916512138608,53.15536673402441,peas
18,48,44,18.521213545538142,55.68359894871884,6.894859583440894,70.14108676997968,peas
5,42,18,13.208567926663958,58.76500721710227,5.986452245893123,39.23464990723228,peas
23,51,40,17.4845590977383,61.04564586954242,7.083690079994542,60.598081552778304,peas
27,55,42,16.01374697045577,58.12727358914774,6.494931068735484,60.657551934288406,peas
26,43,40,11.462138754205863,59.44982445954651,5.975131777974197,63.0416643969056,peas
23,50,52,12.784099526544678,64.26020004558325,6.437524642461406,50.58549913696083,peas
39,46,47,16.173652075208008,60.8658932870591,6.4257851926640335,51.13382613447381,peas
4,49,31,13.59152482057572,58.30701737401044,6.710169363806818,60.15121446925393,peas
0,49,42,18.308820227699357,65.53790168424611,7.1576428287678056,87.06871689172445,peas
20,48,27,16.20878830655382,62.654498180122374,5.957719304579165,68.5703550742428,peas
14,45,27,11.083245801525566,56.167241894864425,6.500603040516159,47.69786484581453,peas
23,49,49,16.00941945670341,62.61114472630758,6.517633067507534,52.36652748837314,peas
15,62,39,13.779400863563305,60.67460786496652,6.458938875017773,77.88961911410331,peas
14,42,32,15.769731473662741,59.47297363830509,6.65916497534173,41.9581711299308,peas
21,49,46,10.114689516838624,63.1466745763265,6.534304391050782,46.81768605438107,peas
23,50,39,18.15046707452745,58.59745637855212,6.473012517935506,46.96028569218718,peas
3,37,35,18.32682928241277,63.007732046402836,6.4389367437983855,29.379837613188204,peas
21,43,35,19.94724571294605,65.46273882798248,6.610878332004528,71.67556003500782,peas
7,51,41,11.77691438760392,50.18048624080497,6.982216676964871,71.12544560099765,peas
3,34,40,14.628506876712336,64.76106549818935,7.134066509625819,64.27253956464503,peas
16,40,41,19.97681612749199,57.34672522133778,6.25179336234867,57.684981204065124,peas
17,60,40,12.020962022699317,55.907990824876215,6.291213612713977,37.82118788797648,peas
19,61,34,16.629821871180777,54.60717156854139,6.651948698632768,53.847084651000905,peas
34,50,37,12.576832384777438,53.11555913046723,6.177182518740861,63.944191977003705,peas
40,50,31,10.731673381858869,62.58425296674384,6.777027590487672,42.712668293259696,peas
25,50,37,15.944680665549035,54.84824467514396,6.321915134228808,65.55627807031148,peas
21,59,42,8.0,47.31055465760616,6.070329780761584,41.63824418702035,peas
5,44,41,13.114464356147039,70.22332112219863,6.4192083558245345,52.04530748955695,peas
11,53,51,12.028436241355836,57.86697313849988,6.137804183145639,63.879117895070266,peas
91,46,90,27.827067993218932,57.39712581064178,6.495117089049415,75.6239817523894,lemon
82,39,87,28.65468330395097,62.174418866276326,5.949360301096548,69.34930782430355,lemon
102,34,66,23.203142061969245,57.984306508030514,6.3659055561594915,110.53185686902673,lemon
86,37,87,22.821487034648165,63.92414286270418,6.535835615455084,99.189790673496,lemon
105,45,86,25.097788130339396,60.478417981703636,6.009453468754588,81.09652595693036,lemon
107,35,93,21.710910650943745,62.96278278781807,6.467502637383464,120.36239588374332,lemon
116,38,68,27.28048515249368,60.496406994407415,6.3795041507428,73.98063818774594,lemon
100,29,63,27.817458123092994,64.76191152874087,6.126453472152126,108.12577336068162,lemon
102,25,89,31.323724419339793,55.33040117573421,6.1134301848227,92.45517171801187,lemon
93,45,78,27.42086250109617,66.35597767197694,5.960898919472871,111.41772798010828,lemon
112,35,82,24.047129170806524,56.245470921125225,5.857362027175305,107.24968683686802,lemon
95,33,81,23.374876508481478,60.41323916466731,5.550596222778214,83.03729550338124,lemon
94,44,70,25.256654762510873,60.24350910733734,5.793956617445949,90.24473590355386,lemon
106,43,88,22.678978443934454,57.32721359763335,5.91722264926961,108.81304258686619,lemon
93,49,89,24.88469534738947,66.27865607870493,5.482474092354266,109.03069989537597,lemon
105,41,88,25.378840964281444,66.937923480969,5.906100141959747,90.32340742357314,lemon
85,48,73,28.15389124624012,52.44911374789665,6.17496994064475,91.84569618586332,lemon
98,40,79,28.371668161324664,59.764485406750175,5.885329794937566,82.1378655173735,lemon
114,43,79,24.91891703939338,63.29672243084149,6.056465761433703,95.18487287191924,lemon
92,40,74,26.163847163757836,58.980083806570725,5.291370648735965,119.59675845790284,lemon
112,42,88,25.69541114570552,57.25964213390926,5.548402727916283,86.25552868135176,lemon
94,33,81,24.317643334018413,54.88214416326201,4.951755585811634,116.58941702708198,lemon
109,36,93,24.54488574858642,56.97103603830393,6.364868005590967,111.4695245882383,lemon
106,30,71,27.46713211602005,59.83812989360999,6.075705852048767,110.42817675673707,lemon
106,27,67,25.954681270965718,57.99052302167657,5.506805693013737,80.16222599371251,lemon
117,35,90,26.830024634562378,56.97555559356094,5.719687289648666,116.75034383031236,lemon
110,30,72,26.6473074364393,58.378853540373484,5.485857513268138,110.20712812529358,lemon
90,36,80,28.688845194625852,66.46602974379525,5.872040692128274,89.04060507756658,lemon
109,47,103,26.962445563259703,56.24061434864618,5.959756968531963,105.84194388527254,lemon
124,38,86,24.229077289915775,60.54802893411145,6.042727549337762,96.35166832586472,lemon
102,38,85,25.68428007709887,56.02472529036618,6.192274014042309,98.53693982610065,lemon
111,41,72,25.121631956375136,54.360620339928545,5.8473582991824244,82.06396188070131,lemon
95,29,78,25.59460135606822,54.4114969598153,6.073858361150377,117.85463582444268,lemon
100,54,66,27.753574578784782,65.6603928753621,6.384367583424547,89.463367497513,lemon
91,39,70,23.690543527716958,62.706643105451306,5.703674625801037,101.30878517073904,lemon
97,45,77,24.803672204699815,56.69232754044613,5.533601320988194,109.31894226367201,lemon
99,34,78,23.438872898566455,60.45806891058878,6.483396545231913,85.48551530251959,lemon
93,35,78,28.08168332401585,60.46429091393041,4.9927596273800265,83.57715517225115,lemon
87,45,74,22.377310340859164,52.05340210875134,6.046383131383691,83.51120479768556,lemon
89,40,68,27.374257380580513,65.48247884542387,5.8848276116308575,93.21954165985683,lemon
91,52,86,24.5593581699726,60.49040264773614,5.253134451190318,111.15965561455972,lemon
91,54,80,25.114794819279577,49.752721736710924,6.365904379902218,102.36884303358003,lemon
116,45,81,25.770506665447705,60.585839953445905,5.301458927776808,118.26666442877519,lemon
110,36,91,24.652553466542084,62.443324285232066,6.4175654173403105,101.79810349165045,lemon
101,38,88,21.36570313673526,57.10438460178452,5.625495892887395,104.31702228236709,lemon
94,60,86,21.620892195419408,65.61512586514355,6.621559980030466,88.87573694405678,lemon
99,33,78,26.164490184003665,59.36886033936999,5.9197058365821755,101.73731218985064,lemon
93,44,89,22.39203574781382,65.55944442600163,6.0975650764708655,100.3401617650644,lemon
85,36,85,21.0881557818908,59.54049242597807,5.868669997583918,93.98829920320516,lemon
93,42,92,24.083796278495633,67.54871824417711,5.373624403127132,103.4344311129391,lemon
106,56,86,23.89284927913652,57.62563569002951,5.820394920012124,110.8208344934729,lemon
87,46,82,24.202760555104305,72.3173592822121,6.264380781406184,98.06447576248873,lemon
102,36,85,24.728629295003138,68.81224356705918,6.170381016812423,100.47673699755072,lemon
98,47,88,22.615286353195927,58.02751264567395,5.868159122615102,95.52946721345248,lemon
85,43,74,26.81394368463984,71.58563459289931,5.959752581000644,96.7450350313584,lemon
80,52,81,23.27716456106519,56.70655206946117,5.048463102163769,88.02405527232435,lemon
90,45,66,27.017504574200224,58.75735122102596,5.847299949906146,107.9354888121866,lemon
88,39,88,23.1522418235271,60.67107279443341,5.918039067759845,103.01403192567074,lemon
106,30,87,29.676360970778845,52.16564550593936,6.659351752268271,108.40000177855434,lemon
105,44,73,24.911523176251475,56.428382753041696,5.50114848876529,112.04133804515051,lemon
92,54,82,24.558418979449716,54.663052692028025,5.681999725837752,80.24242339283556,lemon
129,49,78,24.521144738448278,54.58673344770197,6.2619464969026755,124.27741496810259,lemon
93,34,100,29.142626935453475,59.61127806148365,5.313272245558558,91.87925928002528,lemon
110,27,88,23.043235249645,62.53409468152478,6.483695253979524,122.09100213878179,lemon
101,47,74,29.69607796876984,55.51131613424942,6.0972885251505495,72.8007091302899,lemon
112,43,69,23.927177092253803,51.01104120594859,5.234004619387123,82.10241834812437,lemon
116,30,79,26.224804537104845,58.298339504986714,5.598570352400428,93.90648329334319,lemon
111,37,84,23.55508233270226,61.37125513919274,5.40654885725815,103.78530937026339,lemon
80,43,85,26.02909388577301,59.83668756902863,5.978611622898863,110.01161842268934,lemon
114,38,81,23.56496708287433,66.36903616363392,6.302641164594964,107.53273614881834,lemon
85,35,67,21.13307429029279,61.74727854501183,6.393228070183779,97.90911922362045,lemon
95,44,81,23.619856462729285,60.571247100824046,6.338170651130708,74.4766562489059,lemon
102,40,73,23.845812882895725,59.78123564331107,6.063953234213691,106.27604332442054,lemon
110,38,71,22.703869703303816,61.87949308141004,6.2629459146364805,94.95721801863803,lemon
105,36,84,25.843780903919292,63.0389956066493,6.317658525536609,110.84316301207579,lemon
107,41,89,28.60669873242444,60.02617376733733,5.394056374335714,116.61214766472362,lemon
91,49,82,27.390595573145355,57.142568174594494,5.644883539133726,101.55384719869195,lemon
110,34,98,24.900009063457972,63.27295361056814,5.651678488440297,97.94181542645036,lemon
96,49,86,25.877437587652675,64.70215568637707,5.524647972464951,120.48387550238442,lemon
100,37,72,21.832268339012245,60.08906067393288,6.066285907140655,96.28956934724131,lemon
99,44,94,24.309907476397335,55.32128072546471,5.761010400678083,100.98373024230132,lemon
97,45,87,22.36388083558609,55.95564820582953,5.532228054055927,106.96849932755181,lemon
97,41,82,23.542943434919323,63.723721080312494,6.617373237025742,106.64274799132157,lemon
102,38,79,19.71793332840941,59.73958246362709,5.161079423489788,115.46896868676359,lemon
104,23,72,30.526440535192837,61.59459507540019,6.7125181118699455,64.88233940117019,lemon
105,38,84,28.518348450772862,61.944392988619555,5.762318601008447,89.20425094566218,lemon
100,24,86,23.728406717265404,59.20085960627113,6.645678484290038,98.8130532190649,lemon
108,39,78,26.523238571215167,54.59132854268034,5.40406752161433,88.81983635290335,lemon
92,28,68,25.799559079605764,51.762149804264894,6.298457525129999,105.18838904200985,lemon
94,41,65,25.14880870459161,58.81914731052686,6.389230556968664,103.52129212084407,lemon
100,44,79,21.491277134603596,60.52326552222066,6.607713936899092,75.79610096920835,lemon
106,38,79,27.754515181395078,60.89686906391577,5.593611918750893,99.75284967028365,lemon
103,37,82,27.34052719784611,53.83423110153793,6.1516370466301575,106.91864436244568,lemon
96,26,89,24.73922173335897,51.539876879594274,6.1779959197472465,86.15683734050799,lemon
99,44,80,24.321500720969915,60.03325642641936,6.271603997706579,106.53328496718136,lemon
92,43,80,25.45449865021095,65.32716466192943,6.0805554311385865,70.20543766866861,lemon
93,45,69,28.296814435361807,59.68600271562769,5.8045795163331375,97.27977599288626,lemon
97,50,83,28.552336258123503,60.887035682130595,6.1834356796340115,100.03473364589875,lemon
100,40,79,27.2767945412109,58.803473830065705,5.976704029114361,97.85687818267522,lemon
90,29,86,28.700867898665713,67.51199618207812,5.803381821327341,95.26995277666352,lemon
87,31,69,27.8482017607341,67.2323738298312,6.515063392544766,109.9597622758618,lime
111,42,82,26.29889847110079,60.507714308026046,5.762941877305201,115.71367559907465,lime
103,45,80,21.883865623303315,67.39452809354854,5.41548407631085,122.31872197091715,lime
97,43,91,27.27777761016676,63.73378515471844,6.473719381433978,112.61611324553148,lime
94,47,79,27.478256005299656,63.85134304604479,6.744621245562866,116.063893203533,lime
104,38,56,21.32130745372758,58.60279899764877,6.218853037549613,127.46329830321343,lime
105,42,79,25.73847538101535,63.5817742695043,6.1688572310194,106.77112194831004,lime
100,35,81,29.07388035697499,69.03012950863787,6.449276071132966,124.16478306716962,lime
90,43,75,24.438267342249777,66.81370220940371,5.684490120048981,123.1717077501578,lime
96,36,74,26.022709000185298,65.12592953149155,6.075563725887803,106.31507285511606,lime
88,36,96,27.610288752484415,65.06569362885713,5.805181016003112,110.36124558758445,lime
95,41,76,26.353142286116267,67.9829692839555,5.911099772342612,105.81620763640649,lime
100,46,82,26.033462913951094,63.39945268572372,5.395576886046792,111.77033599659903,lime
96,31,74,25.20737157261307,64.13935404340273,5.837533607341741,122.02871184983024,lime
92,37,90,22.173642617562493,62.78623949664093,6.540889109157529,131.16937992590613,lime
94,35,84,26.615242036046947,66.55019763073582,6.108848622762902,97.62246364709515,lime
105,45,72,25.6858861581165,66.62119474167045,6.1342755053363565,113.25706477788793,lime
97,41,69,18.820073877826953,68.85650342716707,6.17973748394268,100.7044069976757,lime
117,45,80,23.50376639878192,73.70170957507683,6.214215399929025,112.66310996795272,lime
115,35,65,24.60520404829272,70.2273939787759,6.382926327056968,140.7733820838548,lime
107,55,80,26.288340178868026,68.6570197306891,5.959859226187742,117.57268569135888,lime
100,44,68,27.494303327378063,59.96214643137014,6.014336006411175,125.43819433915955,lime
98,63,82,27.96138372729684,65.12605932778962,5.847403058598741,166.79929148269616,lime
95,41,90,25.97013946864002,58.084041554795064,5.751151478014714,123.16500427113651,lime
101,41,82,24.93789310928186,66.42123111743513,5.7785603063534925,131.75440321411443,lime
107,48,85,28.299063204768895,65.05533410619537,6.308197570688944,113.83046632567076,lime
100,51,93,24.67248830610155,64.25265968416218,5.560500008468364,115.48813820502178,lime
100,37,98,27.0968065534881,66.15605207218563,6.793970429984698,150.19374059959114,lime
103,33,81,25.425158243351778,62.16375671676269,6.257536829859627,125.12864703865526,lime
112,36,84,28.653443280202396,62.134005761741996,5.517623344764453,107.92537522294802,lime
89,25,79,24.3284226727457,60.59740598795696,5.952700430064402,125.22012637704901,lime
82,37,80,28.26647684750681,67.69405035090129,5.753093582090091,109.76323340363835,lime
94,26,75,28.882299299157424,67.91253916288268,5.988138006251683,83.00174981709355,lime
101,43,76,28.21304813291326,60.92610325723162,5.6716584025888475,130.1389585079193,lime
101,48,78,27.75521005100783,61.68575156702329,6.794034845201433,99.99435198298464,lime
96,33,84,23.48453561913942,64.00568185003377,5.849919769749553,119.3249750271342,lime
111,35,79,25.596424345477473,63.253476892155966,5.39988238220224,161.4953949412461,lime
89,44,95,25.939446768537838,74.74267266360167,5.649618816646594,113.78446435285468,lime
98,23,90,27.630166083803246,65.97681879581282,5.173320890733693,126.84674059478785,lime
123,40,82,25.228033819930072,62.50949162513656,6.204327939867428,90.36659002991496,lime
106,50,79,24.92941819375818,68.84276601406356,6.723330015010298,112.85421051006998,lime
103,34,80,27.480721477646004,61.636514609437505,5.848703546884428,143.11264053649137,lime
111,37,80,22.932836023555982,52.62229965359148,6.344610279555403,108.37528956172288,lime
101,52,87,26.84238819141727,66.13147439957737,6.706814602304959,108.38512511146708,lime
81,33,72,25.57551638385195,59.957581141207555,6.199279637989905,137.48428746162622,lime
94,35,75,27.710373937156543,71.55757103414801,6.740744414813939,123.41494386218108,lime
99,46,73,30.179457420015908,67.49126360789694,5.65279737135989,108.221293738505,lime
105,39,99,20.9591884090585,61.77469273265367,5.663709728289483,103.59961338191079,lime
102,34,79,27.796222392853785,61.89462112653928,5.646115825619071,109.75756871805831,lime
111,38,75,27.906272367081158,70.86058746004544,5.636339247364446,139.07889317899247,lime
96,41,73,24.70933719686485,70.71799719677293,6.274390994085498,118.702064092366,lime
104,42,73,26.427087982437236,52.93349543226634,5.692532146675231,108.9225960903721,lime
108,46,82,25.022317364093148,65.16167508531848,6.037887207916933,145.83748300629617,lime
101,42,86,25.42887228428105,70.08397437131192,6.1627474152160575,142.57595805802336,lime
109,46,88,26.78060762386039,71.0310440806468,6.469923197037114,129.29436887271643,lime
100,32,70,24.178308493539863,66.83188995892516,5.860362356226299,133.84174257325782,lime
83,41,73,20.443722653936476,56.38999655491511,5.97250616025628,97.03867621403232,lime
106,43,82,29.40882725482826,75.56351946962432,6.183868326571527,128.26177529964932,lime
85,41,75,26.51560990117911,59.96278971562539,6.205588656576181,114.94493873243358,lime
101,43,70,26.356409109111077,64.60176383976375,5.882920058176964,102.09964342149692,lime
89,40,78,24.192739384691233,72.92525948570871,5.776592550503609,80.27411646661528,lime
103,45,84,25.688932174195916,70.13071593918202,5.63033294871442,94.48645751397643,lime
106,37,72,26.053483405652578,65.77485488533478,6.07957170442957,126.208057762068,lime
107,40,89,26.086184619319226,63.89948412713887,5.781995619628467,99.39582613203619,lime
109,45,71,26.341132075543076,61.187323656069566,6.572904652134093,120.93225041606442,lime
104,38,73,23.988013510198027,69.890936106303,6.608316547447164,106.45390052989484,lime
98,46,62,27.523018241820488,60.1087110395701,6.382804569341953,116.54206398358322,lime
114,46,78,25.45722357324958,71.31216688758181,5.624831750290302,130.65355572742354,lime
95,64,94,25.63490864271832,60.84805322077088,6.4628145365934415,125.21283447231636,lime
99,44,82,26.07433476166315,65.47535050894592,5.952059131430721,143.7350998101221,lime
94,38,95,23.44307467949554,57.52039647651236,5.991435523593724,124.84966512343733,lime
80,31,75,28.222125719446694,69.51390917879448,5.744234867478219,124.35033186410311,lime
105,39,99,28.914534151668406,66.86254215618915,5.721656094363742,126.62721029922537,lime
86,39,76,29.630766243489244,55.63311728075871,5.98711662912799,135.6157939603078,lime
109,41,73,24.04446255335185,65.50245911636364,6.3873195891928125,117.77068620748257,lime
119,26,73,25.55828177408818,68.20730789956394,6.176635155928165,104.49874253413097,lime
105,46,74,27.373736326141692,65.30901970132132,5.933363666977642,135.08735898377432,lime
97,45,68,23.403243320729715,70.25680551190075,5.310162710690657,102.21456546923402,lime
110,40,68,30.858208324075463,73.86198717848816,6.466607249956507,93.0741153751,lime
90,42,68,24.97519871093184,64.64328839404816,5.81410144440358,113.54064171756501,lime
92,30,64,29.017545631918647,53.970750562573386,5.676542795369594,119.54893746459905,lime
110,35,79,23.102502167998697,66.48459548524207,6.295338547585244,126.66064996977668,lime
89,36,79,27.00037626364115,63.86620629320649,6.645819989284952,132.39651771860807,lime
93,40,89,27.22948034568171,64.9452955348356,5.851220756440777,126.66750517918535,lime
113,41,84,28.706976371789946,64.7011950832332,6.227811001101713,152.09830681250688,lime
97,38,73,29.21052216938388,68.86434188201615,5.559244840630993,99.35402054632728,lime
95,39,82,28.723532518132558,65.07743870643264,6.13412080922152,131.33586447639945,lime
84,33,87,26.283121147014167,64.9508583639263,6.233559228173142,120.82902915336777,lime
108,32,86,27.27267092239881,68.80193581913781,5.734803932858569,130.0956661854739,lime
102,26,78,20.743174319433724,55.68641234681177,6.650718317740628,100.94512627580386,lime
92,49,88,23.737261961181797,58.16766435272013,5.937552340207552,102.44377040347037,lime
98,40,86,24.604648539295855,65.79190029332963,6.649378281084676,118.25018899442705,lime
99,47,62,20.714774294435202,64.40522836913527,5.543654935408708,137.71287470226872,lime
95,36,89,24.249802240478733,66.6308823407631,5.770776594554341,110.49477265976937,lime
111,30,82,19.650661362814958,69.04690142100974,6.30273419940185,135.53152985303308,lime
98,40,77,26.101150689111602,58.240289403934696,6.0599015230955295,158.1304767198569,lime
97,46,62,24.644807206449624,61.563652839504606,5.873451290736495,117.31930623027628,lime
109,30,80,25.45908236780595,70.63718944588199,5.855521233214968,117.47288571907787,lime
89,36,85,29.63082142104276,62.511212869807665,6.210919683466924,132.5942250590638,lime
103,38,79,26.536687281617013,63.71463717972521,6.390922430872298,134.99304513607936,lime
118,32,75,26.582752828269296,59.296586572513306,6.159248930134083,112.0961970106123,grapefruit
94,31,74,23.728867527108093,57.24866651750609,5.415083956691488,85.28038899847314,grapefruit
99,36,86,29.822276586531892,59.99744248519186,6.295210616076272,124.15288485939487,grapefruit
93,52,73,23.07592647921358,60.86036135967082,6.052015158968998,117.84431172006867,grapefruit
86,29,77,26.802567926283626,64.30759227664738,6.167391345860456,116.10027134527647,grapefruit
107,47,84,28.846376557708364,66.64597346226063,6.394053612556521,106.775772264983,grapefruit
98,41,81,28.431891855082267,64.73724637068855,5.736263204604948,90.56359060459653,grapefruit
98,31,87,24.788843213201474,69.70760478713439,5.900859430556277,111.41622482137939,grapefruit
102,33,88,23.650919548824774,54.55524224035545,5.881711993056079,108.4843177692211,grapefruit
85,40,75,25.47024218826924,58.773753723368394,6.320823510897334,110.90562324009146,grapefruit
103,51,68,26.665668238852685,72.57780819846352,6.820988694381867,109.15522548970593,grapefruit
106,38,80,27.20173005381792,69.87053550014205,5.853178021390594,102.60874684885646,grapefruit
104,33,66,23.47101763651366,59.363522900370405,5.202798020169886,124.78129154619822,grapefruit
99,43,84,21.0979346242812,70.95282485042014,6.740402329149464,104.87343335113235,grapefruit
117,29,95,24.49336802555782,62.193201201918185,6.031658473996427,121.37664255110121,grapefruit
92,38,86,25.14421586184702,50.53663161366485,6.45591793986462,132.38610129316157,grapefruit
99,30,72,28.50446026995413,64.0441740899867,6.031850361542523,133.52444618919898,grapefruit
109,47,81,28.795340945337855,57.453144110941956,6.263310476156855,139.61183643150267,grapefruit
101,42,83,27.907410308601136,53.34548913575154,5.184078135893924,102.84751337817025,grapefruit
108,43,92,26.197812443385118,59.96130455520912,6.096720656176979,140.4791805749111,grapefruit
89,35,77,26.555197750951294,64.81422141044384,5.607547144377773,110.30834865037922,grapefruit
126,54,77,29.66941004665875,63.612055565677615,6.424699603616652,103.24537630383789,grapefruit
108,40,85,24.514893128581658,63.6987594277879,6.608300655977853,76.62503750672941,grapefruit
110,33,79,27.727811854933186,47.76743240999993,5.658219610412338,79.42235655462461,grapefruit
118,45,92,30.00708617672357,54.87680494058817,7.171377219263272,98.01682454450362,grapefruit
70,33,71,26.107452826265256,63.52129153531479,6.027100016941171,112.45159432957996,grapefruit
91,43,77,25.88451642251911,60.449736213526165,5.526249730860379,95.25986408648512,grapefruit
100,38,76,22.98588899041451,52.67970350833399,5.9131473965349794,101.27070384779614,grapefruit
101,52,61,27.723038276657903,64.12978841386379,6.129960761235792,114.47582140896519,grapefruit
107,41,75,27.482203065914593,58.87971106440855,5.496532242933483,83.40182288532463,grapefruit
92,37,74,26.689363347281265,57.10570387205165,4.747896233305028,120.44250530264082,grapefruit
108,35,80,23.931501016583475,52.385449435718634,5.966680377698254,98.31328140629425,grapefruit
123,29,86,25.212927961671753,52.88219333736032,5.7161379339990575,98.60740922692067,grapefruit
98,43,78,24.189623972869008,57.782061717704806,5.556085244963312,116.43145994464017,grapefruit
104,46,81,25.32552055059489,67.0575779166316,5.77616897094385,92.1380620161512,grapefruit
105,32,74,22.434215580938673,58.63002817897949,6.328823294712434,124.32492934128602,grapefruit
110,51,89,29.945567377119975,66.4925419181374,6.03621937888803,129.73187475204955,grapefruit
110,47,84,24.201203318546753,63.862239872312436,7.082175199988218,101.29173565863026,grapefruit
99,43,80,26.242732673669785,58.08630327957922,6.048356855518775,97.02969914117844,grapefruit
109,38,74,22.722321828687004,52.67565548100735,6.607122273042991,112.1349295253953,grapefruit
106,31,83,27.42867801443944,61.632063725511635,5.743188687561215,74.60260849041623,grapefruit
100,39,89,24.48969126742314,60.43764436699966,6.311215161029931,107.34016859063472,grapefruit
96,40,73,22.118872668487466,61.28876611237075,5.916455622367167,102.48671865707918,grapefruit
126,49,71,24.24135619436755,68.86807557974487,6.271684229129296,104.26639558375916,grapefruit
106,40,82,22.56168362445948,69.02055817104008,6.05821429273344,111.78565719884196,grapefruit
96,48,65,26.556894720262594,58.84672363677687,6.7219323676018785,102.0025659836805,grapefruit
93,47,79,21.215151328258184,63.98899345024025,6.0786249113403805,95.63111483824092,grapefruit
99,35,85,25.14907393705515,60.299103288805966,6.6804903425518605,111.72315508904367,grapefruit
91,38,79,28.564224740479876,58.31848185588326,6.320005399270994,111.03797965638586,grapefruit
86,40,79,26.37001730984429,67.76783245096652,5.875238193406857,67.62206213295582,grapefruit
95,52,91,27.225290679367962,56.166284425107676,6.824290071582262,113.21401836056667,grapefruit
107,40,82,25.35956119261574,70.63150593172116,5.629469423429783,112.88432290566747,grapefruit
107,32,76,28.013049255160894,59.74626433538661,5.589950672502562,124.0762846542362,grapefruit
106,48,81,21.245107773188895,64.58431223216768,6.43595981785609,76.34062265400237,grapefruit
94,63,83,23.793176842807313,57.30805738093183,5.769459340071073,118.89549612488693,grapefruit
107,35,78,28.80131731777832,61.44053195154099,5.927262788868479,124.59523524042216,grapefruit
107,45,74,26.594363411085045,54.20488367638043,5.7851596537275904,101.50104575599647,grapefruit
93,30,93,26.617088198748377,64.42974439016751,5.4285089586366375,107.29858089732991,grapefruit
94,42,74,26.416213242405327,59.184535229850894,6.4427922899332675,107.50770735828893,grapefruit
108,46,88,18.951510769171932,72.527130324876,6.528231021877061,106.7710066865099,grapefruit
86,45,87,23.395649543745417,55.485503464519816,5.5177983745224735,104.64791950090293,grapefruit
107,52,89,25.538372707833783,61.29352796572763,5.835640644630771,116.56431375572443,grapefruit
88,42,88,26.898481857710042,63.59253576004956,5.746897392318847,114.83436630510373,grapefruit
100,42,83,26.772468015297815,65.67174761436085,4.898397489325477,102.59065281394291,grapefruit
93,43,85,22.098678095145527,56.640500017069805,5.650695029806258,130.74413389479224,grapefruit
101,44,70,23.376766491741886,55.50460176365666,6.0474663767992585,101.97262217217823,grapefruit
112,46,86,27.738799980527368,60.99865305458898,6.4276392635189605,98.67659752043207,grapefruit
92,51,75,27.18719312116078,57.34823907174586,5.258239756201334,85.97513705939373,grapefruit
90,23,89,22.17503604070079,53.11532083024619,6.221290170154717,115.9292204718607,grapefruit
86,37,68,24.610760671657005,60.94974612925013,6.420829589404881,130.92539578871273,grapefruit
86,44,83,22.081682328477548,60.26000570690893,5.746200709175883,108.7739198875635,grapefruit
101,28,82,18.028178386671527,55.62015887219181,5.7372922517671485,117.49210936767345,grapefruit
112,35,84,22.758732300184143,66.1678142660239,6.2343749719487365,102.02606703806065,grapefruit
99,47,71,21.187322768596196,57.82401343550803,5.919076386276626,90.1875612893962,grapefruit
90,42,73,23.62819911424517,58.095467858074855,6.172883317125507,112.56450938009532,grapefruit
78,51,63,25.58491574984633,55.28128281913462,6.505555851663619,113.68386651529514,grapefruit
103,37,70,25.163180350643238,60.32905928740467,5.353027249884116,97.62630522643778,grapefruit
101,32,85,24.076154920817935,60.85646995600475,6.10642897271832,74.7598436355648,grapefruit
98,42,81,25.839822686153433,64.35930768068505,5.831595420365354,107.98994506515064,grapefruit
129,46,82,23.088574610479057,60.08780572864362,5.9801710180586625,107.99992672116694,grapefruit
97,47,74,28.74314818317159,55.48878282152902,6.264493536257145,89.59675798541289,grapefruit
116,48,83,24.59279007725154,55.315249279246935,5.8871395214698845,117.98209026994311,grapefruit
90,51,81,30.945550437609114,67.53404596179745,5.951509606128176,123.66618201457985,grapefruit
94,53,86,24.172870696354,57.44939548443487,6.4934660510805475,73.62398045608481,grapefruit
121,43,84,23.510816031091778,66.88295602637997,5.939050521409243,101.89656786108895,grapefruit
104,44,84,25.219696164168603,55.06792216393399,6.048238243665269,120.44129317281507,grapefruit
115,28,78,22.855851204884363,57.896949286483505,5.87119249039293,115.8132319056673,grapefruit
95,45,71,23.660018467042242,70.83755872711149,5.45309705043404,112.80271090504849,grapefruit
95,44,86,28.912412401002975,56.06911096081811,5.975583904870926,121.6392355119785,grapefruit
86,28,79,24.95402243814917,51.61158387091652,5.586356962358187,127.07041433987843,grapefruit
113,42,82,27.13743013605273,61.218261630220226,6.136608192486562,94.90712661458134,grapefruit
87,36,79,26.88375563735945,65.97159889959575,6.3055965195131805,99.01312131276472,grapefruit
104,31,71,24.667406006013238,56.11074197448433,6.37580373106214,139.8135698060615,grapefruit
99,48,86,25.023530897446864,59.054306539499066,6.43425093455976,104.32223862787232,grapefruit
107,50,85,21.19498659382118,70.00358557450747,6.418310804675151,128.76859943288903,grapefruit
96,40,67,28.930548968415884,62.04841558836487,6.128046217468173,103.41595422536085,grapefruit
88,38,89,26.401802269594324,59.2505041637679,6.401948993741404,98.98139497843606,grapefruit
113,35,79,22.248838588884933,65.36987486348579,5.988078593538914,102.36654036016155,grapefruit
80,37,79,26.16531800655242,54.61950516338378,5.571656608652371,98.41106367896083,grapefruit
87,40,71,24.07767253320517,58.882120835039274,7.208257132383707,103.84753796002832,grapefruit
95,47,106,19.946226363272658,56.660740401083046,6.426229982434084,80.29813319192351,peach
73,45,116,22.683890321975696,57.659778626451455,6.24227324425615,60.404193486652744,peach
70,49,103,19.406042130684583,60.26370374785404,6.917437095477648,84.9513838116736,peach
85,66,99,21.150450298422573,51.28559988202438,6.369261462996898,76.76079186728576,peach
65,38,85,16.277169619660153,63.33182438735292,6.774986015958048,79.61303398716612,peach
68,38,98,19.173263908923282,67.8059706526004,6.7876028506567625,83.49084600614515,peach
89,41,100,21.41999449869179,63.120008351277846,6.340056522576079,82.86636251780438,peach
72,47,105,17.97285621589209,62.896334795616966,7.3046028779807415,88.82437107679938,peach
88,47,105,20.23853599487646,67.91728824699155,6.740221896369892,70.22297178344195,peach
71,35,104,20.933010568525123,70.78919851438074,6.760485109721004,64.18177623811837,peach
71,50,98,17.156774515556258,64.49579746608852,6.83428346560186,88.78999010399505,peach
87,39,106,21.414418770512796,66.50135828986325,6.918779518039422,70.83904104586479,peach
91,49,97,21.335846908397365,60.527756301278096,6.91088766813745,70.86567988933685,peach
92,34,106,21.212822270372993,59.87429213381038,6.680067400141097,103.35545816485147,peach
81,38,113,19.371177072454213,59.67395263968564,6.747227739243904,77.22431482719294,peach
78,47,104,14.016205865676557,55.255476463433276,6.129884247510539,57.65626341184271,peach
75,46,106,23.205548051587332,55.64859995481892,6.3973051247442045,82.92092193134994,peach
77,29,98,19.074399006978958,55.904500640676154,6.424390320948458,87.50264025114032,peach
68,55,98,20.220458432475684,63.887445368354086,6.823383000721196,78.02267431139117,peach
71,38,102,19.901299190211997,58.94673378983504,6.81630062649404,61.975924908787434,peach
90,21,95,18.245280194617298,57.02834193221523,6.2290915615625995,91.88757889506115,peach
85,42,93,21.21645777998237,62.71585025553527,5.704603614877767,58.33796056100671,peach
74,43,107,18.3409095825224,68.2860719597515,6.869538612616522,99.45032794630315,peach
80,35,94,18.86085474844233,53.418198139863534,6.718281226860888,110.641730359597,peach
70,40,91,18.786157112600023,67.12338592485783,6.645465065910058,69.69423422914372,peach
84,36,104,22.838471564803513,57.81780400389476,6.859069216090357,86.28861221479818,peach
92,57,95,22.71929549753787,51.25365664595257,6.463447691243893,65.09407012329613,peach
75,38,90,21.299575456884437,58.87832713974264,7.156532512259293,79.14557149786651,peach
70,34,104,23.607961902829807,59.178053742665455,6.882570942465745,100.24646050295512,peach
58,34,91,19.481336559409666,50.82662129117102,6.699839962507986,83.91011689356218,peach
56,28,100,16.47466721428722,69.2361192187954,5.842282133074743,76.30256880822773,peach
83,46,96,20.460164956022457,62.15606559031219,6.672009802204462,77.05664521080074,peach
83,39,93,22.211653900857904,63.427495616042,6.681014712277999,70.47836926959116,peach
95,50,106,24.91032829183719,54.86760892113135,7.028733468900217,97.72197279979304,peach
93,41,102,16.532609923325076,60.49181373224467,6.217584898256142,88.97773693288327,peach
83,55,100,25.303673481882676,61.0246914259872,6.352614364390413,52.053014637959095,peach
80,45,85,21.192201029775276,68.39353786950404,6.825193463904178,97.16566502144492,peach
88,35,101,16.72212095419553,66.47260279683138,6.5876160871289136,68.18078975495979,peach
73,41,97,22.08315545082026,69.03403275578994,6.556275885845458,99.22242913252934,peach
82,39,110,21.1144740413252,57.34836011911519,5.907606468573183,88.58907169879905,peach
77,40,91,21.13002716512827,65.68150964134877,5.483511018304604,84.1432344744014,peach
72,33,91,19.841720777284653,56.76286742807118,6.287443174374295,105.7536741369849,peach
92,32,94,26.232931295853703,53.59580450004287,6.776762405042521,83.02204127061538,peach
76,47,112,17.610159889444915,61.42330826656969,6.6507395257408986,68.01400554311674,peach
96,37,101,20.67850178126787,56.57257325809325,6.384945487397411,60.7212298382256,peach
81,29,99,22.093592140986157,58.64898931992979,6.598111703745288,93.83549289616894,peach
92,32,93,23.08555179706522,52.82551709416268,6.642502547606056,92.91303978910545,peach
95,41,118,21.7167047280738,55.491458442229536,6.402978797334049,70.21031806754795,peach
66,46,103,20.131883858813943,59.502377944229,6.442223818941139,83.19962662423464,peach
101,38,103,20.986264936070924,63.99665704160181,6.2037623013599275,60.1531288701872,peach
89,37,101,24.653735986300884,59.340159428170814,6.961465839903523,60.380844449767565,peach
84,48,97,18.49302843838541,52.59491390678622,6.037784073582169,60.045433949895,peach
76,47,95,22.35574970140558,60.723021952366935,6.430052804844191,97.74252256749695,peach
88,48,106,23.783552632222474,54.07283885071598,6.74251063376343,78.30024108333139,peach
81,50,102,15.865075709923762,53.71789004836229,6.3624434248023105,92.67837545996258,peach
97,29,115,19.697221311486842,54.2448774430113,6.106093646416089,73.01396802769372,peach
75,35,98,20.50646137726894,63.25278784245143,5.755625887336043,73.53589313565469,peach
79,45,106,23.167149782497102,57.26975196432734,7.567378180755133,75.75038351308775,peach
82,42,97,19.87022333209034,60.235049568818546,7.427241038523269,78.25229344606076,peach
70,43,113,17.794106458112694,60.89886201986662,5.999349684352003,80.28493171155284,peach
78,40,92,15.866545995367424,55.20823372075158,5.905796902248118,58.467745576116776,peach
74,43,99,20.135481698221714,61.98428337307185,5.837302216590658,73.37378057497754,peach
69,45,100,19.927518485157346,61.13728488505283,6.248707323934284,79.56119694222369,peach
78,14,106,23.38722703402639,56.07127958181397,5.980139135497453,82.4837626874663,peach
72,35,100,20.60896181862656,63.422937716022595,6.506015414663962,67.9448615469119,peach
75,42,104,19.991309569587486,65.34197104933024,7.281725180374985,75.4174243374206,peach
73,33,110,22.64663398065207,69.8668147578368,6.849652043276048,68.30479728943418,peach
72,31,91,19.997092285844765,60.421002574040195,5.670632577229069,107.51759608408574,peach
70,45,100,21.907627644625972,53.91076971909246,6.333848732890248,71.49320015103036,peach
77,44,100,20.89422710529733,59.544539664276364,6.563241684057763,37.42957386850514,peach
75,51,93,20.400508444218246,59.285792981643034,6.447642286169828,60.72860439575985,peach
76,48,105,19.532974643261376,58.64875445986584,6.078101808458096,81.39267355033964,peach
67,38,105,22.747520637103406,58.756940417762834,7.244975867243023,70.97209995750906,peach
79,38,112,16.380070741061015,59.44738092973934,5.741063116525428,69.13846300822564,peach
72,47,93,19.95117939738584,55.757237637157026,6.5004346069379455,68.44309634753095,peach
64,28,90,12.702711159693724,64.34087647788745,6.8346335856405025,83.51148726096943,peach
97,42,94,19.38731867432838,62.97020282829499,6.536623650486907,84.8597544269131,peach
91,43,101,14.132481452923358,56.33134972019028,6.0696516996721845,116.33320218301557,peach
79,34,86,20.956288729916672,60.2710271716826,6.5273308375534835,86.05247378258355,peach
55,50,104,23.252275289060996,67.74909825716124,6.8551551843529595,66.33917534117217,peach
62,32,93,19.99100267669043,60.64934999391528,5.914937379738371,77.90740459933392,peach
75,49,95,18.042829349457442,58.572476412706365,6.7309961766574,82.28593637620767,peach
84,34,99,20.57065327791415,59.7481212307253,6.545281678659515,71.01689371566026,peach
81,23,108,21.925734120453146,75.5293109195717,7.160799895657066,110.29113849928144,peach
81,40,102,22.05331962348579,53.81747280581202,5.629949900222027,74.44905310419107,peach
87,31,98,24.414876277948874,59.92682503036046,6.912137891713555,82.72162751069658,peach
92,49,96,14.415904867729038,62.97907838577527,6.132413613923975,67.37292727439245,peach
82,38,111,18.863163534154978,56.737291121446,6.434153120694274,85.76669084273698,peach
74,50,95,18.597378422981944,52.625353193689804,6.834853625992371,73.33944026829349,peach
71,32,99,18.322215809170707,61.080851283370585,6.203532881225465,88.717918960902,peach
93,49,89,16.33161199260841,65.05350235292929,6.013455796678939,68.52462610309493,peach
62,47,97,17.951094981648907,62.504544433133056,6.472798808867681,64.01832193581974,peach
82,48,101,23.904127375252955,56.30872583105532,5.24312086386054,90.62064663963315,peach
74,34,110,20.56873671415774,58.12435496949521,7.046205458382694,93.08881818520847,peach
97,27,96,17.244775279374466,54.54438008673553,7.127228523442006,88.33059495957917,peach
80,40,107,13.429891465005767,53.19749771281698,6.1611992961626125,77.40368821038533,peach
76,48,79,19.76662195598791,64.53692020348059,6.361484196171237,86.5612798193736,peach
95,43,103,17.586684272924433,51.93471709234346,6.440118436222528,65.32069674970944,peach
78,39,98,24.51872282797896,60.07180649609582,6.921573980873593,86.16974071089699,peach
80,33,92,20.67179348140984,60.77634027110927,6.417353892468164,92.10817790857121,peach
86,43,95,15.731149365616146,67.81344768363374,5.594281755406359,90.76796225220149,plum
82,52,93,15.13654446568882,70.05680776195693,5.244605245291535,95.22818365588074,plum
74,37,83,17.92252762776393,60.1878398504459,5.49075673510211,80.00474435052966,plum
82,47,94,17.766022077286447,65.25015780268868,5.805380635405943,88.52829399953355,plum
87,36,105,18.506137121307315,63.43897428490653,6.123955312996434,76.67782177340995,plum
79,47,105,17.35257309396429,59.69570652026509,5.957485585159723,89.39971058035384,plum
95,44,81,15.420783260495739,66.5213186854912,5.937428543920378,77.85654475255853,plum
72,36,104,20.134861163782116,67.88219048975806,6.125614701944449,69.54635315296217,plum
70,39,92,16.11086823276986,69.19158153583089,5.992426563996435,100.85859695525644,plum
54,43,111,17.657283322722282,63.48526641397288,6.086358476071972,93.88655850631955,plum
83,51,103,16.6585983883396,71.62019588492844,6.294242311642688,83.9685367372639,plum
68,52,92,13.728413927508754,64.30977573539947,6.1129591495210684,75.42989646641372,plum
72,26,99,17.759392061447315,66.49981547309483,6.8826946005334655,73.68891219450654,plum
72,26,104,15.106496888200581,65.57079758606314,6.0553955343891,78.0445566962654,plum
66,27,103,17.742735509827963,71.43601198525779,6.670901513565246,82.29750769213334,plum
77,47,97,18.487579256808512,67.28096202347595,5.759444421054648,95.47738423452654,plum
84,52,113,15.568768945171035,56.88670030999088,6.059242937473204,72.49800863789049,plum
76,32,126,19.571012370876055,64.4363726290463,6.902975926191571,97.55722512658284,plum
78,39,109,17.571494772820582,61.13774453916098,5.2967682621097785,90.05803033108901,plum
86,47,93,18.063956378155773,58.11374893657349,6.287396720851914,71.91152294177775,plum
73,48,101,11.939241467836702,64.68141050726325,5.826526830959819,84.11394373129487,plum
86,38,92,12.820920280036736,64.46727784027293,6.255837747939719,71.83486282326253,plum
77,35,107,16.56544504452422,64.54088211221207,5.772160007012229,72.10703693405235,plum
86,37,111,16.30849989916194,61.97310754905378,5.917423976007162,99.55600965451609,plum
79,53,88,16.744689586585732,61.00111875691368,5.3722510780142745,60.98622019965913,plum
78,47,106,20.366536873972798,66.2386054046506,5.950962925792032,69.36197178673385,plum
67,49,108,15.442563330953783,63.117637940471916,6.118565093368255,98.48167445659021,plum
77,55,105,20.07610246263542,65.15156856011595,6.193850678953697,113.4305886408412,plum
86,39,94,17.93256516997109,73.48643845423199,5.964022614830153,75.52364861424068,plum
77,50,97,18.045651792585115,67.93585878705929,5.868328332168506,91.04744217591767,plum
71,42,98,14.601195987906317,64.72016572385587,6.481709533749079,83.42482874774706,plum
84,40,101,15.407267101564562,65.66392145391598,6.011636041296476,89.54965265939681,plum
75,38,92,14.030474790973196,68.17647322122276,5.5597108109059885,89.58779719963765,plum
82,48,99,17.22616762622299,73.58589815158253,6.43435137067916,71.33432795507312,plum
70,46,107,15.135155403219645,64.66177626998136,6.120342733583417,87.17763235086268,plum
77,45,101,21.13315465866339,63.90399000522566,5.4081613015023615,69.99431352446891,plum
58,37,89,17.962501119962816,58.68828803593035,6.001222869036257,90.52763441037247,plum
80,20,120,13.883836524226577,68.6418648677877,5.469132598646785,70.85031137505435,plum
60,29,86,18.742713300148836,72.85459621056292,6.19648176610924,86.48540003524074,plum
80,31,98,20.88435926048323,58.43887863321794,5.991793229428912,82.10724953945872,plum
89,40,97,16.107318911118984,66.37522489356552,5.893342047151575,86.16723871624833,plum
106,34,105,18.640293627003608,60.679366305891634,6.014423443564729,70.46090032560802,plum
87,36,100,20.567788153783106,56.276202946672356,6.189371661415483,78.6414584783764,plum
62,36,97,18.26412951644699,69.6416663122829,5.88145385548979,84.26769416816894,plum
92,37,105,18.672365276069183,67.85879970842144,6.193282703330005,58.7008783019161,plum
73,35,112,18.44762196047974,65.1112747841862,6.319746837001001,80.7228749218614,plum
83,42,89,13.327198169560083,63.68887511114612,6.276897248596592,73.29145311836082,plum
77,36,93,17.430224653092946,67.78975827224545,6.289017107565246,77.03793504185836,plum
82,34,92,21.2524434838437,62.28760388689417,6.147026693227021,99.20076286957543,plum
98,48,94,19.996665331150297,57.55119244350193,6.032783956432001,83.48933693792013,plum
69,37,99,21.706581481196917,62.47722568676345,6.4588591998555085,77.37749981009738,plum
74,37,105,20.064465249022437,61.58577298292668,6.5835489795307405,68.79397426948846,plum
101,33,87,16.17714419943284,60.7519859484883,6.395368094146501,81.02770112559314,plum
81,49,98,17.54267478475724,60.99906786393272,6.291956309795399,86.05076677111244,plum
81,38,98,17.401881232186874,63.74506173681383,6.848713049550067,101.18503748138862,plum
75,40,96,19.005826789176844,55.183343387872235,6.277005967899423,65.45503043036962,plum
81,34,108,23.235093523676255,69.77450456528994,5.790800969787007,91.33476982985103,plum
84,47,98,15.652475571642707,59.25769504380309,6.231911142861474,68.21880818198987,plum
77,50,85,19.20772793252773,69.64178595007166,6.309278827926663,66.25343703564705,plum
80,41,105,20.1132732089278,63.92095630969285,5.744960506178583,90.65296249177538,plum
65,38,95,12.896870128771965,61.1956862947048,5.696160112511281,106.60775924932847,plum
57,24,84,17.009252554157268,69.23981069802655,5.851396284315159,90.68908213579124,plum
76,48,83,18.960672382658316,67.67601425534127,5.258117414412482,65.20228930300705,plum
83,49,94,16.126531513215408,74.32532751617653,5.732045607222766,79.53587500799907,plum
76,42,97,17.765103469560817,66.46211046122677,5.755358897206417,72.33461147579752,plum
92,37,104,15.63574837760441,66.44028199917523,5.711775559817798,66.7705992033363,plum
75,42,106,23.080888562498433,63.18231995161324,5.566237703287001,69.43155860014137,plum
104,29,97,19.168026792554084,62.431316970831816,5.670059600804486,74.72495420327583,plum
72,54,108,21.831493888172318,63.0935431840068,5.93280830360336,67.26720233227898,plum
71,36,99,19.560673318611585,67.53871895581088,5.9691414810560115,86.39401290640961,plum
95,38,98,18.981497139765057,67.19191026983187,5.628662935713548,90.8569577032864,plum
74,36,100,18.536005922851174,71.81897404748655,6.173602617816535,82.1734461796652,plum
81,51,119,21.47886585120817,62.71223483969587,5.666026513573233,77.37226428922148,plum
80,52,107,20.881172865435314,57.76636611235353,5.251229377574673,70.49012920989087,plum
79,31,99,20.784820051053135,74.26979365549366,6.428948470408785,95.64862910163772,plum
70,50,91,20.7814389900197,65.53058488618979,5.520366964544425,81.97599857965446,plum
83,30,107,17.452184791585577,70.04062211163162,5.867664863985527,91.08209501230078,plum
83,29,100,16.726031051104957,73.90763406664107,6.057377416716481,69.13103122429679,plum
53,45,98,14.464206206320497,69.01387008213096,5.950441350644101,100.30812320815312,plum
97,41,105,18.265991212389135,62.657000503918574,6.124350327760757,94.19275150076359,plum
88,44,94,13.049147266639757,61.719439588434255,6.504989501866678,78.16262119760717,plum
66,35,94,18.5047195575769,57.494324610891404,6.191927548955135,78.37634377376278,plum
79,39,100,18.566311635096888,62.29062730003266,5.663174266095043,60.54760690888894,plum
78,31,89,15.43719665078058,62.694011120637,5.931802741772198,52.08185748960234,plum
65,34,88,17.7927072283235,67.67692089365387,6.167716258841386,55.111644972271876,plum
74,42,113,15.133738735891779,60.330522409619775,5.941278949958694,80.46771603607527,plum
78,46,115,19.6647514366076,59.31599778593417,5.816073040627398,86.33959156047638,plum
64,25,97,18.20337273069719,69.12032115455295,5.982731150164198,90.21539538264473,plum
78,50,102,15.190268240846187,56.80153595658642,5.727511631401035,80.92719012437796,plum
91,30,113,22.87223589245737,59.31368311217513,5.710246276420662,96.40627425165205,plum
73,51,101,15.535307332169932,55.73985161226999,6.4875591056188275,99.64430209456383,plum
83,40,106,17.595217937521586,64.82176401555887,5.870587243776508,87.44775884151247,plum
89,28,97,22.48172435575489,50.948203373648,6.374715215737179,76.69617520271589,plum
80,34,80,19.40503011332212,59.82947233538444,6.041503921642647,117.18630738729146,plum
68,32,94,17.000536298618467,62.986111096316364,5.095197012992445,66.73116119589749,plum
66,34,86,16.84915484871412,73.31334409531084,6.487286594537879,89.0534786440531,plum
68,37,102,20.555828781805545,56.043735948987496,6.686609598551456,94.15332917774454,plum
75,40,94,18.356848647390834,60.87371721528664,5.772399047873753,60.287579981029644,plum
89,44,100,21.840251819450717,60.24545083282543,6.530331888460576,76.84616133859984,plum
81,34,96,25.988008342062745,65.19897143964629,6.453887861498944,100.49522795404891,plum
65,36,104,19.785143452640444,60.495808265922676,6.561022954556966,76.97220960019628,cherry
77,37,102,10.41902009420448,69.00063765362142,7.351084262023384,92.7947958243343,cherry
79,40,106,14.892001295447963,57.0484230548845,6.430600821150455,102.59490023750266,cherry
76,41,114,20.831472157102894,56.05455033481115,6.539863130929767,91.19402640980859,cherry
66,46,101,15.509591210093186,71.86720796269691,7.486168297083601,72.8880565134,cherry
90,52,101,20.212826560567223,59.217623798791585,6.323309803001219,85.7406159233077,cherry
78,22,97,20.715846430107156,59.03875093376106,6.156831161275696,82.13741372571485,cherry
74,49,88,20.24714509788489,59.37071133988631,6.473211745505968,82.96467201988725,cherry
73,59,93,16.033087568993736,56.808234737858356,6.0996008812064115,61.49336536621122,cherry
73,48,97,18.57253969022858,53.793803117582655,6.511076811402209,79.98090739041083,cherry
73,17,93,18.821203824044876,54.818541516940854,6.400857729426812,94.8018870119972,cherry
79,33,104,22.417893125088636,58.71805588321765,7.063083781479671,78.32193210000077,cherry
79,40,96,21.031522212651005,55.412980170631975,6.826322374121355,67.27507928455557,cherry
75,40,102,15.397147670995498,58.468794220573834,6.6572230647634685,67.09007652408361,cherry
97,28,98,19.82662339137233,60.18029827098869,6.460376221447785,74.26502368394775,cherry
95,48,104,17.59082483831682,65.84518726948738,6.670393646503697,86.25917950968001,cherry
76,42,97,13.50576581254742,66.83324303565753,6.530267417003175,80.49218734497444,cherry
65,49,100,21.90873794726294,53.16993142876687,6.781709983194118,69.32184125174189,cherry
79,35,105,16.795392818643364,58.620129359545814,5.65449694466432,103.48930191662836,cherry
75,29,103,18.943409445623903,57.18128187588118,6.0971619387529845,91.30867579641053,cherry
71,32,103,16.06356935318304,55.06398004813788,6.57086047347936,75.9942174982145,cherry
73,39,98,17.48852551095271,59.01213775395742,6.536508332106587,93.94857227292377,cherry
70,36,98,18.389620783324467,64.23294968495733,6.655031059719833,82.11537160466291,cherry
70,24,92,18.761565669809574,66.58246022359182,6.903153823499779,74.39923030396315,cherry
78,56,106,17.86359686271285,67.05352187179054,6.787694316247835,58.65965392663405,cherry
84,48,105,18.919425199881022,57.56718524037642,7.22135077333968,80.12618316777774,cherry
75,36,110,19.371248225105337,62.35645354925751,6.186945800601297,65.27235116374752,cherry
84,43,102,17.272808969021092,68.67522548126824,6.258962672055339,88.7619122715879,cherry
73,30,83,17.211245190471402,64.4260695729741,6.083705206525992,88.14608472499562,cherry
77,45,96,17.653860496494822,54.85834630904965,6.762017779540089,78.89350689368322,cherry
80,25,94,19.067768082453966,55.75397166362903,6.206133861463641,69.7157620884615,cherry
99,40,105,13.011558266102712,56.6307402777671,6.218975571826784,70.93443129914137,cherry
73,44,96,17.730607538806552,61.31691269963678,6.213398020965613,69.34913094044006,cherry
65,46,104,17.44074805662305,59.23631842514774,6.194238500192917,82.80781232445405,cherry
49,38,109,22.255404752186983,61.071994369510996,5.697454797367861,78.08037399074823,cherry
80,35,106,18.245368300809425,59.3308516856098,6.3177615229568005,97.3994462532296,cherry
72,38,111,15.817702402938863,62.85474473803688,6.534950201316603,72.53751061785077,cherry
80,36,103,17.476478989882104,69.93157530744857,6.4659670708879045,75.22634171297982,cherry
89,40,98,15.49216762442697,66.56011070440411,5.905614133674201,96.94972081810087,cherry
71,49,97,17.64583070412183,53.07890823662132,6.139060083896219,91.01973052232178,cherry
70,41,98,16.928882781951803,61.49629248459216,6.436421849778515,90.21249080657518,cherry
86,29,92,19.22714330697197,53.339783039980574,6.425077328244564,55.10903573233482,cherry
79,46,107,21.368302478113193,56.95661894507983,5.931465325819373,92.13613441087026,cherry
77,51,92,17.989548506178576,59.40877225926154,6.656747831300446,68.41494670966307,cherry
72,55,93,16.540113050673583,61.75855187766534,6.025121958041032,97.25948782239236,cherry
92,43,98,10.871019155613059,50.812086739107194,6.8119513989316545,88.50666239420173,cherry
69,31,95,17.501715092615914,57.44535636983723,6.345197429146025,82.12029430544032,cherry
91,41,105,17.631192618575486,62.19872130339296,6.250759332878327,75.50103941102667,cherry
79,38,95,19.240339628278136,70.50139008052207,6.295345911515034,78.8918775975462,cherry
76,54,92,18.808512732352355,55.34436002299342,6.004024299070325,72.37078107858652,cherry
88,36,102,15.2412192217591,63.04987732057191,6.223993685258267,68.219944090159,cherry
83,46,94,13.685367690620033,60.18569082633514,6.099413602788317,57.0463868902511,cherry
87,38,96,20.297982731091174,56.38355931319925,6.442708618879076,101.19012517826305,cherry
84,36,115,18.137148896123364,63.76729745495943,7.296254353849851,85.69079934427663,cherry
92,37,91,15.966272663333594,59.7761971610619,6.375830745671038,70.73499363853087,cherry
80,29,108,15.941429988400762,65.34999040111992,6.643296850611834,81.34728413955885,cherry
85,44,103,20.612650888683042,59.620903511535396,6.364939224576598,50.2084921561019,cherry
90,45,110,18.667213825437813,59.28087113781496,6.676001529296698,76.11534196400498,cherry
93,45,84,21.44964585235519,63.42453408774066,6.45372079955844,67.92788590058025,cherry
90,22,114,19.44422123176372,61.8317736413826,6.535155189743421,64.97094529502154,cherry
95,39,98,17.170233814290725,66.08852870640743,7.027987647606749,78.74443913054532,cherry
85,38,86,19.47470195086177,56.055792579801675,6.8702285293929535,78.53112605034941,cherry
73,43,119,19.990225781596592,63.893596618537906,6.859190492639973,79.60866764249012,cherry
103,31,101,17.805505843516293,58.995523068291185,6.672577850239525,94.97563549306693,cherry
72,42,100,18.057464076890117,66.20690370844244,7.228583738186182,95.90464529441107,cherry
80,30,100,20.139682825076843,73.10002200194965,6.765575287478114,55.929630010479634,cherry
89,40,104,16.946589381516198,67.60914719677635,6.918383092139374,60.99079272875454,cherry
72,47,84,19.356285163758027,50.03363603731583,6.516491518655774,72.47049195871844,cherry
70,34,74,16.309415103237924,59.89021287337294,7.081086301202712,54.36549041995645,cherry
84,40,97,17.739406337471152,53.7139978258054,6.047576409504901,62.80071639920516,cherry
69,39,107,15.6998966321223,58.25435647898786,6.265620179071164,85.61658432563814,cherry
85,37,102,14.795075323910927,55.50341092484348,6.62348497948981,80.4665752527729,cherry
74,45,105,19.206001668903895,66.37013416411254,6.343801171123835,92.68886467953641,cherry
84,47,103,15.716815139745304,64.7640926933524,7.034763055239424,65.76578941712467,cherry
82,50,109,17.927142011006538,55.20848575556075,5.7704587524519235,95.8546873811373,cherry
72,36,96,17.747973574360344,70.64207640903706,6.8407382942991095,66.42844265372277,cherry
75,50,92,17.39327750845026,54.03268822129859,6.975830580040822,100.33539276871996,cherry
72,42,101,19.366240552935487,56.69635576753663,6.847252489558822,69.66184423775206,cherry
94,32,100,18.649506145810868,61.037616639653784,6.216178064910358,59.22004584452306,cherry
89,42,107,17.993488032980792,70.50101818510626,6.825533536664408,67.98803049457604,cherry
97,39,110,16.91647619140146,62.27976819771767,7.000240484258017,71.183045357184,cherry
72,44,117,16.278377219145632,66.50790636468548,6.027586012276138,70.29615547281999,cherry
86,47,109,21.30300279508717,59.696845978404774,6.752856777709555,57.621640133320184,cherry
82,34,90,17.267812394525688,60.508923311033136,7.6347044449847035,100.8935451284264,cherry
48,40,109,11.892559442081449,61.54369470496656,5.809320119374467,69.01929556532481,cherry
80,41,106,17.110578153092366,66.65124372736746,6.253896498017856,72.14490543438765,cherry
76,46,92,15.356218727919419,55.63660502471888,6.891038705605537,81.72130242799236,cherry
92,45,88,19.502130109792475,63.83265320142397,6.766743696960707,93.28274308127024,cherry
90,35,89,17.619542457838495,51.814176773239055,5.666061141970107,59.877319551014594,cherry
92,31,103,15.277463590977039,52.14056885906248,7.039812563107919,56.97751851426331,cherry
96,40,101,17.37027638164049,64.38073977480916,6.409790153905099,83.31252384223495,cherry
85,36,109,20.076124147787578,53.777351551718915,6.997914194881742,92.09011929292915,cherry
83,42,93,16.954017374032887,60.52286700722082,5.989639393171896,66.68190394184484,cherry
93,38,100,16.408992960986907,58.51063471828479,6.5924056754819835,60.945418228041824,cherry
82,30,109,20.15694309387161,62.0537606374413,6.2656914503266234,95.96658330684834,cherry
78,32,116,15.024580071392656,54.95367950702321,6.579359566392986,79.25864404658891,cherry
91,48,94,17.333275545426712,58.33015154534254,6.807887742762221,76.94632456113438,cherry
93,40,114,15.723117074056791,62.3222264478917,6.615747034561412,90.16426164168755,cherry
64,43,103,16.16243620666755,64.4666372196561,6.013611418614642,73.06897206543717,cherry
75,39,100,14.896645045110036,54.371614209765276,6.359219482618264,77.76370813282743,cherry
97,53,117,22.288956687861436,71.30075179203708,5.957838034821514,129.7022897339713,avocado
115,32,113,21.111900034316477,71.96877569208846,5.6007216963760955,110.35696408876545,avocado
102,55,107,27.117353474429542,75.85362334393652,5.205226754274889,99.73051618247126,avocado
95,59,112,27.76176186997334,81.27765064461411,6.144247451789104,104.56696164023802,avocado
117,54,120,21.149527156457683,80.16659018167664,5.522461497694238,125.30542253560282,avocado
102,37,117,23.90558443562891,84.8981879198221,6.322124734603688,87.0903985722884,avocado
119,37,123,27.56820331943507,79.8432739140319,6.12003278441748,126.4891185127,avocado
104,48,103,27.51167891133219,84.51565556264777,5.3974194309946455,124.53549081811143,avocado
78,46,117,23.015321906880633,70.01980192029164,6.315917348392143,123.77222487370291,avocado
83,58,128,23.2467772196609,67.1068019267563,5.773586741463753,133.15546583125447,avocado
63,46,113,21.836058031232405,73.68604164716145,5.707153596582894,145.2988252052388,avocado
119,31,136,24.94761511502755,71.3164080038521,6.650458940219914,119.96685807980283,avocado
96,65,129,24.479484597161527,81.3729544281679,5.163986911897422,107.99138800501599,avocado
100,46,120,24.688311235845863,82.96321310840973,6.266871863139576,67.17837776115987,avocado
98,48,117,23.953984234092207,82.13442505095212,5.814684546095392,108.94782874067604,avocado
89,55,124,29.16021184864331,81.99249300220285,5.8373188222532635,123.05544602047435,avocado
96,49,133,20.87924439556601,76.32110291196528,5.255694188515573,95.0807135507069,avocado
111,38,133,29.129026316443113,71.8778384399481,5.244779619722463,113.53068493927019,avocado
101,48,120,24.97769189226523,80.86357079395368,5.910060691614556,110.25131861365531,avocado
117,61,128,22.938432616075428,77.92170891896045,6.2172014430823594,86.91681159228708,avocado
98,46,112,23.06991812945776,76.67497509099486,6.324417097577963,139.20133924800993,avocado
112,38,113,24.13038086024496,77.65899394549302,6.158419915981002,97.59025405893712,avocado
102,44,114,23.102142461302897,70.35781458900033,6.5682923459379285,123.28830929321589,avocado
97,59,110,23.609974664424954,70.03242885503894,5.633697032479504,113.32027346563981,avocado
94,57,118,24.533040454425922,70.46024251282178,6.178395850853594,110.66587407815682,avocado
117,57,122,23.29105334465511,76.20133336919768,5.800528912925538,84.05298752832067,avocado
94,48,125,23.044474745407165,76.67847425086698,5.988723436429426,136.29231383187198,avocado
112,43,109,29.4004845654259,79.03469335820847,6.180134791308765,115.03040760699943,avocado
93,59,118,26.988333207271285,69.23149954689035,6.437813157847811,117.03372524980122,avocado
110,44,123,21.412401867872333,77.32712337723471,5.606743114527065,129.3373978232899,avocado
102,41,123,24.188714669933656,72.17204779302027,4.858254293988924,104.82752507268872,avocado
103,48,120,23.591339307771356,80.62673706020065,6.057381405945663,128.01603864486216,avocado
89,65,121,23.590096732680404,68.79417113606908,5.741924968404257,97.4910247569236,avocado
87,53,115,20.06102599532684,74.45380611064941,5.917624779063166,155.7076371418846,avocado
100,52,119,29.389193386121455,77.87584272920928,5.931550673324229,134.26943327386084,avocado
113,51,111,23.68971327137424,70.91998840459144,5.28660977182216,108.70064872424011,avocado
103,38,117,26.895261245694158,77.22562874697275,5.967091803573549,105.7430167865249,avocado
107,50,117,21.603581505705076,67.94161653515293,6.059610569097573,105.4796675656322,avocado
95,60,125,23.148761663123352,80.34994403912911,6.871919899001567,116.2075224767557,avocado
109,49,116,23.63653847549505,75.08524339335541,7.087925605932347,128.07598736825688,avocado
115,48,117,18.841500932477263,79.98604148950064,5.289487346790067,116.63580668289174,avocado
107,51,108,23.798262912635995,69.90037443109344,5.860151629116433,105.0226785643587,avocado
108,50,126,26.237754794726257,80.50454183279327,6.386838719618716,137.8626929278516,avocado
99,52,114,29.17160686282862,64.35248827824196,6.271335900283223,104.329303518406,avocado
111,43,129,23.45375588498363,70.57624470375332,6.275230178444103,119.38316338401648,avocado
87,41,113,29.17380365423559,70.49215558256235,6.229749520865939,133.25126567435896,avocado
105,49,122,25.34406510421206,83.64669938972642,5.943979305365437,119.91400610193391,avocado
108,34,131,24.57504305160149,78.4790315170648,6.975910735788819,112.04082476532182,avocado
84,54,121,22.19999562445965,78.91839679809738,6.412088351986314,108.71481499964283,avocado
116,56,132,21.12258818048902,65.95041448945099,6.164525405500579,103.58106330588191,avocado
113,48,132,20.303514222740347,74.17799811693892,4.653095779326517,145.64594532876737,avocado
91,67,116,25.254313156471007,69.9410918369747,5.771520427884946,131.94713399059674,avocado
102,52,127,23.514202251667818,74.78830184482617,6.5718481336093495,133.76053197333718,avocado
102,55,127,24.679598433971318,79.8787498858611,5.697442119818663,132.1316503713592,avocado
95,55,117,25.552812405306945,70.57923797015647,6.581271794326815,100.54390783023574,avocado
112,45,103,25.07507509484237,73.82118716056186,5.844506710761114,140.757756116285,avocado
89,40,116,23.032814655167385,78.13784006833296,6.274449974401826,130.87770324707364,avocado
97,44,125,20.41028127928804,83.43565691372827,6.642640996401287,107.78051913977147,avocado
85,41,119,22.0591269168522,68.82968525479623,6.253670249446318,104.83325280001648,avocado
87,40,122,27.199092725014594,84.00891269302286,5.539700353315742,111.7412227273942,avocado
111,54,114,27.404279920467168,81.80803078552773,5.717318763636056,129.58627873533794,avocado
94,52,128,26.199899909502626,72.09531769120073,6.305233293086956,128.48172443222782,avocado
80,47,126,22.237588893784938,72.10617866819996,5.651157284299837,125.10520956529811,avocado
103,47,122,25.46940800976061,79.54337634123226,6.221017692543602,122.34511759286565,avocado
97,56,112,26.96426124783201,70.41147676590158,5.574693162379519,114.469211185264,avocado
85,45,114,26.024880195728723,75.71148761936082,5.791611324179404,118.25237562961692,avocado
96,49,124,23.246864852965412,78.29612348875943,5.289945577304964,110.4505956576913,avocado
93,29,112,25.798158357730788,70.01929174825781,6.411719376424524,124.05741027955709,avocado
84,61,118,28.017476470865258,73.59750577346844,5.500658620387607,125.81513253066787,avocado
94,46,109,26.050855218460924,63.056951501759784,6.305901554678646,127.47332620395,avocado
103,58,111,24.861161548043125,70.22792520502134,6.593151034653706,116.984566506303,avocado
105,60,117,20.732290129238837,72.02175477866366,5.776374706117144,130.97347787255543,avocado
104,51,106,19.25858087965256,74.99996958768186,5.929420548727519,100.48956873179085,avocado
115,43,117,17.355329760224762,76.7604998844666,6.239021452929714,112.80531101329171,avocado
101,53,115,21.421059983957857,74.83340236586555,5.556461517087686,76.87990641297779,avocado
86,49,108,26.33010717643772,81.700610483953,6.56680405019973,122.38529963907496,avocado
87,59,113,20.68816554485462,79.14062708845671,5.5441182611577196,119.46161373393228,avocado
93,46,119,24.953117669775732,74.42196665532636,5.761797333024038,117.65406117753174,avocado
100,44,118,22.70428690540198,74.80384455100594,5.492818294815739,121.1999853653751,avocado
112,54,109,25.022755545466282,78.96541254834666,6.162433570272196,144.02867798536397,avocado
120,46,116,19.327694999217016,82.49240306962453,5.7912738746841566,110.07746694441569,avocado
93,45,110,20.70367496357011,80.2343936463011,6.158756707966569,115.51305181402083,avocado
122,64,132,23.394829958777024,68.89891086487317,6.410828959126347,143.41281825928013,avocado
102,55,116,22.61275158143371,84.04198629187186,6.1501970181338805,153.12974893768242,avocado
98,56,112,20.336757656164213,70.79072593965891,5.673010013968086,106.16002227483001,avocado
106,49,115,24.46636745038457,81.56158560122083,6.311861015123407,120.27047893512575,avocado
111,52,132,18.6030852555255,69.22675293638473,6.393491550587729,114.9498175258541,avocado
89,39,121,24.812416475201925,69.60582319595673,5.536961207417795,105.96592898893506,avocado
101,37,117,25.687359148761143,78.17953657813933,5.732965542553023,135.18425291773542,avocado
102,57,114,22.223345996494572,73.3736109646499,5.549295332721543,121.66424856040068,avocado
89,45,118,23.14409944433988,76.12996584497657,5.606627855734503,100.5454962440844,avocado
95,43,114,24.085784780753965,74.47607983310847,6.034979907563465,102.62000744960159,avocado
75,44,109,22.363052688753818,77.91668698587694,5.759894674739432,116.45386783705543,avocado
87,47,119,16.96963085858795,72.54159692467275,5.662482870732143,123.22274443197678,avocado
100,42,122,22.997644757068937,70.70747643942883,5.320086447868585,127.92308063935674,avocado
95,51,120,26.087209562003558,65.43900365131046,6.240175634702025,138.14465154590758,avocado
108,65,113,22.12013619847124,75.38812600251589,6.656337886927118,124.8074912287437,avocado
93,42,126,30.150712893462646,73.60933766622202,5.95725380194283,118.69588574537869,avocado
113,50,119,22.325272569169176,70.75248434873416,5.822244327150027,118.02090664441604,avocado
122,47,146,24.260965252719117,76.13165743846317,5.457543253503924,126.67331763640527,avocado
114,37,95,28.15165330612414,73.16503750659176,6.851870968802243,132.5223613589135,guava
98,42,104,28.000365163345766,67.99365442228088,6.421395886852384,84.05612408173593,guava
102,56,107,27.82595011741676,70.48485030255894,6.744306515281033,110.86535027565446,guava
118,48,113,23.6006526497074,79.96828110433238,6.952288854442834,141.13705919352552,guava
86,56,110,26.987277678495815,77.32696583802455,6.425311040543677,109.86406497622897,guava
62,63,97,28.9922229016959,70.84493833807974,6.52925786870275,123.35886002863566,guava
110,47,95,26.775654765854036,68.55288614596304,6.660486865461202,133.921704095174,guava
97,42,94,26.980785074014896,76.84998510730014,6.70708097644131,126.05648618069307,guava
104,50,100,30.16458676133025,69.63751859952693,6.873311276901084,87.72643777150144,guava
109,52,92,26.767551346280136,65.1156309045473,5.972551389917522,112.97303440559413,guava
103,56,105,29.198667132820283,69.38908818549592,6.160142315830521,113.52959026234383,guava
119,55,99,26.325632698423135,64.59567768195308,6.442978513456651,124.75097900064527,guava
95,42,85,32.68422030072167,67.64622726083563,6.305191549127468,85.83992333201078,guava
105,46,106,29.13504914696731,61.74837579452128,6.876779112808204,124.39148359656103,guava
112,46,91,28.326181776228612,70.18435959314387,6.970476863417246,159.08156473999605,guava
106,55,105,23.953871500154555,69.58990973252537,6.174250506596391,114.09138664998653,guava
91,45,101,22.28681118652835,74.37929242112203,6.537290626354048,95.47060573473459,guava
107,50,100,27.32927545662878,58.911471581119926,6.3603620535354874,119.5642907842412,guava
82,36,101,24.479760812192662,77.33516911803916,6.375634668072482,130.4154858482862,guava
87,59,89,24.42967815634274,70.81480187791932,6.479543942870553,87.43445141442899,guava
112,57,107,32.2519931132603,63.01358894624687,6.447148914087589,137.01242749376246,guava
102,55,104,24.20005484780976,67.21165966370565,6.112951230952517,92.51337679899673,guava
93,41,107,29.631172440799137,70.68849956176682,6.463439961555761,110.90500671768224,guava
111,50,91,29.011434137321807,74.4060063358918,6.491835706592722,129.17594487359344,guava
102,57,98,24.962158618029754,70.76697291764042,6.858188995301218,109.40187619233323,guava
100,57,98,25.775699211130625,61.34013598509436,6.125554249678825,128.79115007695535,guava
96,46,102,27.04691348792674,68.85959209005162,5.843168457672762,125.69832004114618,guava
85,41,99,24.26761810861889,63.30428227316,5.924902966909859,125.83934295830667,guava
104,46,89,29.35015038254454,69.49721210820269,6.074614033202659,135.57689946848396,guava
113,52,110,26.042092857616815,66.38719791228115,6.251856406464857,149.3791281138151,guava
100,45,107,29.56023046063727,64.10620031884031,6.526707401215691,115.27887373080108,guava
97,52,102,30.03950706546008,73.87136524674197,6.0537560043533745,145.76041803297986,guava
109,40,102,26.26415471022594,81.19785800428954,7.013080134123164,102.10471780278672,guava
106,64,104,26.53975123586643,77.01534221690025,6.187546377827274,141.34951091178647,guava
104,45,94,26.822516927196055,67.40171779209453,6.367743440902499,118.80532797092786,guava
86,37,99,32.39576139677063,68.56791552586306,5.704560990346539,120.72164811955516,guava
90,58,95,27.73286473705414,74.4965299981983,6.6843103688229455,139.61951508666857,guava
108,49,98,25.05458435226854,76.04507840848031,6.276769229608243,108.42967364862899,guava
81,51,97,26.58666460162447,74.34982764204894,6.588276397084107,139.39574225109294,guava
111,59,88,29.68880071207389,64.90978221068035,7.360043598153372,116.14926259102454,guava
76,63,96,29.49162424735811,60.922271092774935,6.150793086902271,115.9872645289366,guava
105,47,83,31.316650811292305,68.48387520181879,7.172892260325865,106.85246783121161,guava
89,44,100,24.278904176662852,73.230388482586,6.489636165601105,131.35139694540075,guava
107,58,97,25.037637231583926,67.83638928759943,5.889998937370326,130.98035726191668,guava
83,53,107,28.366905281988437,63.33916977626804,7.3411286452897615,125.33020257263347,guava
89,50,87,24.836372600291487,68.17672619891746,6.183399636487291,132.4290312738693,guava
88,49,85,27.23326010564819,63.61097801032845,7.011205173632268,154.4570498235615,guava
98,47,86,25.923275578541435,65.515330724355,5.858998374664405,132.03694307155064,guava
110,49,79,25.446425567208717,73.19320878585083,7.136008616499133,127.3246574673811,guava
78,50,92,29.384462391478717,76.01795182318565,6.673745515103275,139.16208197658779,guava
100,44,108,26.474610945562127,72.5952013168588,6.1238763895335655,130.95937984197755,guava
102,56,106,28.7497291420908,71.27254107069885,6.247909836673596,117.98825731946222,guava
106,54,103,29.269855171997506,72.09847401046727,6.618078285015538,112.69595645969616,guava
94,48,93,27.10793341614855,73.86084279276905,6.142794147124512,106.0890564656095,guava
108,61,108,31.321654194070696,77.8720025262625,6.445074475902093,122.3541610886063,guava
119,47,113,30.076003964863492,74.66798449609381,6.454698350573684,108.04731715571776,guava
91,55,90,27.7446092383596,77.01248628569024,6.858259990134844,112.15808444451733,guava
102,40,95,25.481421188080102,65.90330169667067,6.612825782168667,95.14157160352964,guava
107,41,94,26.515231045347402,81.64822899259833,6.162965643252545,91.77676815988082,guava
122,32,95,27.501885567643384,70.3462763792512,7.04631776112817,120.76672121795735,guava
95,53,111,26.74622060936516,68.03211492790443,5.866072448764361,104.5059026465512,guava
95,63,111,27.792001363564424,78.27162233987586,6.480497683966894,120.05396673687885,guava
97,49,95,29.37621173639341,65.27236850364562,5.618110618353242,121.49735502467163,guava
112,48,104,29.272570368725958,68.31229739527096,5.839280799309827,119.03161967277883,guava
104,45,99,24.18646013982212,67.63415530141864,6.427494479213875,122.57194325446888,guava
88,31,103,23.85685651244335,70.69672644684445,6.800642978193967,119.3991672771484,guava
95,32,97,29.913665673340716,72.00591030597037,6.316806011436304,106.25859041062986,guava
109,57,102,27.55343263235475,63.37652223837571,6.985098349289142,134.720824672199,guava
98,60,102,35.373149572329396,70.26388481418688,6.481016934519612,148.8068044061059,guava
111,45,106,27.509312063422602,78.16544694645326,6.5137908533606295,140.80640989847467,guava
96,51,104,28.12904284562949,67.25853822846301,6.672446875232945,114.17168156416803,guava
104,45,100,24.134538625453946,67.86345566781716,6.594983976859428,147.39890283830312,guava
113,44,97,23.766939172263594,70.16838650108228,6.266956847044136,142.55890904809965,guava
94,48,80,28.81213493729374,72.57415700473985,6.347297716932866,108.37779245957734,guava
92,54,97,26.47241289855643,72.81213383098111,6.207435542907755,126.15860788255092,guava
84,31,110,31.728145593944205,69.38623164712874,6.800749931858391,107.78488365073503,guava
90,46,100,28.338700608849216,74.83767863085569,6.341350193970809,124.39058409197689,guava
101,38,98,25.786671349245328,64.91007782175103,5.849106363353695,120.64480648833081,guava
89,52,95,28.95004661579297,75.23681484448946,6.245738331418156,123.10944011240885,guava
74,51,111,26.627689091307584,70.23350340190333,6.99267077412247,111.34942585157495,guava
107,44,106,30.58583400865265,66.38716858912396,6.7910608814991225,94.14684794779274,guava
85,59,90,31.973793474578684,53.932262659964714,6.438998253039294,107.47938643716356,guava
94,51,94,22.128890144218765,68.77173939427261,7.001508519108769,123.74226816382472,guava
96,51,96,28.708176899611008,64.6720729482706,6.50322296898408,120.16707451145322,guava
84,46,112,29.802204352872376,73.38714220298814,6.325392028826633,104.19478537997286,guava
87,57,92,31.51741276860599,72.69071375841318,7.25179813535226,109.4632715390348,guava
89,50,97,31.110224242134855,65.1993826784965,6.676618361492482,114.23794717195182,guava
103,49,102,26.91506095515862,69.8524149639643,7.063370057345825,103.20510596629848,guava
104,54,93,26.910421363854994,67.4817533539912,5.577451395780715,134.4994202350939,guava
100,55,104,28.50749854450604,68.24599805311743,6.154713783848893,128.56529294816232,guava
107,46,82,26.319761527470405,67.70616177671474,6.382776109947276,139.38250105362522,guava
84,53,91,28.054643644787372,79.60303268406291,6.77624245057164,100.74063294863603,guava
108,48,100,26.42801327500543,76.71908841785893,6.681633121519718,114.05542060128926,guava
69,23,106,25.51885712158058,68.67745251649767,6.4715614183420795,139.26763458888686,guava
99,42,109,28.98026855406606,74.50441038679958,6.767426481731326,120.92789347328336,guava
102,52,99,28.191552116296872,71.83190648391619,6.965642584033939,114.7014847335977,guava
101,42,110,25.308585888663472,76.74166419871938,6.81260203322598,132.5237624899958,guava
110,57,92,26.353549276540296,72.12866901876858,6.677635331852416,140.8172702483975,guava
85,50,99,30.406319523518185,70.07583063820402,6.994470725263847,119.71258945884084,guava
88,28,106,30.9002980354535,82.533312304899,6.879162155622164,117.29464619587725,guava
78,26,80,21.09224801801575,51.12768498489432,7.229437347738694,57.420261803561154,fig
49,36,89,23.118581373894315,53.991269354022556,6.606960295809269,62.240119032112624,fig
42,28,98,22.897734198049605,38.27559570945676,6.440983628771619,60.412968499914,fig
44,32,86,27.907942432581105,55.416264702124835,6.321658251300455,92.13145893926871,fig
47,30,77,21.47911494170943,49.810303925780936,6.827051325151839,83.88532883768174,fig
52,31,77,23.386993448164326,49.12065808581511,6.483847231381437,72.56217686673129,fig
49,41,75,25.580745224412947,47.13470335931527,6.228847310847633,43.92056075804527,fig
60,27,76,25.67614260570299,53.817429110300736,6.552728744583924,31.797655786796795,fig
61,27,86,24.863758455347423,43.928880669498085,6.936544640146557,72.30609238126445,fig
56,25,80,24.75958400983581,49.235518993092874,7.552944026439187,63.898221658810186,fig
64,37,82,27.71064886258411,47.714583150105575,6.58431885498506,33.89848651253733,fig
57,15,77,24.010303309675464,52.25008165748017,5.489266064057232,73.46879352992667,fig
65,27,70,28.705296095750555,45.580637491413,7.295602781470882,60.04466412664553,fig
38,23,83,20.79094957401361,55.147159563066815,6.526879587804719,52.968812947941935,fig
53,32,73,23.132907478282203,47.32954217413278,6.602140185057292,58.52003795191712,fig
78,22,91,21.919081693387856,52.232853895851406,6.291077232479298,89.39389813042594,fig
68,30,78,24.20295885041824,46.57637668623367,6.559976363762583,69.27228997216986,fig
60,45,80,24.221505178111617,43.01321886770424,6.053201583574879,56.04970830077394,fig
58,29,65,19.58513677602631,52.059266794569716,6.465091058163509,74.83411723293572,fig
68,24,94,20.698773106411203,51.93329994360486,6.859698121386841,46.02928020153434,fig
62,19,94,27.597293921780206,47.58133674218624,6.510549160798525,63.695794183386425,fig
50,21,69,20.24266023118151,50.64010412041433,6.632198673215862,52.264229906981214,fig
58,24,81,25.857118458468506,49.4103501595344,7.016601897494776,71.54240501565667,fig
50,32,82,26.869095788745454,43.468771172397936,6.643073178319551,41.9568210400009,fig
37,20,83,25.248342878781656,47.0639170589621,6.8476747188959095,65.37480373457971,fig
69,25,85,22.79956914292522,49.25935818001089,7.077240233866285,60.90853300199323,fig
63,17,81,27.557992267707498,45.409178072568274,7.0956071468157775,52.810522281538255,fig
77,26,69,23.991910512080793,53.088083433872555,6.656796337668872,44.05021345972803,fig
59,27,77,21.058191897572303,47.185608275863025,6.5322146658231866,68.29794686992386,fig
55,27,76,24.11337068607171,49.127190062116476,6.218987773606122,59.95780223236425,fig
55,28,78,23.815032823998447,50.319748173890936,6.0825166192999705,62.456006583277954,fig
60,37,78,23.279964121021695,53.02586122608576,7.0193721001763,50.69056171801572,fig
70,31,88,25.694365179242837,56.528012520476956,7.3655205197212235,65.0208924035428,fig
40,22,71,28.650767432060753,52.61907011423003,6.1400850337027215,41.238068811258344,fig
53,32,74,23.571431663077263,46.382376685259565,6.383870830317923,36.56942256332623,fig
73,30,85,22.888171362157866,54.66230263393369,6.186456573861879,65.27184504761289,fig
66,20,77,19.48199767574898,49.08517718429124,6.43522542629727,83.77811224226448,fig
76,32,77,25.92880428166867,48.88826286431107,6.64687587951085,64.79992933790572,fig
49,17,91,18.36305063556658,50.599522599495,6.701045134140651,58.71434746078059,fig
53,40,83,22.120490310793723,51.91477628310546,6.061372829810638,68.40332948582096,fig
51,32,90,25.355234855285183,53.84651458158378,6.348987902580891,49.25315327502729,fig
57,31,108,19.521956628215566,53.031120400389,5.215656687810144,64.22949477736807,fig
62,30,82,29.415709059290215,54.8652625203905,6.344808739165369,74.87261105171673,fig
58,32,80,25.071892104748393,45.60528266708817,5.540640020387583,30.42227364746452,fig
65,37,73,28.692585239516536,51.03134640057959,6.880156611630493,43.27642816099559,fig
47,26,73,25.988345325722303,54.51523198544769,6.66717991338281,74.20918977132959,fig
57,31,75,26.859326834840925,59.07191331726677,6.571145615809405,57.94387783362124,fig
44,17,85,23.522987620351923,44.7667916466022,6.166533293572257,52.390784829718655,fig
55,29,78,20.97608784585013,47.19852664709633,6.430903780734813,68.2301027967326,fig
47,24,84,20.114071064559575,58.24385687958237,5.986709948556635,46.70765548656479,fig
71,39,83,21.911063591933004,43.666818409276004,6.50237144270861,60.33301982979689,fig
57,30,74,21.255776668117925,53.66662841871442,6.460492633265475,67.82603729461462,fig
43,31,79,27.919231503444724,43.973509193832264,7.254206831132146,49.007606774648856,fig
46,25,81,24.88169513923475,52.028828784675454,6.695951002332119,54.97565252322932,fig
63,35,71,21.548530139208502,53.664110224156204,6.716214174003582,43.885463521607335,fig
49,56,91,24.1892522584455,51.87038426546737,6.911001854488452,98.40963784410008,fig
64,43,76,27.183559082322237,57.441046275111724,6.911016161052434,59.09111822075871,fig
57,32,89,23.924536641608963,50.878186744630895,5.969317091374644,78.66784052097334,fig
50,26,65,21.367004592499846,49.77085870407147,6.058012889312167,52.97097494086888,fig
46,31,72,27.466198794131408,46.08997845984029,6.215344801551724,78.4011240659541,fig
58,22,88,23.71777732762573,51.267604713894265,6.008922908789893,38.95978605578294,fig
52,32,76,21.468262995985377,45.80812738504835,6.87703939299991,46.540522491005326,fig
72,18,80,20.27778885971855,54.126932047698006,7.172920169872933,71.35570534223793,fig
52,36,84,25.998729748614487,55.99485999530489,6.7218828847636765,57.882792276759645,fig
67,41,86,23.146493067257158,50.24833476640038,6.757843197988932,45.96089705334149,fig
55,37,76,24.56226342266214,49.56899307433856,6.702827248968146,56.11643299887564,fig
48,5,96,22.865190206578784,41.49498261353576,6.216393012514106,76.18687208082291,fig
64,34,75,22.64717571388435,55.80980087756881,6.185504338579284,35.50053818152094,fig
50,35,70,24.076278835294563,47.1104487861233,5.5782775075391235,66.1685162438422,fig
68,21,78,19.8528504730414,53.29028124129054,5.943539460942657,83.49025140571487,fig
57,30,82,21.825056685448608,54.41440720686333,6.214569459023362,52.58364400606829,fig
52,27,96,24.02841810339445,46.11126383968123,6.426762710028897,39.582559245323694,fig
55,17,72,24.190828253112308,45.770607012975766,6.201995374138509,73.08839615014897,fig
63,43,80,25.469963356310366,52.66618055132334,5.943218416424979,68.96980685732598,fig
74,36,95,22.589436858130444,46.54788533988352,6.139101615828462,58.182193752802256,fig
53,29,82,24.112597293460293,44.558945720137054,6.55737023985847,23.4241979502248,fig
54,33,86,25.384647298941925,50.84041994029791,7.056856015999423,73.6151545697767,fig
60,20,87,24.733666780794664,49.339289555362576,7.247842245424521,46.58356826143155,fig
64,47,87,25.203341146097294,48.203790098372366,6.32995327475038,65.11604926517388,fig
62,29,81,23.95026677911656,48.18765840985169,6.508795263870289,77.17882171607098,fig
60,23,85,29.953088300209526,41.261169915919794,6.975826466035889,56.46087316170267,fig
60,30,78,27.10692734727426,48.14572422482421,6.441890209904153,57.60089110841915,fig
56,39,79,19.08994977455394,43.65836002753325,6.5959362800513635,59.574215407475656,fig
41,34,87,20.60881904063584,53.406753461220596,5.837375463080159,64.35548251319354,fig
54,32,80,24.698166261480445,48.83750336947635,5.901575787200269,55.30152739760362,fig
53,26,92,21.77731128868732,56.04354420521082,6.737271981589646,71.48313777742987,fig
47,38,88,21.48518894627631,39.437823378711315,6.339345450072888,62.31553413420036,fig
62,27,91,22.333758774261693,46.35251720843672,6.403098672459115,59.69305182389925,fig
65,33,72,24.194495353430778,46.75265396814625,6.326078963010168,77.50656843461604,fig
64,40,93,23.825435025684133,50.1241308666705,6.565095012735042,54.99827607731498,fig
59,31,84,23.958738702483785,49.54913247448181,7.10455156946057,74.81460667384684,fig
64,45,67,24.010307879604266,46.1850867028795,5.92099445416213,75.89270660360589,fig
69,29,100,26.226380417724833,52.493799266322,6.824160174786473,78.6271232292357,fig
68,39,90,20.934492002216814,47.53725652141967,5.91334062798162,45.11372707751991,fig
64,35,74,21.855897966728474,46.57527311323856,5.7184824625917265,23.641160728538942,fig
68,36,72,24.94194395498153,52.55366577133474,6.314730038000447,51.837872279450515,fig
59,39,87,26.306777634146037,46.11314231375846,6.7129372907488545,48.941958268663576,fig
60,23,82,26.177674287491392,48.676792148172744,6.791345482052952,57.80295985195595,fig
68,28,75,26.899634488175817,42.436915178470045,6.132514675679079,38.98976815852914,fig
45,36,81,20.91565134321507,40.50985708312989,6.495655141496499,58.73614370109965,fig
99,41,109,16.561239800909206,80.01279673721926,5.861380496976112,91.3796798813475,kiwi
112,49,117,19.69089443041945,80.02571822659432,6.079096485359089,79.58723751282089,kiwi
106,57,121,17.66291274084808,74.50056186014963,5.789304527737298,108.66514863380549,kiwi
92,44,125,19.71091560202172,69.64374984198142,5.696134051678539,110.60115652179906,kiwi
94,53,130,13.795443402211006,79.96732196265354,5.912306228767545,97.78960879966245,kiwi
101,46,117,15.664231891774868,71.02192630446068,6.096766019222419,104.25922561300324,kiwi
99,46,128,16.707182694397808,75.59332106764884,6.344126929599274,89.44782120093252,kiwi
94,58,119,20.830094429804596,71.7993843375116,5.863315867972576,96.50338787742697,kiwi
101,53,107,16.453784185883514,74.51882278119886,5.9412831399053605,104.10776909961494,kiwi
89,41,121,19.709265706212015,72.62269101283572,6.117560087363318,116.33951372518092,kiwi
95,45,114,15.103649701668147,82.40318413398988,7.133584373851533,83.72388880516569,kiwi
112,38,125,17.602605424324633,75.17277575118445,5.98480198473592,91.9658073290519,kiwi
97,30,108,18.58444898475415,85.45066396193732,4.913824710274164,78.11623093226095,kiwi
98,50,123,18.288571875470932,80.12533964786182,5.6968300689132345,94.84523380269383,kiwi
105,60,121,17.231063123840052,79.3825032260373,5.87796092471401,112.58000303925193,kiwi
79,41,134,11.943843357452337,79.58213809227857,5.965525092811119,114.44096202685346,kiwi
117,65,123,19.47498795750216,83.1214644362567,6.351961512828513,119.80230861107702,kiwi
104,66,125,16.741045725419795,74.48891197178978,5.697073854580949,110.67689477730912,kiwi
120,57,124,18.55696815992216,78.95544371198872,6.089309987734274,109.74725191299966,kiwi
113,49,129,16.357806848888686,76.22216358879638,5.646921582406705,104.06853004550351,kiwi
104,56,120,17.134776399973795,73.86964973858656,6.567888603186721,101.95216856554053,kiwi
103,55,115,15.263584816917785,74.2737268325746,5.977671248826036,104.46446353441516,kiwi
93,51,95,17.991786679929934,81.51253789832991,6.574314151540877,90.37072246948829,kiwi
108,37,113,20.284080798695822,73.29049215344511,6.107939505627556,92.25728518493032,kiwi
89,61,133,19.74693593701092,80.72608262659887,5.75605367452886,84.0916042129544,kiwi
102,35,126,20.075800023569577,72.88081316580995,6.235218268152871,103.53520213494726,kiwi
94,47,118,19.49345894128543,75.04828999641701,5.683405755681673,121.82486694027362,kiwi
100,42,132,16.12047136489189,83.20594183242943,5.751719203710597,114.66663159417662,kiwi
94,63,121,14.290169728199889,77.94497736229216,6.189522203953391,108.47888557056017,kiwi
108,54,112,15.727170718118582,76.67956326967845,5.678206091277159,113.36561255988092,kiwi
98,51,121,16.165181142682275,74.33179823325334,6.15806756742286,78.38031985304198,kiwi
95,65,122,16.74079363366555,74.06517063837583,6.291692012591689,90.51407965328845,kiwi
110,48,120,17.49868802597921,77.32043548066306,5.666482153596151,86.41164724040888,kiwi
92,48,133,18.099709650613537,73.39677100868707,5.8043938889431965,109.93867091304904,kiwi
99,51,116,18.63877166021918,72.99474708626538,5.9626974418895875,108.05236144488823,kiwi
91,59,107,18.226566005582022,77.15686505721222,6.229052935157754,82.57568037132131,kiwi
116,53,115,20.714803715224722,75.15117695062406,5.720420839810763,92.29789688302665,kiwi
93,51,113,13.927215686695515,75.77918843307296,5.647214644439863,115.92345621761882,kiwi
86,46,112,20.68331644526166,75.21868609233164,6.978813172142687,94.92478016942768,kiwi
112,43,112,16.988168858982583,77.37146792845012,6.188299845085096,90.82585496079804,kiwi
87,61,133,18.504860037006434,73.16077234890962,6.169270862489595,87.84248824665718,kiwi
92,71,123,15.320281352145804,69.50356096101544,5.420577650556944,94.61266467769684,kiwi
122,45,127,19.128614930451867,79.57255572471965,5.749467716257791,92.74652166033971,kiwi
105,47,114,19.60669101631041,80.88658314919171,6.014618576945566,106.6406348818173,kiwi
96,54,107,13.891786690203968,73.74006118890368,5.971395058270638,102.92808087980063,kiwi
97,58,124,16.783401554069986,75.67210779549411,5.964639125150101,71.86612298224243,kiwi
90,38,103,22.025084030489747,71.09660717983516,5.70094429502741,100.98504150050391,kiwi
100,45,111,20.18214879957751,73.97428257704084,6.686092956193769,109.41960282981827,kiwi
107,45,109,13.892171336129092,72.61732525355312,6.0491714145505355,105.64825499682311,kiwi
92,36,126,19.45348983286862,79.14489336738586,6.287225771424196,121.25290703869565,kiwi
89,43,121,15.100504324350101,80.3279705779176,6.184822827374303,116.34905625133715,kiwi
100,36,112,14.850986286260701,69.93104358654652,5.659398761827011,93.28553881051133,kiwi
102,40,124,22.654451422452272,74.58973002611395,6.4353881426917665,109.90937358366746,kiwi
91,49,134,17.43802320037616,69.89825521604844,5.985317859988798,130.82104575077128,kiwi
84,38,124,17.055997229364348,79.80560090535484,6.086427304979965,83.45148037503934,kiwi
108,54,118,21.181862832832227,74.32803573616675,5.6105430374752165,117.72951342288366,kiwi
102,38,121,16.534429436767184,63.69681047316686,5.951062137157719,71.56582390414958,kiwi
101,49,125,13.988365179648081,78.33193531236934,5.419356602536655,112.44558111111567,kiwi
118,43,116,15.07682020868318,87.9391186601721,6.007720353801982,125.43772601348334,kiwi
101,54,118,19.564826157103706,71.30116321738303,5.826054393903096,83.08988279131773,kiwi
97,48,130,17.020519198643495,68.86464132631146,6.008107411549105,102.6358773618797,kiwi
97,51,108,17.38509448205483,73.12405607237882,6.18021305225082,79.87193329777566,kiwi
92,46,126,19.201340572826147,74.98099189254089,5.5546546472738125,101.73840404686172,kiwi
104,62,117,19.36477611911394,76.3030682803261,5.69985468908917,84.28092805308559,kiwi
117,65,117,15.542468942479486,76.46360918868238,5.814195873184858,121.41503350994412,kiwi
75,50,128,16.494514331976486,72.56321417962194,6.592114946872156,102.14701405188332,kiwi
84,53,118,23.704878684268742,68.40242026101652,5.785615409906233,115.13255033619852,kiwi
88,48,120,16.41321773161959,72.06419456750712,5.856963672286184,78.22194452917147,kiwi
92,52,107,13.00584002117629,77.10082215466365,5.703100245733838,91.66559041628543,kiwi
103,52,120,19.61544036308609,79.95161410729634,5.855331261409396,96.097638082966,kiwi
104,47,127,20.91054986563298,72.01957485480294,6.088117144190373,130.85756138097847,kiwi
96,58,123,22.719320825232856,78.15472438400191,6.826367429147594,101.92324231049602,kiwi
108,46,131,18.70639313879872,73.3047031708221,5.888590770600671,119.15359714781333,kiwi
102,44,125,20.563616574644485,76.6332467310476,6.206826910943684,118.97695936154383,kiwi
94,43,115,19.102166221626625,69.94789418648378,5.486241545292572,88.69964225344623,kiwi
118,42,101,18.3054545963926,70.91834887746201,6.090604720590807,90.78494733395489,kiwi
120,67,119,18.305366778172026,72.66959450525312,6.981584900511428,109.02774110513016,kiwi
91,47,111,22.810773806658613,71.49315710451663,6.166994589651575,127.95387769067477,kiwi
86,52,124,15.88953211889671,84.59885699791876,5.86852301286516,104.69395230746693,kiwi
107,42,115,21.125626095576784,76.26977525461696,5.932892788604012,101.13754415282031,kiwi
103,56,124,18.47242622912901,73.53891371492077,5.623571911160702,94.71999122935368,kiwi
99,56,113,20.136372754636923,73.6771070870404,6.025296588691744,63.73321335778557,kiwi
79,48,122,18.56998630282088,80.3381596071609,6.353017000991852,98.56591464783968,kiwi
106,54,116,19.19204303506921,77.13654423323294,6.2336652203926075,81.01902713030313,kiwi
121,50,115,18.47489030982493,79.22121518899499,6.318903509719177,89.78735789421862,kiwi
109,38,129,21.804337437700834,81.04986159561038,5.8969611514876075,98.15472537280017,kiwi
91,55,117,12.538169184872185,82.12540643385488,5.630646100686043,104.24571194786465,kiwi
97,56,121,18.604846994184207,86.06892178154528,6.23979557554241,94.35836827672495,kiwi
107,67,130,18.010936757570487,68.41643580880955,6.244454609662997,89.12275297565557,kiwi
98,46,133,21.963334922177534,81.17634361963005,5.953786522423496,106.73258613533349,kiwi
103,36,124,20.856312568251845,69.06211295020886,6.13675275908343,97.29471515181814,kiwi
81,44,117,20.502010598529864,69.90653410492055,6.252698332240613,114.43198854609184,kiwi
115,49,120,20.850503858143355,68.45915113082157,6.6876771494266585,122.61361414171209,kiwi
104,50,123,19.067885982588066,77.26043399005536,6.277114664134763,96.30611979687895,kiwi
95,49,125,19.31182631145492,78.65696583462608,6.301788198002108,106.89175985263812,kiwi
91,48,108,20.843206113547943,70.41476310525066,5.659243118441156,110.13845923729926,kiwi
101,59,135,22.4855192401227,66.7626079826251,6.110282836002539,111.58150856067311,kiwi
98,64,121,18.5144958154285,81.0364136258746,5.447444552162567,115.2985496181663,kiwi
84,52,124,18.584540680043208,77.77153371114544,6.599207108451112,109.67825918097705,kiwi
94,49,120,20.924212972196045,83.4453551478928,6.42595912533828,107.24254840116947,kiwi
95,45,111,25.833228729760243,82.04149379500195,5.367154375864974,123.46738202879484,ginger
84,44,113,25.361870736652254,79.23285398935118,5.42787309979015,122.08739936846412,ginger
104,45,110,31.1800284815232,70.26790191446433,6.687397218746202,154.8623271992259,ginger
102,59,111,27.72330296089468,84.02791325254715,5.60259148275426,133.4095163830346,ginger
110,46,122,31.806290143239757,80.8687642500698,5.710152402240893,158.39864367617884,ginger
100,55,109,28.272852702174344,77.91094516561022,5.9390366814848194,160.45838607359386,ginger
94,45,127,27.745619531349725,73.64046236268564,5.317500262222333,144.2841161178079,ginger
99,65,124,31.472738621220923,80.46310202889312,6.309824240718459,124.94739889880583,ginger
80,43,113,30.517196361383743,76.89651064775389,5.6478168703951015,159.13515371603307,ginger
98,53,120,29.670118239987115,81.95721887772676,6.5100352184191985,159.51807796716324,ginger
103,42,124,29.11804477880567,79.84931410241181,6.334250085698818,153.21868649104496,ginger
107,58,120,23.090851802738797,84.14689150716467,6.566681303894452,145.92244108761994,ginger
91,54,122,29.66041979330316,84.08261244176569,6.026265809038087,155.06410642121287,ginger
104,44,131,25.990388815769546,72.42556304032107,6.362314365502437,135.44592157658104,ginger
119,46,123,23.84827489386472,82.31059718478457,5.857614219159849,154.58905848198535,ginger
103,61,136,25.213089566871425,86.4710766674819,6.211649883872092,149.283099700585,ginger
93,55,95,25.67737358263264,96.0937051990852,6.410404915566768,136.61922229240432,ginger
105,41,127,29.47421498295389,72.91623838607867,6.200665008699784,142.0029169703207,ginger
101,53,127,33.4414673183536,68.74535607138013,5.682602725607857,153.9375503590494,ginger
110,60,131,25.400902556812767,77.85653738063965,5.722611106907651,161.50561219225028,ginger
111,58,109,26.778009592824617,93.33551907123842,6.652334575678625,140.10640521994333,ginger
80,60,117,25.439620802866486,81.11016255254277,6.032509706030306,129.29186827623494,ginger
95,58,130,29.295057169880547,87.83355257087813,5.34003746131621,144.7664135992398,ginger
106,37,129,28.925350708803087,83.19242896961292,5.072735465777367,156.9035510410171,ginger
128,56,118,27.34419619139163,77.44457863035821,5.840727686503556,150.98508808192582,ginger
91,40,119,27.85902790316256,89.63702874656953,5.9758987082627435,175.15107619585584,ginger
120,52,119,22.644440695460112,80.36331945390332,6.198725765129373,160.96111750415636,ginger
109,56,136,21.638821316169647,72.8566400640114,6.483574595889861,152.0641846674933,ginger
87,50,114,27.13653587529094,83.00732406939903,6.618520656896075,128.43535107910174,ginger
108,71,121,31.904995725355906,87.45919222938348,6.627066114475032,161.30686679290955,ginger
101,42,116,26.69977430847921,77.78021492062051,5.936596322609843,159.25680947904524,ginger
103,46,119,35.85624408685689,75.59496621829645,5.50354569113353,147.27339104179194,ginger
102,61,117,31.98464649486118,80.54167195428796,5.295639904163924,128.5991823626325,ginger
85,59,113,30.439868683274632,94.33364665850344,6.092754554218834,161.84789606770835,ginger
106,60,132,28.784258076778563,69.33986954239393,5.82004973689946,154.67175177047739,ginger
115,44,113,28.018744059401694,85.23038935152309,5.795048462119412,169.62078832215775,ginger
103,53,125,30.220788725778302,81.06773981529018,6.641588357393725,182.98980152604628,ginger
94,49,126,23.29773921217155,75.66934414858846,5.535443924787682,166.83074621580374,ginger
102,50,125,29.19184950279766,81.25566095472301,5.682255169634978,137.25396063083522,ginger
108,48,115,26.54406683779669,78.58685994877612,6.680711016543346,165.2854803662727,ginger
102,41,128,31.041929092365535,79.11636534800816,6.246964904655538,140.5581646416343,ginger
102,52,122,29.770754581986104,69.46033395620948,5.99026618251369,183.2215671754679,ginger
85,59,123,27.253024854478063,90.01154649338955,6.209431544997525,140.46880729077793,ginger
88,49,118,26.828960561135112,83.50316471080261,5.735651465092487,159.28198969056444,ginger
101,47,102,31.347536347753856,79.40875031572529,6.2036608906792345,144.36038254228788,ginger
83,77,135,25.805555974840722,76.85369780603257,6.314741083266041,156.69852368008296,ginger
102,46,120,27.507394365792223,76.02914026748698,5.653932339793371,136.78976704852556,ginger
113,45,117,32.51203425108085,78.78471211420013,5.876786348393503,136.83355901128473,ginger
107,50,138,26.686926007766413,77.0167247182596,5.894415515195095,121.94502382833619,ginger
108,45,119,25.741453004224287,78.09324335389348,5.41159567012351,145.62405486445135,ginger
107,60,128,28.952688727752715,85.35488823172906,6.3186648704934765,172.97243303274013,ginger
110,50,113,26.551166536298478,78.23078883032598,6.012313439271471,168.78247488614628,ginger
89,41,116,29.68438009032154,86.49605241065953,6.012767616690511,128.7772590594718,ginger
99,50,132,25.817020546883423,78.21349841285111,6.399667435934486,103.51885163380717,ginger
84,48,111,31.46900096772064,82.55264660278229,6.416314484831098,170.82239116955088,ginger
99,53,136,28.863629964950736,72.6690732645375,5.769662322860141,139.8964846721536,ginger
103,55,111,29.82776707419057,77.25403476300899,5.937469041371912,138.80975432451197,ginger
100,64,98,28.696578767256664,83.39809221619731,6.010970396834904,174.88363443316638,ginger
98,45,119,25.351925053236098,76.36395295495011,5.783751393897757,148.95117688713646,ginger
100,54,130,26.69432443122711,88.48960660359428,5.821993258875181,191.10609495757754,ginger
113,52,116,27.492638202655332,83.38099578991671,5.962687137165352,149.14711125656672,ginger
107,49,119,25.634142844589878,84.89636134524149,5.89310321479963,148.71922428287874,ginger
102,45,113,24.76553632990109,85.76560004683397,6.37150336216908,141.86806517434235,ginger
90,32,128,24.044740880251698,84.03013582875009,6.065484009552314,182.64325070109112,ginger
98,43,125,26.405296492231273,74.28674645791895,5.963571015133604,147.32520327780617,ginger
97,39,119,26.852650709534384,70.98027119684593,5.641118649971879,136.94558446124006,ginger
107,40,112,24.782611739808218,76.27178735041257,6.308349180810095,153.2424463460023,ginger
95,48,117,26.637962167560183,83.55402792574232,6.188180153700082,165.59579571801694,ginger
89,54,120,29.28885822922203,85.42240651275456,6.231278925157092,168.08450707453088,ginger
100,58,120,26.27145424477105,72.80430831940065,5.731249194148773,159.90125495441586,ginger
99,41,114,25.797924311864392,89.88445544366327,5.687757835141087,141.60392812677475,ginger
106,46,112,32.10579647464313,81.79711270993653,6.64602215030805,131.37556794938817,ginger
102,39,114,26.650603293971834,79.02418492626735,5.194527237413546,151.9213943793004,ginger
99,45,114,31.252533819788482,84.28892145917428,5.69275730901555,176.1222379424643,ginger
90,45,123,32.52476603947536,71.30638410964143,5.964981008386174,154.50661586584076,ginger
81,62,121,28.02305854712266,83.30563297450995,5.736526822754266,159.51806943520268,ginger
110,41,121,29.181992749582662,90.07079245957524,6.219504963847658,152.96569085727398,ginger
90,44,124,22.998620811140682,74.53810060915173,6.15461912562876,156.97757695018154,ginger
101,61,110,30.26978428021148,74.22434318553175,6.185503267727984,154.51316336548487,ginger
95,47,115,27.10122972043372,81.22980011360454,6.1570042610656825,142.2264648989007,ginger
89,30,112,26.195992556285127,79.78576719841688,5.904479604063269,154.39921303642973,ginger
98,45,130,25.034600960773442,79.75100026718141,6.108644381423645,157.4761406437898,ginger
81,54,120,25.117916937766346,88.94891033261857,5.918277488740531,146.14641068205668,ginger
110,41,113,31.104697169347517,80.98163272035512,5.50990733169148,142.58262505991183,ginger
112,54,107,24.265684902885788,79.6710621155745,5.731445674394056,126.2966125200495,ginger
103,55,120,26.275629648010398,85.20142802150355,5.645472910888825,137.90946956972792,ginger
92,49,116,28.967031877970758,77.6269195839602,6.448382141724342,151.4632088566843,ginger
97,44,109,29.6369345034174,87.45216225536743,7.007630126242841,139.2783324626581,ginger
85,43,119,33.98162428084753,82.49670283847253,5.860429335666742,160.61782180934048,ginger
101,46,119,30.757904789958115,79.76136495979168,6.178831700417584,166.64850129774814,ginger
95,49,135,28.002291957958803,78.42214116790511,6.482461688671606,143.43499176786202,ginger
93,37,118,30.63123573877236,85.4757768044228,5.966704368543247,164.79246707314365,ginger
106,54,119,29.762297384585374,83.94911926685553,6.883879217809348,115.87848985366185,ginger
84,47,117,28.064932221497475,84.10909791839477,5.931289815094581,147.93418477075426,ginger
97,52,110,25.641284775838248,88.3802379256032,6.229076791950951,133.66615356954725,ginger
96,48,129,30.06451340527367,73.86348143228551,5.934576119328618,150.41255260498338,ginger
91,53,125,30.142129303931785,89.86900581992559,5.47125899079028,123.45669641467512,ginger
90,55,136,30.866819571644605,83.96875950443223,6.785894220420205,150.36439981376412,ginger
114,63,124,28.801368967284922,77.43302872321053,6.286632636161302,187.10601420930158,ginger
100,37,112,28.373462977923033,85.09545425576594,6.405899215000895,164.55320786144893,ginger
123,56,114,34.97310717722688,78.0731761235368,6.382787746140942,151.31315838125107,turmeric
126,50,122,25.991673598537993,84.04078790239963,5.350170646548618,134.19365303548446,turmeric
113,55,128,27.22447821057771,86.70087824406897,5.522859695346498,152.6107306031867,turmeric
102,65,113,27.8801197400288,79.32874002821038,5.850822749205588,155.23956749079247,turmeric
134,48,110,32.00113799831363,70.77854789633587,6.199153262566869,149.10585046638357,turmeric
116,51,108,26.615571025732255,86.23135287824917,5.544765141531002,158.04432239849154,turmeric
104,60,120,25.768772561856093,80.9217316669308,5.702566890184985,141.84732135079508,turmeric
129,64,120,30.356301042463198,78.46734225939213,5.50259123582511,133.07512267528642,turmeric
116,56,122,23.713117842049172,73.35242344722072,6.184906195668011,181.76654682963775,turmeric
117,49,113,27.703070201399285,81.4617063284301,5.916513670662518,131.87608843306805,turmeric
127,55,127,27.623235499423313,83.66117108316523,5.810034921743977,173.81266664128376,turmeric
106,69,106,28.304241208210474,72.50053575005305,5.720468816524088,124.05755290459585,turmeric
115,52,113,27.98732309450989,82.1449578826393,6.177731825485584,157.48141555139628,turmeric
140,45,108,27.20183180954556,86.65191990305341,5.975560559131029,142.14647171477768,turmeric
140,74,118,24.703903964133566,86.79044915409233,6.47550122559591,140.16197746902915,turmeric
121,56,132,29.030470364269565,75.41803293280034,6.892134920886092,133.5413716639376,turmeric
119,61,128,27.971725981966095,79.87931445566736,5.878642960701246,148.1178216986944,turmeric
104,72,100,27.604741426772254,73.22856784745456,5.923274892662016,146.59075874814388,turmeric
128,54,104,29.451393506378317,81.8984510977168,5.336253774495066,169.53543036203288,turmeric
109,49,116,31.812800475727137,81.82881685363674,5.459326756013088,151.7761158209684,turmeric
129,56,119,26.90607407718544,93.63406544746739,5.782172432698226,168.93894851070334,turmeric
131,53,120,26.76089834196473,77.53371134015778,6.461926527661231,150.6463543349789,turmeric
127,66,123,29.955370141659746,90.0520046190541,6.056038773187969,134.7958902869475,turmeric
110,62,125,29.866165768566592,83.6784552293749,5.783183500928409,145.9571475963388,turmeric
112,56,111,25.28998524899819,80.41772849665236,6.413492390563611,162.6374797517047,turmeric
140,70,130,33.72208712244392,93.67726580466525,5.680622682579502,157.26965242523596,turmeric
119,50,120,30.508199702723417,77.41992464609082,5.996959485631232,133.47451765441915,turmeric
128,65,132,27.212243835231796,79.52368964861178,5.7001983954991085,153.70773782595364,turmeric
136,65,118,26.685794184697855,72.91141343864061,6.849939507794413,164.7016705878242,turmeric
128,61,118,26.836550997485936,83.30372745148368,6.5588390068221125,157.83183972147276,turmeric
119,53,118,24.25634826317755,84.48618451756707,5.092108510964084,148.83151858406296,turmeric
135,56,120,30.154020754755916,73.1475656339584,5.420596701375726,151.73999071834382,turmeric
114,49,115,31.012401848203428,88.00531378077696,5.157303674794576,151.07423645889182,turmeric
92,66,120,29.248734057789264,73.43551153149231,6.37351994510438,131.81167637858067,turmeric
120,54,132,31.21577210403921,78.59506543911264,6.35194471921287,163.11423968497385,turmeric
137,65,120,28.913344942704732,96.00115040946972,5.47795296302238,176.4641949392743,turmeric
121,53,105,25.323488259077124,75.00432817194053,5.933836074096023,124.86664908442168,turmeric
125,69,110,26.975068763762124,83.38048995841933,6.252815481982787,134.2430540621358,turmeric
111,61,113,24.655442911370574,84.77092802204473,5.795334397188971,160.5163270319928,turmeric
126,54,119,28.191714250467403,63.974567514877776,6.466394665223697,125.23575425216274,turmeric
127,74,122,25.19085459263193,76.3099396043912,5.614865559335433,158.94478527635926,turmeric
120,54,120,24.964542028409163,77.1147497951871,6.108347384538476,166.55293266358132,turmeric
117,52,121,29.479715018620762,83.82487664805053,6.562459641797184,144.0841937680768,turmeric
121,46,122,26.107333497768842,84.740684006141,5.628264447484969,154.97235453636705,turmeric
120,78,113,30.256642899157505,81.80594563067868,6.127378858087557,151.86641622189575,turmeric
114,57,117,28.49422287550158,81.1608490646386,5.393067220358511,158.58445163826596,turmeric
108,64,113,27.687742056842474,71.06822570977488,6.4598648618318615,126.15634298498068,turmeric
122,59,117,28.224287366379293,83.88249835774859,6.109054549588486,151.76540826813024,turmeric
120,72,125,26.795017547688634,68.76921579916305,6.138035965199002,145.38373111526883,turmeric
120,52,116,29.38891011397457,78.96578134017894,5.908407636638995,164.85624615948677,turmeric
126,63,116,23.177464237000077,83.8715332864794,5.890137538699304,145.8616339897723,turmeric
117,71,119,29.634710016400703,75.09733461593348,6.091136229850077,157.4737363577342,turmeric
110,66,125,25.414340142941093,82.00066361840352,5.975591916166517,136.30966198390718,turmeric
117,61,123,24.032896326107473,82.03579286233001,5.397765144817068,132.23927274497018,turmeric
116,49,114,28.18941198594284,76.9803812823518,6.052385179523496,122.482411684304,turmeric
110,39,118,27.89694192066131,78.95843524094053,6.037382733784139,134.83284866128344,turmeric
121,56,132,24.799328333532863,87.65545850117883,6.095003211993568,156.6610970852871,turmeric
126,60,110,30.95258911142699,84.76179328634127,6.322561308400471,145.03144533500168,turmeric
135,52,113,29.657174373708283,82.82345007739785,6.273756685611426,138.19840096525272,turmeric
112,65,107,32.68806950117107,79.49935947512579,6.372948216024894,192.12269279311812,turmeric
118,58,119,29.97459757673134,76.48037287683321,6.210433501284445,148.89815578416642,turmeric
140,53,119,28.112146139781697,78.35796402815441,6.209411394595533,120.23163711625313,turmeric
119,54,107,27.581464231008084,79.77512730080475,6.409313296181742,136.7155195598979,turmeric
120,59,108,25.816362898298937,75.65834038747208,5.280594431129525,149.33169002966983,turmeric
101,53,111,28.16446155041031,84.23374932501801,5.165462135736337,144.2043844481031,turmeric
125,62,108,27.6681591756649,88.63839340978583,6.823432508253149,163.34507379140044,turmeric
136,52,111,23.517790236571454,80.25347856807522,6.167031260397435,171.72426892609613,turmeric
120,64,123,28.510977700581293,76.7261133466033,5.838603014592671,105.51691142417262,turmeric
119,66,116,26.608190938676824,86.23852263946294,6.06505218184885,171.5424346189017,turmeric
117,49,114,30.29929268704673,75.62624246736364,5.9484756467793805,150.0509991591528,turmeric
131,47,123,27.330639233427334,88.18071620873347,5.949274382578499,158.83600632974407,turmeric
122,61,125,28.580482536211406,83.89233174383784,6.214077211601333,150.9622582454301,turmeric
100,64,110,23.910430493670855,85.92779799723114,5.5459164425646525,142.6413603271558,turmeric
119,47,122,23.02292408636027,81.27235816439301,6.136402849802361,130.9332601539125,turmeric
127,61,117,26.183842188838206,79.4985613932472,5.847345497493679,134.16368815267737,turmeric
122,56,118,25.1044259451694,77.04923434817206,5.826407036263697,198.68140599183528,turmeric
122,70,119,30.12167665047586,81.94884914539948,5.999111377119406,161.65762390002627,turmeric
107,68,123,30.17480640588903,75.55264548095565,5.7455655803586865,143.33726459109093,turmeric
110,57,112,30.306099703404744,90.29894982146644,6.539262184132535,152.14322954749954,turmeric
116,61,116,30.848120498910976,84.17753820225177,5.501168757298905,153.8795770307804,turmeric
131,77,137,29.525077796501066,90.22139301045229,5.656105421034525,145.2353086140301,turmeric
128,73,121,25.12677661700692,85.44612418361335,6.049854878171819,142.7626116252052,turmeric
121,61,118,31.766752349162903,86.92026678315433,5.479278759859432,154.11608067788777,turmeric
110,61,125,27.909190473098363,78.66861190456835,6.378827543840965,138.99416322368833,turmeric
122,72,124,25.531091624723036,74.82722786472186,5.370788997992662,153.3543801025722,turmeric
117,67,120,30.075445716525202,75.2452632093992,5.85080304413156,163.3026260917108,turmeric
103,60,122,25.972088231712217,80.10695047681443,5.8235428648330245,155.4611952415823,turmeric
125,65,120,26.67694600107398,83.68439445345525,5.88212409652926,128.4217970791341,turmeric
120,42,123,28.976784158484612,82.57851254835563,5.271194690962872,117.22567316055284,turmeric
111,61,107,24.592473736390566,81.47000119019451,6.090066477648988,158.51948990085978,turmeric
132,51,109,27.014704175434282,77.03503737061816,5.7063397280743775,163.71348232059506,turmeric
104,53,112,26.96192843700421,77.4363343228747,6.120313848722503,171.19704932907504,turmeric
139,61,129,29.44270348202336,77.89217873084047,5.55197911019198,146.00399219375558,turmeric
119,59,118,30.597361250858548,82.85385053057563,6.518939212642308,139.77968407129495,turmeric
126,61,126,30.818117946028437,77.39991300192237,5.648818010283829,146.86456594727628,turmeric
135,60,114,28.873061793412944,81.94584183511577,6.19894309019536,156.71575300005185,turmeric
129,65,118,29.706294487440164,77.85905746896954,6.594531160044386,177.31244279494368,turmeric
116,54,124,22.314863363900102,78.74294567531958,6.078581685257107,130.01685782093924,turmeric
115,64,124,26.933231363690396,88.71606450038911,6.023864907306026,163.41675449357083,turmeric
140,58,121,22.832335308075443,77.617704685901,7.00317389624378,134.48458018943273,turmeric
57,33,47,21.382354593491453,55.59060537963576,6.615542477325442,39.60017729225522,coriander
73,34,34,18.914416230774762,57.77337810298984,6.575085010956852,52.94709472901537,coriander
73,34,27,20.677572018707284,64.18235433882847,6.661712006011555,47.65528535049817,coriander
52,27,24,20.610375949744615,58.13740485640351,6.232003755029481,37.38484109121026,coriander
76,38,22,16.294136775805963,68.85968259191716,6.632301723803717,28.69326071692523,coriander
87,31,27,22.38657577094298,60.61139068789939,6.5151045633944475,63.12755090137294,coriander
62,34,30,20.26951179444163,66.39167592925368,6.49220542503536,28.72828905990028,coriander
64,43,25,17.9959012861127,57.95549403605939,7.08825136772068,56.462851313253076,coriander
61,18,22,22.472977688771657,57.16343016543688,7.079127420013339,61.62409241336717,coriander
59,21,26,18.937528161351594,61.5444002995744,6.069685590554794,68.6890777113934,coriander
60,35,28,20.62143953544439,57.30039048400632,6.123549384455783,59.19248975038775,coriander
59,47,32,17.151301299589154,60.86324854512753,6.756369573908937,49.39333079182737,coriander
81,25,31,21.111152202798873,65.67663626281123,6.523887475058823,58.915886587457074,coriander
39,28,29,26.37271142822871,59.05331215422179,6.334544268019682,86.87052369138885,coriander
66,34,27,19.527334900383778,62.12962911148131,6.805761867517294,35.261816988939465,coriander
50,29,28,23.000511498522044,60.44973471026114,6.478304869975612,74.70398809097426,coriander
58,29,27,20.79079935021245,63.35245183721367,6.248395713210498,31.70886464890907,coriander
63,31,20,20.47763435381911,62.04451663459915,6.538770426578901,60.49607075449881,coriander
64,21,42,24.286512886573913,57.55319648756612,6.008682337660656,42.84012270089794,coriander
55,32,42,17.34886735095909,68.72851995340352,7.329464763235416,54.25365358610148,coriander
72,28,39,19.831135229683355,74.90433396909663,6.37345319645357,32.19563627599376,coriander
50,19,46,19.490190915630947,53.308212607702316,6.146701244575352,38.844397956887036,coriander
46,18,37,17.71644837715875,60.54871763096458,6.551714494981039,61.34453828273452,coriander
61,34,35,21.269374044200053,54.14469407400022,7.098644290313491,62.01379833604676,coriander
47,29,39,18.60029965860115,49.975946475171625,6.5142429856760575,40.73579346169653,coriander
58,22,15,19.08832010463822,55.41471216710093,6.209364460136478,48.843662962013994,coriander
54,36,24,19.784536384959,68.75815860517007,6.85306367214976,61.81851827635451,coriander
50,25,28,16.57390815162391,56.78805334672444,7.238573173251119,81.18994992529754,coriander
63,34,26,20.148506302200808,54.55252180170401,6.414245637540453,58.296286925742834,coriander
83,30,24,20.450061832125556,55.76958633393979,6.639865072065112,42.07910084012416,coriander
70,24,27,18.243184284207302,66.50117431943282,6.073751699426815,63.360681259031125,coriander
63,38,12,19.112873205490313,48.47912593767934,5.677110950591021,75.60373744575365,coriander
53,29,29,22.40620655784154,65.89554487461764,6.237959754868733,68.13353205161167,coriander
82,11,14,14.764924237950272,64.6206509820824,7.443735380696216,82.96893978135975,coriander
86,24,27,15.135068021029197,59.729358354034645,6.553578344140422,32.39698422752305,coriander
42,23,39,18.85145585722153,60.47129679978587,6.840869646067733,26.828018822648577,coriander
81,36,43,18.99690720758616,60.09855000159298,6.8570869561010905,55.89773356315995,coriander
42,36,31,16.206075017898353,63.936273182749666,6.973887844994106,22.03939681199529,coriander
66,41,41,24.678366560336062,53.73255464855955,7.366191558927474,27.611089628901432,coriander
54,44,31,16.76634650909961,63.66340478525265,6.559014014323182,29.262683213930146,coriander
56,36,32,19.71142773547646,55.73640995998596,6.174079033236475,58.46430171752449,coriander
48,39,30,23.414941757249256,60.92101010760659,6.3806573967508085,40.35103711071973,coriander
51,31,26,20.672387257081706,61.9071303063609,6.431637343483183,40.55014556189699,coriander
57,30,22,17.02289901936681,59.40911323401405,6.407389575651251,38.83881313276284,coriander
42,38,37,27.262933715488067,68.96220850127096,5.854032591886501,74.32422614476272,coriander
53,24,25,22.120945471476972,66.47560809702667,6.823597715332539,20.0,coriander
50,35,31,21.11336029002706,63.00440353316664,6.845549962321751,38.357693463159436,coriander
57,45,34,24.081712351341693,63.154152312191144,6.748804711653253,46.58387924795914,coriander
68,19,40,14.104874182088567,59.54175813059777,6.390309724102943,61.98677813249741,coriander
64,35,23,18.703322628019333,57.26975435469123,6.368300328798011,51.85023213882216,coriander
57,27,46,18.408526021981906,56.849970839375054,6.199089982455949,20.016256083230804,coriander
57,35,26,16.124343017925504,60.627114585370926,6.259778939395441,46.144247948743434,coriander
61,34,28,20.40961047963854,65.2648889296292,6.666855179241367,30.7197671917737,coriander
56,20,34,23.527182501589554,66.38993352803621,6.286744870676147,47.48307616039334,coriander
53,41,27,17.487517516083457,62.25869526393584,6.358722648465808,38.935202829486755,coriander
65,29,16,19.530038074824432,56.16256695163265,7.243622461742372,50.8578257886967,coriander
67,25,38,19.184408713476067,65.29586960695589,7.29766568496917,34.1127469955737,coriander
44,40,21,24.616862159650843,57.94458993591332,6.325200451588387,48.044898037593875,coriander
63,26,28,20.34733623426985,57.8929893903212,6.3620888965356395,60.90956831851654,coriander
53,36,31,20.210041847994937,61.697874257223965,6.121286474730276,33.858171855752744,coriander
61,27,30,15.559087873535535,55.124816681369346,6.725304737988709,20.0,coriander
48,20,11,16.886630515080743,64.72743337754277,7.2368184529302315,28.127224677233833,coriander
60,41,29,20.597814901487443,55.5187588448603,6.288058099427045,33.09244010065165,coriander
49,23,38,21.326015442177482,55.20129270793108,6.44831783368184,31.275029813469274,coriander
47,25,35,21.508423231579982,52.03202630441766,6.307671394523271,57.88110533406623,coriander
68,40,34,19.370506561839463,54.00002293120429,6.097503794527508,49.94432300339435,coriander
83,31,28,22.946206552820367,62.960287270254696,6.3248301723387055,36.14037508840694,coriander
63,35,31,19.430096540755667,65.68915921309534,6.633176837044508,26.28589053085561,coriander
59,29,24,19.411491185389362,59.77460041301058,6.041356870688587,36.515632235221105,coriander
63,30,29,15.566582578079686,53.68524030324635,6.629021040705843,35.37668419847041,coriander
49,17,41,19.73277813976069,64.98344385859377,6.960497508457679,69.43775203863159,coriander
63,26,29,22.571414772049078,63.92185402706017,6.728419432495439,44.236908486904625,coriander
64,36,26,16.60095091752433,50.73859541043367,5.855701103003468,37.98448193713614,coriander
62,26,38,20.201892654629024,64.61648819842794,6.02901508627426,49.05820028786616,coriander
49,37,32,21.227041415564646,72.58414644477755,6.489386277806426,56.284370080290174,coriander
66,6,31,19.469028584353634,53.49067493609311,6.08665209204118,61.26570580398977,coriander
73,39,26,16.793620695937953,59.788419560035436,6.16328713592268,54.12513825201005,coriander
84,18,23,22.99160824986082,66.88837138657016,6.00089742936627,44.742257844258646,coriander
55,21,29,16.631587792492894,71.82605002210617,6.948311765611411,39.509156406672744,coriander
49,32,25,18.058949348640766,60.0350564207545,6.178018586860086,73.37629374432365,coriander
74,33,40,19.878333940933913,56.74973457014926,6.056491461279881,58.509102209844464,coriander
48,17,28,21.843347427958122,71.09170054101298,6.081247156428264,56.755231516375886,coriander
44,16,34,19.35163652460048,59.01104656040277,7.2129217062061395,20.0,coriander
47,22,29,25.491386438840184,59.27123921809262,6.838886639938083,43.2059048427288,coriander
58,26,30,22.39961945410156,58.872581552688224,6.442194274311452,39.2862829078657,coriander
45,31,41,17.991910336736513,54.28569644686173,6.278103077521752,58.54026294955991,coriander
38,43,39,21.70917592929526,57.61493331291835,7.116892315283519,49.43934397225102,coriander
43,26,27,22.103723913997438,55.728087631213114,6.763540233003912,33.3131548466738,coriander
76,52,38,23.06107172980063,61.257357349119175,7.117893129896667,57.692259976780704,coriander
63,25,45,18.69857900529972,49.06401559220177,6.960638246300936,41.77492769175676,coriander
70,25,40,17.83602242317873,56.45305915963963,5.722928517762444,54.46738767509838,coriander
81,34,39,18.99265243692582,57.65949524354737,6.857721185172351,53.391465253507874,coriander
63,31,23,18.304811585405123,62.70017119559677,6.343040544324051,67.28524909998424,coriander
60,44,33,20.258485068109398,58.17317206241798,6.129925398845167,36.913436605085664,coriander
61,22,38,20.635587217275326,64.31185303979707,6.072031373139109,48.26640904246047,coriander
54,19,30,19.145298146848123,56.68943018690207,6.24727237097842,69.69301344677997,coriander
57,26,31,20.525872433380254,64.3422290439311,6.310116003508944,48.94698254751203,coriander
62,30,26,19.31767336848739,54.04457727626208,6.999985018441486,34.007303684385306,coriander
55,28,19,22.596524919311634,57.41301967539806,6.511648345602295,51.592915070387456,coriander
75,38,19,20.65399815830627,58.29900361776778,7.071081500872576,48.949225622758796,coriander
57,23,29,24.506866021947957,52.75763426172181,5.895572489500395,33.36236813291508,cumin
43,22,50,29.672318625816505,49.90662523624725,7.000531252998691,49.55037676935975,cumin
54,26,28,25.586197704004803,50.42703759243639,7.00163598500106,20.0,cumin
56,25,37,21.817912486754565,47.962516699364876,6.8795376721795165,56.58162450051313,cumin
65,29,14,27.833603001894733,43.29347590123648,7.174099562950761,30.980577585664392,cumin
69,31,27,22.91191581623432,42.08233601450489,7.145409473821379,56.426498136232695,cumin
46,37,21,24.00342413319352,49.96462902638938,6.869000025446179,37.91425785346426,cumin
41,25,33,23.791533319903845,46.24634716847874,7.448100706022869,40.8714880182125,cumin
63,35,35,25.314867850971428,48.2372544747128,6.764244844364305,41.283838357576364,cumin
57,26,29,23.939211915509965,41.91636112131023,7.277873241218574,34.579883252487875,cumin
71,24,38,28.34033003357134,56.723762235522415,7.229359597838139,66.05371327337168,cumin
67,22,32,27.076346130896706,50.14221127394321,7.288168195277097,38.21991130888007,cumin
58,20,16,26.742586079140892,47.238972861872284,7.4134561195914355,28.029010610711783,cumin
68,40,20,23.390284375514696,56.494100840354776,7.132377314482346,25.078951318661346,cumin
59,18,11,24.986302296165352,55.7979224052982,6.806259266744017,41.444766278931176,cumin
71,31,34,24.859571552825184,47.40425098549205,7.571895843572427,24.42483224680361,cumin
63,27,15,29.07129154924981,44.004450072627414,7.077737967518006,42.282281020878585,cumin
47,22,32,21.873726660131265,48.14254375113041,6.5978805144547215,45.32562840013682,cumin
61,35,22,25.50993830422125,53.398538806113784,6.986201935767715,40.12320387849727,cumin
68,37,26,28.705843512671816,48.87879840392552,7.59453549276409,31.38493758171474,cumin
53,31,47,24.9202732961895,52.50457318434992,7.430132792742915,36.461184546495446,cumin
48,30,26,22.397558317159483,49.6300440128367,7.132901541689615,52.81882224758822,cumin
57,27,20,25.80616746586452,47.38660997950764,6.7059544388579235,33.98573025527713,cumin
52,23,30,28.27015323966644,44.7103106024665,7.648533679898229,35.291001526138274,cumin
73,44,17,26.665392028281207,48.28106076902893,6.926116256451989,56.264421800817004,cumin
46,28,31,27.846934265543155,45.6770055978727,6.852487996395986,29.806907879586923,cumin
71,21,27,22.82722959148728,48.70753041028292,6.4093877150779885,20.0,cumin
65,30,19,23.784151074768243,54.16693402799981,7.321057447396256,40.473220000381446,cumin
62,17,25,23.71443129714973,50.625504792700355,6.907102662806279,52.90282912360892,cumin
56,32,39,25.035390387011144,51.45725806155965,6.553393714000956,52.90089898492107,cumin
48,30,40,26.888820763798154,53.07569667557715,7.265455252057265,46.73460833027738,cumin
54,35,28,25.802544544172324,47.20165005887542,7.104241990710668,48.63178578109958,cumin
65,30,29,22.7360128392065,61.26445857432891,7.2745321937567216,42.17841993191355,cumin
60,10,26,25.108040231679016,51.17667338182251,7.357255340393274,56.59278551656906,cumin
67,14,19,24.92016412230882,44.622776443317846,6.797936855609622,38.37250572072157,cumin
52,37,28,24.369075564149277,57.08277178951694,6.854469734450862,50.224924123533114,cumin
53,21,23,21.919046890374908,54.02554144074775,7.496908980279698,20.0,cumin
54,36,32,25.714457345961257,44.592115998829854,7.455575599546242,77.97379759904734,cumin
59,30,38,21.388545304410506,51.44019704068434,7.190764677864935,31.099686691599295,cumin
64,21,21,26.70296768715308,48.597493107054575,6.8812941647512496,41.26357458619092,cumin
80,37,23,24.320695350164236,47.403496078170846,6.976969178531485,63.05994271875548,cumin
67,35,29,24.731457118805924,52.64783580912262,6.645922739107044,44.27258628592422,cumin
67,37,31,25.57331118334697,44.69185764891355,6.936780150752992,20.0,cumin
68,27,29,26.436661128557805,48.55945655323145,6.649930518903809,42.111895853480476,cumin
75,9,21,26.19560738666068,52.88917428305509,5.912782271825429,20.0,cumin
61,24,29,27.60181888681179,46.298719892679706,7.182861489870698,47.92215781958025,cumin
48,28,24,28.60331018485408,49.189767141453075,6.907710046539096,47.376219795221715,cumin
47,39,27,24.927414816101475,42.52007134842278,6.725821172980851,65.8015652674528,cumin
63,30,28,20.24575089082275,41.44656627097277,6.503137360480985,34.58966792725322,cumin
53,38,25,26.876629079571035,52.20087024350185,7.1658900290462135,24.302849904993433,cumin
75,43,28,26.343167190232943,58.91737937553118,6.565586977087872,20.0,cumin
65,40,27,23.85723289776994,42.45449704861473,6.978012806502862,56.25004317372712,cumin
73,31,35,27.208832814966215,54.49206686513242,6.786192963159516,31.436294743760705,cumin
59,42,28,27.227336319344037,49.98402505073656,7.60294759782348,40.30990877915366,cumin
61,32,31,23.959131900533585,46.201485366308916,7.528726117850867,66.45755758439847,cumin
62,18,26,20.26410564865968,50.21475066599501,6.310920498612971,51.92797730413467,cumin
64,34,26,27.48373918863937,55.665652430934685,6.761316812386256,36.87440512393822,cumin
61,13,46,24.24189662686326,50.94970079604915,6.54287489940132,55.20197751132176,cumin
60,25,18,29.341379689497575,50.800990873184574,6.875639939762087,40.77090964756073,cumin
48,21,28,21.85777446042308,47.72241054505495,6.651676690615481,23.943771193450914,cumin
64,32,30,22.876766454527377,49.897657630024746,6.360388348041566,36.56402210111504,cumin
50,41,45,25.24083871868973,47.667508092677295,6.552463770706008,64.88022933031212,cumin
83,19,31,25.517615053994014,63.952239922918864,7.698269396824978,26.61619466345342,cumin
64,28,35,25.235148776732434,51.713829440313944,7.418790837071,52.60534033791646,cumin
63,26,32,27.585887363185307,49.21668989441132,6.7014354359031785,39.64834942706093,cumin
71,29,34,25.589173167368156,52.5768687159441,7.039646548798534,50.99590207330304,cumin
65,22,40,25.58645353195027,43.27303125067806,7.058686013414191,32.735065104434916,cumin
50,33,32,28.84973521139592,57.640079331014846,6.021968938865548,48.28795131631592,cumin
53,20,37,19.274605212897526,55.435932444346484,7.260689925058597,29.23949586235986,cumin
65,25,34,26.71546423878449,46.36795239062958,6.412568012518916,47.39151706629579,cumin
60,21,30,28.962817399216505,51.87133555356009,6.608447556201041,33.68655023706143,cumin
53,37,43,19.45127487491035,40.90304942133693,6.757737905106046,49.71384480937192,cumin
70,42,41,24.094280156350806,52.82521704975212,7.218189582448536,68.70166925919513,cumin
57,25,30,28.784770174910257,53.64668490393296,7.1988930191985006,36.287528118151336,cumin
66,33,31,26.499936375138518,48.012324733360195,7.224878872455133,59.224840760880866,cumin
30,47,25,23.32274052162079,60.77235938777159,7.2614078431036635,40.44723349734616,cumin
60,31,42,25.50465581800661,52.27569136058248,7.123398804761366,61.39745137616991,cumin
71,28,14,24.455704981187154,51.27384168008462,6.8073416566393625,42.10739722403998,cumin
58,36,22,20.458816087789124,63.9745637365858,6.2269669282938525,59.99241761447399,cumin
73,25,31,20.05162181779295,47.71023678219146,6.68898942063239,45.335425671808274,cumin
59,25,14,25.388603174544624,50.64945300354142,6.925299312445299,49.72562592493316,cumin
57,34,34,23.956349324526037,41.816565841388794,7.011065412540455,28.91631752826604,cumin
53,35,40,27.050741177154315,40.46334027514231,7.107088809154118,41.58958565186912,cumin
53,29,28,24.743598629493846,45.329424804508314,6.710526531839741,41.795930010676216,cumin
50,32,32,21.676164305172392,46.66040948039424,7.414789464296369,56.302517192267786,cumin
65,23,18,20.43591584771524,54.67408198496321,6.922347762924948,51.86318604429947,cumin
54,56,29,24.346039996969907,45.68936950550769,7.504195127923259,36.94668267258374,cumin
61,48,33,27.20010065809508,50.48004821671973,7.102143282990295,36.32202625021532,cumin
72,20,21,22.991265797354288,48.72615283896705,6.720826604130642,20.0,cumin
63,27,35,25.855254841648552,51.786653578180434,7.3087532553750005,32.04052211072443,cumin
66,35,31,25.64544934985223,56.05861435867901,6.703653123882237,27.905990553465884,cumin
69,35,32,21.209110853420366,51.53613524813588,6.578577446332781,33.68967255360111,cumin
44,41,28,24.537612178278092,51.847706779281104,7.379369654770432,58.99523728475724,cumin
57,24,31,25.52013280890408,55.95839299963333,7.014724038948453,71.53842229361759,cumin
58,26,27,20.374760606856967,50.55649778248871,7.044170288802366,38.99466670692008,cumin
55,16,39,29.264838028193633,43.72026446515154,6.628984967334411,41.607381753521054,cumin
61,28,33,26.483100147170312,46.350695487736225,7.031714574645301,24.44322349207998,cumin
62,31,19,27.654085208896028,39.322369586911115,6.795428563980583,70.19078902822032,cumin
54,43,38,24.650898132582842,51.45439430442934,6.731899712930296,26.862639903266157,cumin
54,13,25,19.2117298075309,46.670121987608326,6.588007669457749,33.68685203433052,cumin
63,30,26,16.840420080351983,54.00858208652006,6.655295796871015,52.100633826603435,fennel
65,26,32,17.099964952671165,47.63478615117965,5.8343536747382645,49.53371763164628,fennel
49,19,27,20.052397084098835,46.05049577301631,6.635652960205855,74.45811363934251,fennel
61,32,27,23.896720052094224,60.81754068135583,6.6977442501313735,32.97299682870953,fennel
75,25,35,15.659277630315675,59.89370722348932,6.338284957594765,46.6828718843169,fennel
64,29,31,19.409130229466204,52.498193990464365,6.203172811186621,35.93619441991885,fennel
66,41,23,23.153463405902677,47.18311107309604,6.365979412184672,32.167453394092064,fennel
47,26,37,21.893424251418534,60.734908890278604,6.777154129095177,57.959107561886476,fennel
63,34,34,17.188728792304556,51.00159749284532,6.896361169020417,32.65198486718076,fennel
45,21,31,21.423151608159465,46.55892728293637,6.472542570642134,64.11883658184115,fennel
61,31,21,23.027535230511173,55.795840030699644,6.705643925523213,56.47768850959465,fennel
55,37,12,20.281278386349364,50.10027340684207,6.764073916605506,38.374127110102,fennel
55,20,31,19.92730599244269,48.066225421911355,6.541444632666755,40.17243211175424,fennel
68,33,24,22.77118235209328,53.847293786653005,7.1522230623860725,59.942419665222054,fennel
91,34,32,23.561035576448077,51.980868591748504,5.862315571115235,24.743003783274418,fennel
62,31,43,29.26166425177547,63.08537646933547,6.883420675433123,39.42270118947806,fennel
81,33,35,18.48839232358674,46.98483960388393,6.786615896606609,36.77198506511336,fennel
65,39,27,20.085374300798975,53.398612925989234,6.792952897597644,45.509915953396714,fennel
55,32,34,20.233818816069945,55.627769660830126,6.293680332770016,39.5208700022199,fennel
68,36,33,20.624801192311267,57.84516237033174,6.804595498499323,84.02587762946055,fennel
65,32,37,21.37811451009746,54.613873402463334,7.303550845812765,68.45677616153327,fennel
59,26,29,23.311198537118422,60.54806004094959,5.825505608746417,60.3943544012125,fennel
60,39,40,19.11559511338847,55.41740433997025,6.582208383376324,47.19921987622685,fennel
67,33,41,21.906855705190818,65.17006756624912,6.08680636796635,68.68163440701113,fennel
64,19,37,22.45037296796461,57.78092896214237,6.178448074606281,61.56422082970044,fennel
58,42,39,20.103852992759517,58.45711215599708,6.178210143916113,70.04724302793738,fennel
54,27,33,19.316348606526976,60.89291738203331,6.72130694830071,51.68862382671003,fennel
59,30,31,19.878344962462105,49.54055677561401,6.799335342394678,60.4579597336231,fennel
63,36,35,24.191296271017443,53.283452062810035,6.801168572803062,62.24145991978832,fennel
58,48,32,20.407115838567105,55.26063630733962,6.080712684561892,63.6629326139082,fennel
57,34,38,24.3670839608027,55.952357175663366,6.79168907519674,57.31464407688858,fennel
65,29,9,22.380910230215502,53.94144550361017,6.12281807006752,53.28857218456465,fennel
72,30,35,20.476256159989504,46.1216293871531,6.573131736261036,46.40831031099043,fennel
53,22,45,17.63402367444692,63.578322719423525,6.139740302713876,49.81452887883558,fennel
72,41,45,17.099776169010287,52.649846479317176,6.210500777742893,48.834975185079784,fennel
51,35,41,24.411673318519114,49.517209096440226,6.618554202128187,56.27101539789442,fennel
81,28,23,23.03114917059325,53.08507317520124,6.701076082757941,66.11004936563972,fennel
56,28,18,14.219873464936867,61.35230774029372,6.124354928934906,44.11631469835994,fennel
72,21,36,15.213019985999464,55.78147710472193,6.259117406481831,56.838285957926836,fennel
62,34,20,18.732888701925898,58.47079905518466,6.574251496769133,33.90797348117451,fennel
71,22,40,21.34479505294575,54.25217880532549,6.154646996712913,74.15120681057434,fennel
64,16,45,21.15313408056395,44.31458492135658,6.6775215753780754,53.90989637558589,fennel
50,30,51,15.556077876640552,51.58850584253448,5.48156833909,55.17086698983325,fennel
75,28,26,14.708420374939788,55.10789219350057,6.295973889172701,38.55784540268792,fennel
47,27,24,18.900776375736903,47.2339752717455,6.294683215390888,27.911263771920506,fennel
72,30,33,20.055649205638602,56.07584448356099,6.39046553792055,69.92249204642113,fennel
58,25,10,19.393550597348174,51.09701349587843,6.2163982250618695,60.08726501117411,fennel
51,27,36,15.326576653412111,56.81151505862799,7.22310103637229,68.8928074719859,fennel
61,26,27,22.245900558448557,55.66913251558684,6.39459071724915,51.04398720555887,fennel
69,37,32,19.306678236598596,52.92472155466628,6.036794635564286,49.6119448468226,fennel
71,37,27,19.559169279120326,55.00848400846728,5.729297150161866,60.128393340346,fennel
43,33,22,18.813510559524627,60.536785556430246,7.033254072835045,100.56251586984935,fennel
59,30,23,18.610420612648923,45.20936380120581,6.417715519292998,62.42542917912509,fennel
47,39,29,20.58643411209747,63.42845423209174,6.291266393744175,36.30569479547064,fennel
70,41,27,17.998888402112385,54.185451980049365,6.318345148463651,46.17622894386697,fennel
54,27,23,17.3991485793231,55.825482330098886,7.057127628824899,58.58988403392768,fennel
62,34,39,17.55077495416966,56.24656042826466,6.395879637610775,35.036233679118986,fennel
71,48,29,17.621671120304097,62.358638730368845,6.488308478118505,35.443939030007975,fennel
54,22,25,21.936196549891115,55.0072459601736,6.947899302217677,66.0240943443382,fennel
68,35,26,24.570156989920456,49.50768353065766,6.782986761791901,45.996309120522845,fennel
55,45,27,16.47486745068684,59.07452649342197,6.583057998176171,37.042384006711565,fennel
68,21,30,19.75784544663787,57.02026091980006,6.963205124323946,44.171295116038216,fennel
69,38,34,18.27679314767113,49.53127303811337,6.157785850922484,59.55193055666156,fennel
51,31,23,19.745775358585067,60.42406851104573,6.478060983990346,38.73087716545543,fennel
61,38,19,18.89350545443841,47.0509073072341,7.118195929194128,30.74680972435636,fennel
68,33,25,23.610746160642567,49.59038309632197,5.821784432836413,44.430440254780486,fennel
63,39,28,15.679834114124983,53.27805085991288,6.677881130958037,32.78388686646496,fennel
62,27,47,16.76581626489709,56.179894186050475,6.827986900811444,46.09078728070073,fennel
75,39,30,22.419483265548468,51.48895849673704,6.398627219411762,88.50908476163588,fennel
62,18,26,20.48072092801584,60.62979080745104,6.067661057862468,52.72462465762122,fennel
43,34,46,21.9788189388004,53.027611053118505,6.630020663631658,20.0,fennel
60,31,34,20.55419220249213,55.8299624139961,6.103647039234033,63.433155542467574,fennel
70,40,36,17.567574260389456,50.91881114164825,6.439691902950489,47.056841938710896,fennel
47,35,21,21.102825055092442,54.49815231414792,6.423254236242466,67.952555871458,fennel
63,33,34,20.69224417266576,53.58474142127266,7.285258393328453,60.639768379308975,fennel
63,36,33,21.168845067643826,53.08400908706641,6.845822856718003,60.984643852106856,fennel
46,31,40,21.3913783519033,55.10282674936158,6.477132182231719,32.993446096584314,fennel
65,39,36,22.98079988205951,60.77190005460178,6.857194823701297,50.57664261157193,fennel
52,46,23,22.39184427437214,60.38786247839316,6.630997768951982,44.069712660181956,fennel
86,41,27,18.250221851634567,51.10564973177741,6.690582226752635,60.4105143104803,fennel
63,34,31,14.385094320565768,62.24269344573944,5.849524758491835,56.753321632515856,fennel
56,21,26,15.323567026338813,50.487146888935996,6.37050534384627,30.86560976531685,fennel
49,25,11,19.82599665570354,61.10734650214655,6.716364491127136,42.02195028716323,fennel
41,29,25,23.960569796287647,58.28111526743581,6.212471886275529,62.9901987574648,fennel
65,39,32,22.038781437134684,58.029147231310226,6.462941417404105,63.12158769643139,fennel
46,24,28,22.86755136578684,52.61049031810277,6.8649039059175765,67.87215676685143,fennel
53,34,33,17.37327207784463,52.576815591154734,6.100697721373085,69.0577051591467,fennel
64,39,37,21.64955572884989,59.95085336533326,5.7370241560225494,74.22843104268125,fennel
61,24,33,19.5176459592002,51.4439290451321,5.946491808945208,57.31249282158475,fennel
61,30,36,21.704303690359822,59.55518234896294,6.429604590160061,46.221840913916,fennel
50,21,20,20.923464539282154,52.537165271888625,6.583757869338754,66.9489673201187,fennel
52,33,25,21.22976194570658,52.79989171658534,6.7150959073408325,37.8234650208607,fennel
92,21,34,21.0556291337837,50.10730031984954,6.274078154708989,56.81584721075235,fennel
60,36,39,18.22729873595357,61.49048731359872,6.08603264658082,50.64597778696936,fennel
63,34,37,18.820397162308034,51.723183958441055,7.055254036739097,39.03507816927764,fennel
64,25,28,21.217562754859323,53.70761412412919,6.558421490535573,63.517513969999335,fennel
52,18,34,20.690823939686737,59.756555094046035,6.002405581204547,66.57993204287445,fennel
63,19,44,22.544876600248248,56.04989585783101,6.235131969726038,52.3701594149439,fennel
54,25,28,20.612445362822523,58.15751956390807,7.27927861699724,52.89289224616488,fennel
66,30,20,19.06930219394014,59.67586969030384,6.1274674341524005,53.07759996832715,fennel
128,59,122,23.388560940983563,80.77430527303828,6.046884057755762,191.22631502732546,black_pepper
138,45,109,31.38922077521851,89.05575504559481,5.790499792636981,212.70794333115686,black_pepper
124,43,128,27.77836870669697,85.97023471148594,5.644035458948009,189.06382071736311,black_pepper
123,64,108,28.524281233980112,82.465105224975,5.827388034739692,196.48894629577157,black_pepper
113,69,110,29.590869901244908,84.49913919653788,5.299197953060978,232.08383261311388,black_pepper
133,62,125,32.735666519687626,88.32780510098753,5.250144145436371,187.92335127518112,black_pepper
112,64,123,29.775557078461873,80.90048375607931,6.711844930165288,203.50384081795127,black_pepper
108,49,111,31.22563163635808,82.24186595626634,5.7783507618776975,201.58966370527864,black_pepper
116,59,116,25.63450503181429,84.9541411935564,6.021334286919209,209.09070148241605,black_pepper
108,60,116,21.391426312391197,82.49192028873576,5.921553480057591,196.33749713691103,black_pepper
117,50,126,32.58392173966956,92.18181492618848,5.572785117985974,217.97080660713888,black_pepper
122,69,119,28.636877658264172,84.15107960781297,7.049612465304183,189.25804810608918,black_pepper
119,63,126,27.859203361698462,74.85368344222378,6.004167905982337,186.9884559166738,black_pepper
124,56,120,23.443453679726765,74.98661185981658,5.852080351127798,196.87366764040001,black_pepper
118,53,116,26.224030281283138,88.48766822925279,5.8847447532343,207.1758897063542,black_pepper
124,56,106,26.69347844557469,87.13668089258658,6.383404740532484,179.73174961283576,black_pepper
118,75,125,25.750487950467992,79.13249444236469,6.135858483138289,214.2908090962341,black_pepper
122,65,121,26.949033396495047,80.82474614946207,6.3723131315167025,196.80005105034581,black_pepper
120,69,118,27.28261822888954,86.61009804113984,5.812854082312853,203.05194444298348,black_pepper
119,46,131,28.941089981224327,81.54273878494706,6.1291884954752005,178.86347849833845,black_pepper
117,53,110,30.069549682240424,94.50387140087582,6.175262708760233,212.6428887108696,black_pepper
113,63,117,26.90406604847547,89.2368532756373,5.95904469586384,180.40948737634193,black_pepper
128,52,106,28.400643466402705,84.58412574572479,5.189615320152182,209.6092448924158,black_pepper
108,60,118,28.99256297275477,79.96626678802095,5.921296564268579,178.964342349753,black_pepper
123,43,117,30.24634380524897,82.93498796574558,5.732950741526905,185.1474343979856,black_pepper
126,50,133,30.15819419684633,78.5790333658114,6.389622946804231,230.65692814767115,black_pepper
113,73,110,22.92004822271271,77.02039804141492,5.722822149490182,208.56682997803136,black_pepper
107,62,119,29.05723573137191,78.05899778358042,6.016646151060916,193.17497595603797,black_pepper
140,56,108,22.445017734593822,83.55840795246331,5.776034654970374,204.9214989481972,black_pepper
130,71,112,26.98826948000061,79.38398240245445,5.581685519521735,204.31298662998898,black_pepper
120,63,121,28.66758482777334,94.78771955487824,5.421787590250027,195.61764719725477,black_pepper
126,66,116,24.55896587465743,89.30853463054991,5.942252505872443,205.2110456144558,black_pepper
122,71,120,27.65211558189002,84.73572340013551,5.856181411803184,177.8808048594336,black_pepper
125,67,119,26.49219787466089,79.9121568543622,6.194201707114519,190.97708371633038,black_pepper
128,56,115,29.65598705388416,96.46312994158451,5.848085576047019,186.21595056122877,black_pepper
104,67,127,29.347822626088092,81.51245802072195,6.77743280694785,203.20417175940275,black_pepper
133,70,121,24.37296830625874,78.52314078334675,5.05710414986974,210.14841841556228,black_pepper
137,60,111,29.248658517219955,72.8704017330048,5.926517780936535,187.50633140277688,black_pepper
116,67,125,24.03084797761837,86.31572323099702,6.121166556752719,204.93716822899782,black_pepper
93,67,113,29.369186583378575,86.530103066109,6.095440718397551,161.21608034813434,black_pepper
131,59,121,26.893540660125506,88.51156073902314,5.531980291057739,191.71557329894028,black_pepper
117,49,101,29.060518093060285,84.93204189775916,6.356251707595578,198.16087806878883,black_pepper
131,64,119,30.419177628659124,84.0739291731422,6.520729271684152,200.87129627795667,black_pepper
117,54,99,26.927676563924933,82.41657229028401,6.4726673505819905,225.4264683300545,black_pepper
126,51,123,28.619010970383787,79.62794101768094,7.105716647384221,199.03331316073226,black_pepper
127,64,117,31.03724342594387,91.39340826481289,5.943331162168889,199.9503527732276,black_pepper
129,55,123,28.221107208069196,92.72501565491785,5.846646595192173,219.76552881647797,black_pepper
117,59,123,29.936526866836633,86.19768368274364,6.117315746030857,166.9694687628141,black_pepper
114,65,115,23.701763425831736,92.47466945953383,6.487874250499404,195.49339680253027,black_pepper
128,48,112,35.48070310640955,85.24577106301678,6.001298888720384,196.48985542442105,black_pepper
125,53,128,27.79028042254086,87.66685227724193,6.251585414562379,227.38452335153636,black_pepper
122,60,120,26.688590635986294,87.14717625383746,4.819194145705948,196.98887090982288,black_pepper
122,70,126,28.4382552958594,84.16604532379948,5.968425253070348,229.2593569160256,black_pepper
116,60,110,29.176216256730235,89.87456808197264,5.821325277513296,214.33406890340723,black_pepper
124,66,137,24.40346914243797,86.0365455483048,6.081469971203824,214.2752469829028,black_pepper
122,57,107,26.30843604621031,89.36934666734615,5.637738130244342,223.8167292130504,black_pepper
116,57,127,29.8351898726749,87.54122305196155,6.18553125988051,207.0210075723711,black_pepper
125,51,120,28.31472417300302,84.30899120148408,5.86050235433146,205.58143086210268,black_pepper
113,56,124,26.870935357729124,83.92287846589889,6.4222381901839185,211.92962304654836,black_pepper
122,70,129,27.68834195333504,90.88122038022904,5.761564029928066,226.4588199819388,black_pepper
129,69,123,25.044687444841806,83.66058946763455,6.156034736342926,217.27675626456698,black_pepper
122,64,119,28.635928637034894,79.57162866768972,6.406915480056963,194.37228951386305,black_pepper
130,64,121,22.83169017905109,82.48843711681879,5.581187395729206,199.05561416383608,black_pepper
120,48,124,26.86036636759286,90.63951820549188,5.7194780743344245,198.2453197266639,black_pepper
132,67,122,27.154104062607598,86.73746728715524,6.155499946589771,199.05065899225872,black_pepper
128,79,116,24.32769859368763,86.43791470789084,5.479844030116904,200.63454503974603,black_pepper
116,61,132,31.057766729604708,83.55295402252034,6.613435945037868,219.36587015815968,black_pepper
119,51,104,26.278840416120357,83.35102553686178,5.3370043230178155,191.17662827601288,black_pepper
127,59,132,26.096516472801326,92.91796687540915,6.711747345070841,193.31298770147154,black_pepper
128,48,127,30.877733332436897,84.4878062981663,6.109716208397312,178.34384831058307,black_pepper
117,62,117,26.091842712309937,87.8442540521862,6.06923841947407,196.6283354078864,black_pepper
138,52,124,23.674054923069935,77.75278390177006,6.052824944833912,183.58642128205165,black_pepper
108,44,117,27.05661691683885,87.15738452461434,5.736555879211827,174.47626166725854,black_pepper
116,64,131,25.250384340454335,87.48334611279242,6.682914298176067,211.8039332076697,black_pepper
125,61,122,34.46938140746126,76.15187920124852,5.966553351415512,174.36449602649972,black_pepper
120,70,125,26.660436448150985,80.9009373092683,5.337906848437127,209.28432426096163,black_pepper
127,59,123,25.217801518597653,91.85638079493927,6.609504911284048,213.06717465378455,black_pepper
114,54,127,30.534198938666986,95.47778396302618,6.364999337189435,199.4281966385322,black_pepper
102,69,124,29.737119443028927,82.89150385220346,6.749371691227123,217.49229348895932,black_pepper
128,53,115,27.70653346995179,81.07904201110243,6.194663212881566,205.91825107385228,black_pepper
111,53,125,21.223730305385708,84.94333192329452,6.053749046177509,197.02741060426703,black_pepper
122,43,117,33.55924779276808,87.76842540248023,6.538197790132858,197.24544329030635,black_pepper
135,68,129,31.14574107229811,89.38584409546777,6.14979104803731,205.6725513230598,black_pepper
101,58,135,27.94905624765781,79.9729848005073,5.744405409865405,216.5378770414261,black_pepper
112,68,116,31.717610707201136,79.40769047369362,5.2830598522845955,204.39944924990712,black_pepper
116,45,130,31.306339217492535,88.4627396534753,5.789614260137016,183.56254449841475,black_pepper
116,71,121,29.05831161587961,87.86691735769489,6.197320189011195,197.51655902224968,black_pepper
109,70,126,21.30660526248698,76.65423238216395,6.312398459280264,175.72201573255313,black_pepper
129,67,115,22.56034820559698,80.38944152342486,5.65252764490179,199.55228386703197,black_pepper
106,56,127,25.939156857431648,81.05201454409118,6.389440837030796,195.660908315174,black_pepper
125,57,127,25.121034726325533,87.86342893612935,5.697862215423907,224.41253887675762,black_pepper
140,77,119,33.16331708231067,91.9995207281728,5.719511930836645,180.50733661992984,black_pepper
134,67,114,27.84869400151339,81.16133121929052,5.994303021347231,170.28022185511068,black_pepper
130,62,112,28.95328972343365,70.27963283405238,6.49632613628226,186.40996384708046,black_pepper
124,53,109,29.15605168389004,83.84694228652646,5.602533408677049,191.21356697894356,black_pepper
119,62,122,24.643355041142982,94.87780325883936,5.841177999116714,200.95768892564016,black_pepper
116,64,128,30.25093141265683,80.51538184785134,6.546196481092123,209.20049570087232,black_pepper
122,46,108,26.338304137720883,77.88954670413014,5.501903224536003,205.60022534927057,black_pepper
123,54,109,30.385886283471123,82.23401276483276,5.950537661212063,202.97136832814977,black_pepper
122,68,117,26.219499008803272,82.51072558615829,6.496144120919956,186.69523623948695,black_pepper
94,59,103,25.938027090342548,88.44784573751708,5.236596803785401,248.24099001936196,cardamom
82,55,101,25.555118582809378,86.0913100546338,5.538592615278992,268.61162425841906,cardamom
93,54,109,25.5096408841537,86.06291402862527,5.337814653050059,267.91494509475126,cardamom
107,56,110,27.666271387074207,85.61855490977558,6.376277751886752,233.97978460141843,cardamom
110,56,88,27.32108352339043,80.68242881220739,6.0196718757328735,234.71984170260103,cardamom
93,39,113,27.140315530015727,81.01715162640603,6.673823687772764,263.41513586006164,cardamom
98,42,111,25.026582819445974,89.07052544970041,6.021777833968925,263.1214138821596,cardamom
111,36,97,26.1176436486258,88.9172390970211,5.810799026319285,232.89045567347813,cardamom
102,51,111,30.345666378218368,83.92918109299588,5.950660279118982,240.12609710153657,cardamom
102,44,99,22.400497929804818,94.3242291095363,5.89443983861742,272.9159515735329,cardamom
105,47,105,25.778213413383348,86.20250765691894,6.101048496625459,216.2432213204641,cardamom
103,53,93,19.58644187725702,91.39624994835177,6.573591678529207,225.0603594856695,cardamom
115,51,99,24.858830576433334,86.95030520860566,5.458955485118936,228.17912401426395,cardamom
109,47,100,24.939911835080203,81.8001469696806,5.618707969848298,236.4282143809743,cardamom
90,48,79,23.571215077087114,86.88823377126774,6.03830610975865,227.6223193455803,cardamom
101,60,108,23.647660068899075,78.75595179046792,5.6881179235243975,255.0659347528074,cardamom
95,50,115,22.980174832199573,85.76399800680943,5.682883941712466,256.80949110679404,cardamom
74,61,94,21.491463485845287,92.45447381356645,5.761827140986374,260.9704430319212,cardamom
107,38,105,22.459118652873382,92.4317020667466,6.263208376403533,271.1296094849312,cardamom
98,61,95,26.614707677045693,82.5641877751944,6.281148784659424,221.69567294657617,cardamom
101,67,99,28.827049281714697,83.42435905677077,6.1059579261206025,228.55117334955307,cardamom
85,48,101,26.215135991309456,84.80492284754196,6.146307501003845,255.6614874356948,cardamom
108,56,90,19.009270706794503,83.48758892361025,5.4610280301919945,227.38779900363596,cardamom
116,43,87,23.471508547129545,79.64459912012438,6.014462793543436,234.72228403901815,cardamom
114,62,100,27.121040443748473,83.81585733314272,6.424296224318092,246.726773697366,cardamom
95,48,104,22.545466965626574,84.90097289445549,6.048169280632633,254.06075464960068,cardamom
113,52,107,22.187152975603134,82.004499295592,6.2235432233518955,257.1929619998518,cardamom
112,47,102,28.57027779345674,80.33201810336516,6.151655316555949,243.36288130749048,cardamom
94,49,100,25.717527253540155,89.06683686025897,6.56825531259605,278.41237197446395,cardamom
92,53,100,25.792350456239767,82.98901388962922,6.669181248456594,260.2653918830162,cardamom
93,57,93,23.86969764793346,87.30598897404555,6.307073343626664,237.02900135439066,cardamom
109,44,111,23.236622074212228,81.18278410903683,5.388788492859359,244.9771889809583,cardamom
97,59,97,26.076988838281533,87.02938689744208,6.504828863370836,237.43502100842264,cardamom
92,50,103,25.227881528249455,87.1714254340706,5.644552295285768,225.3492661046458,cardamom
99,52,105,24.700389661214693,87.81728843303878,6.0364329434121435,250.01544303933713,cardamom
106,51,98,26.739042525240514,89.877823800944,6.132897471030314,251.9056459997595,cardamom
112,45,95,25.227705286301532,88.31239631823009,5.986934331214189,277.66613805090935,cardamom
97,39,91,23.531926428483963,78.17956809662051,5.840269712508,263.7734109120583,cardamom
94,58,103,27.05914409358866,89.74265448671403,5.3019108336231415,258.2489817358137,cardamom
105,48,99,24.752082572994972,90.23152672073077,5.953768918200841,254.31530124836883,cardamom
89,43,106,28.327521783079114,97.47145324104872,6.011975815525732,241.8037300278959,cardamom
89,57,102,25.00423667227216,89.43143701966991,5.778020976355924,244.58409055778452,cardamom
101,65,100,24.67958077341716,88.02588009689725,5.636229405863579,255.44354939302826,cardamom
99,49,89,25.180236634698943,91.79872085881011,5.820224284634097,248.44938318324319,cardamom
98,45,92,27.065044209376307,86.68506136368873,5.787851857517597,257.20894924436544,cardamom
107,47,96,23.476965093803052,87.7130859370636,6.713844092099465,247.6448811235946,cardamom
95,52,95,22.212845642364954,78.66522994851634,4.838734930975156,263.32411620324564,cardamom
109,31,102,23.528428912711846,87.94941772540828,5.651174328474532,244.36593341383855,cardamom
112,43,113,26.554569901264326,83.40034459346329,6.386988252057735,238.09165243649392,cardamom
93,51,108,28.841876294162414,75.11326928488585,6.032850819840156,260.42427464872424,cardamom
103,51,97,28.588732580024597,72.67864628170582,5.489835979313823,246.93414625092493,cardamom
98,44,110,24.57975707599372,81.10673869792163,6.048710943992585,274.5516552517398,cardamom
102,48,91,22.929344508339017,83.08874109138563,5.34764640779772,244.16942981305016,cardamom
100,63,96,29.781288401226327,83.34029238453456,5.923113007993589,226.3967531588023,cardamom
104,56,105,28.065490941529173,88.63943688421358,6.0359893521204055,236.40220595919544,cardamom
87,71,94,23.485495494762862,81.46492432708202,6.371142030291729,263.72670220102657,cardamom
92,38,101,26.17105166722452,88.13458379864304,6.397979312402175,234.9379657917994,cardamom
87,59,95,20.814004152718585,86.39413296448572,5.365660061405173,234.962667530813,cardamom
99,49,97,25.39555043989801,86.0217052764765,6.471407631185867,240.8404866802721,cardamom
105,54,109,26.555089483892935,85.94176387104453,6.136080316825792,245.96328753244592,cardamom
94,50,86,26.779753597589337,87.36042376943642,6.2796895932705885,235.98131612515542,cardamom
103,50,101,26.47335154556672,84.37093568054249,5.816463774267423,234.9580583945874,cardamom
88,36,96,27.910902361961448,91.03917824253986,6.071689362750412,250.90991082027276,cardamom
96,47,112,23.80241426617215,79.79993503345467,5.86588936084668,218.28830355451572,cardamom
130,46,104,23.615822949769502,83.63274057074398,5.725049525178946,290.43922559902825,cardamom
102,51,101,24.15844279186827,82.37984618983853,5.879347203905527,274.96597543925077,cardamom
100,48,93,26.776915265828446,91.09348604841881,5.845030056442072,219.9588803879281,cardamom
93,34,95,22.747625990173447,82.43422526245327,6.093341468918786,255.23269461095472,cardamom
129,58,98,25.868918919054337,85.7550304593636,6.3209591357866515,242.84390907953824,cardamom
82,35,105,22.63674328491594,96.33623483440566,6.112447424533582,260.74305411137203,cardamom
104,59,90,27.492319877266596,84.93121962681272,5.990969022798254,250.03349597016071,cardamom
101,54,103,25.137404466767766,82.31566899512347,5.9428212325290986,240.77132088269587,cardamom
110,43,97,23.826789205840363,92.98571936701434,6.091298838249335,246.7875916608778,cardamom
98,54,85,26.075167937768718,87.46215864823843,6.206542745342588,253.2985123489064,cardamom
90,65,102,28.547177474056436,87.8861502905987,6.426188100419512,244.3439963045664,cardamom
101,51,98,26.089227317540267,88.03013957367152,5.71095683179984,243.09143848040665,cardamom
114,50,92,29.51574698911127,73.96238178348351,5.731930712822759,235.62761790496108,cardamom
115,41,102,24.998770477283312,82.72175330464546,7.012736437823351,270.2374074102159,cardamom
95,38,94,24.023280692616567,81.55375440718761,5.8365144772867,244.37074022478706,cardamom
99,58,84,23.649482862244565,82.81525195637985,5.655628990295486,274.11930492886296,cardamom
96,46,91,22.516084744236586,87.80249140221093,5.46239646921361,252.1363091355716,cardamom
107,59,99,23.710107250622382,87.48838126949167,5.693234182381461,236.30928516967262,cardamom
84,59,92,26.320524984696213,82.26147086719139,5.126439953065358,244.86345330114278,cardamom
101,55,88,25.167348244003254,94.16327531110383,5.48375340838991,247.76017952625077,cardamom
100,35,105,26.017644219846535,76.69843754735422,6.7128548051320855,232.0134117811583,cardamom
86,61,106,23.734425265161462,84.55245193030638,5.478422598710465,261.4919855462592,cardamom
116,42,104,24.668246748420522,89.04743268838465,5.4706116230981925,236.42626151930065,cardamom
102,49,96,23.244947493546835,87.89619544432948,5.948481834493339,249.56311684684755,cardamom
118,60,98,27.322881787913705,82.0897431627689,6.142777818890257,259.58707069871707,cardamom
96,62,99,22.403007907941603,86.57541390743545,4.720118618523528,249.99037370763287,cardamom
102,45,98,25.983035621271448,82.46672695822122,5.872566063705508,246.57825739514942,cardamom
97,42,90,24.807523441315208,82.4800337882436,6.023158055315341,264.89495430447107,cardamom
98,56,93,22.8136768488066,85.15478693535826,5.698416568464201,246.8788457527153,cardamom
89,41,93,25.024540577845592,89.26425738110443,6.260762659481121,238.99917598445478,cardamom
96,46,98,24.991209027618098,93.28699681237065,6.251766265983639,256.6034095382814,cardamom
101,45,101,28.07305352046138,92.05815083606143,6.235839494372295,258.0960224042876,cardamom
101,48,98,21.82375751152001,87.75682350671974,5.978944415128338,237.54704534301857,cardamom
110,51,110,28.16602075110504,78.64396866327411,6.057284719793798,259.3515546018334,cardamom
105,61,92,26.43643299638764,88.80998021079218,6.015609577901257,242.85484483834486,cardamom
111,43,98,25.76326169522216,80.18352782580499,5.818032940292423,256.5412916584853,cardamom
90,52,93,31.873447304133826,71.48424180019492,5.47635125174313,181.19489802685527,clove
95,55,100,25.986858823445775,75.6825784652273,5.580137263951371,223.37100968829148,clove
111,57,103,28.497789018608966,88.27095593781083,6.456348835933774,154.45631544887453,clove
105,45,99,31.837186626516743,88.99627258885528,5.822400846708468,234.08534229566501,clove
96,64,92,27.66090636150125,77.65602409023302,6.154564086074377,220.19025988653976,clove
106,58,106,30.732422531349528,91.77138904265946,5.665617765110766,210.04795009235528,clove
82,47,94,30.472365204404984,87.38871715012183,5.755987429284408,195.7041061798635,clove
114,39,108,28.318220522710263,85.47734822657694,6.011981819661697,201.76551100630002,clove
102,43,105,27.18837981475855,87.92405131044492,6.501497414074382,207.69335282336462,clove
105,56,109,26.19183629712193,85.59517329336254,5.933452015527968,178.16002115512995,clove
119,54,109,29.023495635911218,92.50276670793197,5.536744028495684,184.13816981186503,clove
102,48,93,29.141264826402036,84.97609797197654,6.453427056619091,190.0429535235646,clove
93,49,110,24.770136131950018,89.11223579391715,5.731934630137121,189.28284813637555,clove
94,41,92,27.015057628669307,83.76945621603616,6.655321347878045,188.22043979098498,clove
114,48,111,29.565300819788533,83.84220394629997,5.230570921099575,206.72469925209828,clove
105,46,95,22.672191204236466,81.86473710009292,6.346055970700321,203.3226161494488,clove
78,50,100,29.692307019756434,77.38470130132399,5.808591110798242,176.4132686597829,clove
113,36,107,33.19616184745115,86.19863659660844,5.942245415368998,178.79066134814434,clove
96,68,102,30.941485188598588,74.61538974113418,5.98174044532447,221.07867562720298,clove
114,46,97,32.51771227547895,88.3975941564215,6.061583299262987,206.94036088341784,clove
97,50,97,25.573293970803718,88.70746683242439,5.409207448823148,207.0010637511054,clove
102,55,104,29.596846033336952,80.88000102862426,5.441268850047841,183.42679983842194,clove
104,38,89,23.970335344721843,81.22835924556598,6.882464593565528,196.37397039584962,clove
95,73,106,24.775832055712694,84.09853729931481,5.951086011457384,200.13962705565052,clove
90,39,104,29.235370602147157,80.58759339244277,6.584028447276856,181.05558051894647,clove
93,41,106,31.23021331240561,86.3299256223804,5.754539286485692,205.0856755852957,clove
101,57,100,30.52781801979376,88.9040575024602,6.24488235364515,195.22675702673897,clove
87,56,108,31.04277513068784,93.48839259885963,6.590093881491629,179.71146947140653,clove
103,56,100,33.01513553929418,84.9582777871941,5.765967147779211,201.69658804064085,clove
92,47,88,28.388796425162386,82.28353977632317,5.658608496654113,226.46623133316183,clove
93,62,92,27.170306452112495,89.6397596807418,5.869663185016978,184.98860510762597,clove
102,54,104,27.611147677976327,92.61738437447657,5.92905340767299,193.09350274336856,clove
95,47,104,26.14965434861366,84.68359546586022,5.48681593954144,176.6133490556451,clove
97,56,100,28.30418740517838,80.46369932140496,6.074261028923991,216.38893523736806,clove
84,45,103,28.269731914480083,86.68348884806817,5.866518644781325,198.31630499121,clove
119,49,97,26.999820130011383,86.1825755864411,5.702913388459023,187.08490664081825,clove
89,42,103,24.560917898066506,87.0143447713934,6.046292462412307,199.61463265259505,clove
87,51,93,29.841578842609245,88.31237435423284,5.909316799800058,200.78961221445476,clove
109,56,90,27.71579576281579,93.05454359046934,5.645819593777221,221.85301199268204,clove
95,64,92,33.51790618722634,83.96531195970596,5.753086990699991,187.36982513140364,clove
92,52,98,23.79666702089484,87.03240521438181,5.746016230385389,186.8484798150421,clove
103,50,92,30.557157616003483,95.1912217674873,5.535387455446087,214.61383710634075,clove
90,58,95,29.5875555183281,80.78149237139431,6.086492307414231,193.35655929217725,clove
114,57,91,26.965763260726224,81.61793284402341,5.855755778593662,187.01512015472184,clove
97,36,102,27.91095608295963,85.22876469884493,6.082891789679492,206.42020344353713,clove
95,50,105,25.818998489977247,94.85275488610647,5.703987863625639,172.2119708724818,clove
84,43,103,26.860066063648432,86.78746864608014,5.633315002368432,204.6057456834592,clove
95,67,95,30.091384583767677,85.91517756298666,5.321335737736411,203.97404683089235,clove
100,60,97,29.256339637562892,88.03231820014204,6.287120944304316,206.72779373235952,clove
103,52,101,33.241190671016675,87.05308925093593,6.286618290812097,176.78682102913405,clove
108,36,100,30.964024785066698,85.09158161571096,5.866385842673173,198.69737042937444,clove
106,47,86,27.64023469088628,73.02597675776946,5.416347850753215,180.90724917204818,clove
99,46,112,28.859547361659413,88.28787223792577,6.0091556074531,208.30841466809028,clove
111,43,94,27.376287795885304,77.90478191580085,6.904805590209314,192.92503633790628,clove
101,40,97,28.312102360402406,79.89727235284735,5.68480831347778,203.0351079626986,clove
98,53,92,25.04587202239383,81.37486428256253,6.419262400471774,212.51927646684152,clove
116,58,95,24.847448134618347,85.21503027416193,5.867323846433771,197.78560232566272,clove
109,41,97,26.898300960131493,84.57776318528072,5.776241736680637,208.08228379705145,clove
115,46,106,29.956502372475168,82.63149189589296,5.850593672402652,192.01272077166215,clove
98,47,100,29.888118088881324,79.9615972298364,6.136793753717403,195.52177362071237,clove
90,48,87,32.212056309566314,80.44621672971903,5.803318672249079,193.35984342882878,clove
94,44,95,27.922087453661515,83.490317529663,5.653509244439013,182.78494595371387,clove
92,53,102,27.44663656804046,87.27394983931448,6.760498970058252,207.20877155747314,clove
107,33,86,29.419160268049556,73.39353292666132,6.233666188510805,192.37055819682885,clove
98,43,97,25.293920198788282,78.70860808799232,6.08351973526478,186.714449446559,clove
95,49,91,27.33950988146377,85.34622873218908,5.378391925452786,197.53541128768185,clove
93,60,115,27.19257434903731,90.63047899318241,6.171661712501432,193.1822847933248,clove
92,49,87,28.81016114374238,90.5722623417473,6.209607198944887,193.86454718360602,clove
103,39,109,28.75491734742305,90.49882662281736,6.499047016010048,207.13777539179986,clove
93,52,94,25.47715730260388,91.66743979915442,5.135139622273142,188.60174534089467,clove
85,43,94,29.225690590184175,88.58007556225175,5.551050695599706,218.51121804317975,clove
119,62,101,29.9014983564598,80.09481572823806,5.738858221348994,191.67866708024337,clove
95,47,112,26.215316608755824,84.20259324735493,5.467731333441747,194.26762946272095,clove
79,51,108,30.63872822924909,86.33008974923652,5.459622423802805,196.50698690623494,clove
87,58,101,28.36783452562925,82.25698045254126,5.868868438141592,188.22873703374142,clove
106,40,105,27.39332721481825,83.82518828136769,5.482411291428863,208.85351796018648,clove
97,33,77,26.996718484865706,84.47755062335051,5.789170487180666,180.5703662628973,clove
95,55,89,30.559337509639942,83.5926825133715,6.76118834119033,195.3504590395623,clove
92,56,90,28.20216644354523,90.50285485954626,5.892125332168131,206.8589756155532,clove
104,41,101,30.321129587602382,86.60956397858425,6.485602743318904,192.30637569654468,clove
92,55,117,26.039863016728837,86.1324865304636,5.939351414629129,192.10060805422324,clove
96,42,101,28.782719861854254,88.85741547338203,5.734087264323741,183.8718278689156,clove
103,49,114,27.105758946096334,90.70497482814085,5.554727072841427,205.02176429390434,clove
91,56,110,29.688705616279307,82.36203015720169,6.077463190808962,205.8421058799114,clove
86,41,94,26.67049273698059,90.27338062607238,5.888779384883565,202.53805661698243,clove
96,50,110,30.74000120644128,79.74375681932203,6.074339445755823,179.98449375201696,clove
94,46,89,27.4990662497081,84.60470963080844,5.625603326430989,218.27947931506785,clove
102,39,99,25.377454844145955,90.54389678243018,6.313327209940599,209.89730700741217,clove
69,54,93,28.50411527585503,76.8764233218383,5.432062141935939,189.41720156724352,clove
109,62,94,33.383519625861304,80.29911093641132,5.956588391939621,228.85094951208956,clove
98,52,109,25.650036023912566,86.42046999799845,6.294495409476697,191.350648084721,clove
119,53,97,26.24323250150642,97.173360082062,6.850144562194489,182.98006115015542,clove
109,56,104,30.020483750082107,83.36507533423112,6.567860968147029,208.98363115532518,clove
106,36,100,28.917084136488405,78.30292285511064,6.356632071445909,168.69257712554077,clove
106,53,99,28.889102449602973,76.38878451714108,6.096237858742158,218.13193543681416,clove
107,52,114,29.205766973966238,87.4733497185778,4.982789603082904,210.87981572342784,clove
100,49,93,28.424231200061264,91.24436523612405,6.1041305551651295,212.04035947089886,clove
101,46,105,30.476807022973535,82.10246676879348,6.558586910357438,176.05603749204823,clove
95,61,93,28.989661214249864,87.93694876159107,6.468910097931294,217.07153328383453,clove
96,36,89,29.51092178705574,84.32205368051169,5.329764859395544,175.97529271935315,clove
99,54,100,30.256974404694095,93.5594815553469,5.85753985683034,251.684350342362,cinnamon
118,37,106,26.737617869164048,81.93573885756737,5.400793972991338,239.47117911213493,cinnamon
119,51,115,28.761627794977652,87.8437938053456,6.149417269090921,229.00195591283025,cinnamon
95,37,93,27.386208002872955,82.32297510115065,6.031056789653017,258.35658175810323,cinnamon
95,49,91,27.82083240274957,86.64534167705641,6.225058226181962,252.02145517168057,cinnamon
100,53,95,26.551999182716177,89.66559058871464,5.672696822678881,255.83334910548737,cinnamon
104,59,101,30.40647104945678,88.13918510236753,5.365415441718955,257.11704130241407,cinnamon
89,63,106,28.281873019595132,85.32318442334245,6.505765237355325,230.40567151620925,cinnamon
89,59,107,28.05738800856536,95.47072694668073,5.662728564654081,231.03785713101615,cinnamon
100,51,90,30.002099566224587,90.00473548338503,6.270398375830662,230.2516578031565,cinnamon
104,56,99,33.11200726090378,89.26395126102062,6.4738260383593165,253.71516223955234,cinnamon
118,48,101,30.606061738772016,91.1173855734079,5.879434122373371,250.49698453398756,cinnamon
111,57,95,27.637457203410484,77.22445622674208,6.154549165176977,247.66132519756383,cinnamon
107,33,92,25.27004376538746,90.71646643954256,6.191620315155744,215.59280750143827,cinnamon
106,39,115,30.369638965856907,83.78488192414589,5.7024403820575325,226.14528525143044,cinnamon
105,52,110,29.683979782528635,83.17152621364916,5.800940833853314,279.0578316507142,cinnamon
86,56,83,24.3750746860492,79.12299487352135,5.750689442413953,225.2876178210746,cinnamon
109,43,100,35.272047414825984,82.56247155417451,5.902968486545596,268.76528200598796,cinnamon
106,57,114,25.174606401280982,90.15493996049457,5.64075602175309,246.76507103258777,cinnamon
109,47,100,28.07631508730651,87.08104925343903,6.113901153465262,257.1314652527449,cinnamon
97,41,109,27.107932508008254,81.22861077895806,6.024078950523563,259.7851711072651,cinnamon
110,49,104,26.006409339246915,82.6581557299155,5.8182590062365405,268.37184130726513,cinnamon
82,49,112,24.068016786342135,80.34986418680238,5.350883880227768,248.9442419717021,cinnamon
86,45,118,22.736886286034768,78.19381110354189,6.576830710306884,280.58310348397043,cinnamon
90,48,106,28.115165377192387,75.1364400714073,5.445132957557257,254.3045631655461,cinnamon
94,54,89,22.788755760668998,78.4997120806568,5.694565197102942,265.4158344821779,cinnamon
109,43,104,29.35966745008532,88.45434185198556,6.334152709228777,256.72755899832424,cinnamon
116,50,90,29.71738688095372,81.41074993141179,5.883943292313692,236.17442907588423,cinnamon
91,42,94,29.345095822910086,91.79417934744109,5.429171747279474,252.49727766601566,cinnamon
84,53,104,29.29104209365014,81.43833725522363,5.757282670048107,266.7344987354973,cinnamon
103,53,98,25.893253914307774,99.90244149885456,5.997529686450743,254.58271278005694,cinnamon
105,38,106,27.11839615671347,93.23995299058996,6.363136397316608,234.84292431137357,cinnamon
90,54,101,28.24685657863628,81.79910009627163,6.834436012494673,253.89606061108233,cinnamon
104,52,95,23.563549615066744,87.00237618408569,6.182056444109554,259.3602903255907,cinnamon
122,41,106,26.410176801883292,92.09963543329256,6.236630103366551,269.88507660984897,cinnamon
100,54,102,28.322114291391678,89.15851107293022,5.992574975860039,258.2394629797829,cinnamon
108,51,108,26.356697532252838,89.98332227435775,5.8132340896422265,268.0002292374979,cinnamon
129,53,103,30.836231063944567,81.45526839308997,5.769147556482585,229.55904112125808,cinnamon
87,55,99,25.41952925799565,83.69619306087102,6.072686824792655,232.29413416457086,cinnamon
95,52,105,26.511447644795215,89.62385133485483,5.946379286588663,240.74991003837937,cinnamon
126,55,101,31.011376712150312,89.12341479106388,5.803865337560227,234.30838627079243,cinnamon
93,53,89,26.922480925345226,95.60725196176713,5.777947296470927,279.4569082214922,cinnamon
111,47,108,28.012628618434764,83.52583535837493,5.28226207966452,235.75095826005037,cinnamon
101,49,96,28.610278896459178,86.78144681428437,5.452864371133943,232.46675476872173,cinnamon
102,58,93,25.92859849273478,82.63698546963111,5.743760316131727,250.55943799039835,cinnamon
99,59,103,24.71474382837865,86.9950522359046,5.4712741809271535,261.6598395714458,cinnamon
100,46,108,23.81287257533489,81.7915719185967,5.816935764173568,268.4802113222183,cinnamon
110,58,105,27.324715058602248,86.94937950971855,6.5248004509277,255.7293965205096,cinnamon
80,42,101,25.64941218128665,88.68719455108297,5.647386786321546,248.58357144528938,cinnamon
96,58,103,24.89355677174921,80.97300655696861,6.143529630214397,257.5368034313141,cinnamon
101,48,103,24.984864430612628,87.42951358451188,6.062002811086964,253.1208166747924,cinnamon
88,55,95,29.037797420777455,78.80277933182583,5.74978647445963,227.6274613186344,cinnamon
122,45,100,29.802557964151774,84.22751206430463,5.210710033890014,224.73694100834558,cinnamon
87,43,98,28.073262207852732,79.66683531856178,5.802621014816873,263.0637072806113,cinnamon
88,48,111,29.77872087619122,79.16278717898064,6.089488738646152,251.58240689426802,cinnamon
99,56,96,22.74638917371257,90.92539492850142,6.124241544668989,239.50574753244683,cinnamon
89,49,113,27.31073788041446,85.09439519376689,5.293883440991274,236.69569119665084,cinnamon
93,57,122,27.317674548151267,83.97984642547453,6.643104094518561,240.9168035687703,cinnamon
92,61,104,27.325275331555194,90.85945540121739,6.309682631629195,244.40479187834646,cinnamon
99,34,99,30.44906595751513,83.94336686815183,5.55762787299865,229.3241847997199,cinnamon
98,46,103,26.852629820281507,82.71393071101221,6.365450535994189,258.9379109693263,cinnamon
92,44,103,32.16765376845673,82.31270359670422,6.172575636746888,261.9851350060555,cinnamon
101,33,99,25.091272568994636,83.39848958135548,6.082817592100218,239.06573587472158,cinnamon
109,60,103,30.832189056597983,94.23428088313312,6.508729369228714,215.01987888876764,cinnamon
101,39,93,24.923205547379055,90.87042040918162,5.767107163773129,272.9816693732915,cinnamon
108,53,110,28.334515448885192,76.87928200502917,5.674117984099946,239.79785813115404,cinnamon
97,54,112,27.181710592749194,76.8616191260124,5.242861473642155,248.59427138106486,cinnamon
92,69,81,33.12652088066316,85.18282769778264,5.3814605872757575,257.98669048260655,cinnamon
108,51,87,24.422572036612582,82.8735485612248,5.871161320368744,253.08681445405043,cinnamon
100,39,109,30.414303252282316,88.11542294105573,5.431605608016857,286.5838182580387,cinnamon
91,57,104,31.002604991520446,84.03237533691626,6.048613183323293,244.73368205373242,cinnamon
108,60,101,26.197713602470817,87.61117042146296,5.967640432956612,230.62835510476305,cinnamon
121,52,102,27.524793912176012,82.54786646048129,5.429433688181521,258.03743466674695,cinnamon
82,50,103,29.649101266861013,82.9780429502614,5.730631058283564,247.8178760321702,cinnamon
101,43,101,26.254722666930167,91.70845424079073,6.040023345626007,253.59642852581777,cinnamon
104,51,97,28.643006458385678,84.92182812020545,5.8179314167899925,244.08187080576639,cinnamon
89,40,94,23.487774166978298,87.34212467772315,6.034305263318352,242.98878790238481,cinnamon
86,47,101,28.48687161731891,88.96991051596912,5.897208026094408,257.65021870073815,cinnamon
99,49,112,29.16069518320127,97.67259264590544,6.110656469337948,236.1642158516686,cinnamon
90,51,95,28.895096363540052,82.1239881151427,5.5847521525072015,260.37134936921234,cinnamon
102,50,111,35.09644285503304,85.04670112705811,5.909594362584502,258.28164112294195,cinnamon
99,56,100,23.94619240894586,90.13070157840225,6.122575807072894,228.1321013810487,cinnamon
120,43,97,26.322764635678183,88.92386286436408,5.755135646687372,251.31906922179274,cinnamon
100,57,99,29.221638024191577,90.26630859096835,5.826808679291459,243.49869658179645,cinnamon
99,61,88,29.526301531220902,89.83808107030504,5.938172277495152,258.2536747705183,cinnamon
106,55,101,25.78449306884582,80.48527120783892,5.9758294925536815,251.85964466836955,cinnamon
93,42,81,24.378676114554622,77.06386981266067,5.57025868977507,248.55471395835315,cinnamon
104,69,109,26.96291194479228,82.00798790380956,5.922857192685796,204.58611915358642,cinnamon
111,57,103,29.422584210800103,89.79553170648896,5.685051278737594,257.01570576405663,cinnamon
91,43,93,28.62810012943284,79.91785482724708,6.233580460300066,246.1606187186946,cinnamon
106,52,98,26.493532262031593,81.80962083220004,6.27232029981391,239.98932117665692,cinnamon
109,62,105,27.408743939609277,83.47472372742354,5.182967936154634,258.33889456499634,cinnamon
104,44,100,27.149213363941122,92.69292697066187,5.543132697657269,253.82070783907815,cinnamon
80,44,96,33.574639375042814,89.68369490474741,5.648148177476491,246.06884717902537,cinnamon
93,55,91,26.261943183564018,95.61102428154906,6.265276804263875,244.79908396609412,cinnamon
101,48,101,25.25283662045956,79.22135748588983,6.557030243646053,272.4514814343263,cinnamon
100,52,100,25.510369588728043,91.87560577333502,6.716456143427276,214.92919685369816,cinnamon
113,46,108,30.029694432490302,90.18264306129237,6.453470550907207,260.8033997952798,cinnamon
83,46,101,27.85981524106976,82.71101191542527,5.4051726177508295,252.65732770255843,cinnamon
98,68,103,26.676412511780665,86.4974846545836,5.568766475075349,255.9706287849724,cinnamon
101,53,108,22.043145931950974,83.4230151675818,6.176607863681541,214.3368805052281,nutmeg
98,46,106,28.959771304482548,84.5017490819142,5.691459478721975,178.91015642053074,nutmeg
107,46,102,28.20817490630724,91.98656005202025,5.657233388820596,218.5646964235704,nutmeg
85,37,102,29.241130204366907,77.95576667650838,6.192223956506955,214.66037986673638,nutmeg
121,64,99,25.887176222974567,90.28772182168659,6.27822917539663,182.38263400193802,nutmeg
105,50,97,32.231559041934815,87.42926719568862,6.215410859554386,227.50629047071087,nutmeg
124,48,96,25.001944634351368,84.33097723533808,5.877560854308615,198.0230848323546,nutmeg
94,39,96,21.919009835435894,85.50203432636964,5.322983134829011,226.76028474502982,nutmeg
91,42,104,27.02020786876488,82.79767316737075,6.251201111003184,172.8654065071418,nutmeg
85,43,105,29.527837480459873,88.23712176509606,6.340811713912469,169.05623386702123,nutmeg
120,30,92,26.460205967023676,78.0750071589887,6.076704946742681,186.96845714121662,nutmeg
97,40,101,29.40856902317268,81.50872836489492,6.3889055409034885,248.3904881116802,nutmeg
106,54,84,24.703719126033796,86.77349883528085,6.175888395449419,205.80306693970076,nutmeg
113,35,95,24.98829675351529,82.87324428877987,5.726481445531647,211.28244599758344,nutmeg
113,51,103,29.887174789369478,82.1835463309474,6.63482809495395,173.57982845171335,nutmeg
96,41,97,31.273289448665775,82.09643781900844,5.984336240435328,187.94087372166095,nutmeg
94,63,93,30.542613403231165,84.59728412327577,6.137315452322917,192.29769124517142,nutmeg
96,47,87,29.720298983887304,84.77405754941903,5.408081357375573,200.661791472215,nutmeg
90,70,109,33.328058605326596,78.396857828182,5.341686797732524,201.66154404538543,nutmeg
107,56,97,27.567395492261152,91.05377393346375,5.485036619292961,195.08088814372772,nutmeg
93,47,117,28.59194424790749,82.99309365911677,5.526056292569069,190.4136634965196,nutmeg
103,36,93,26.242434268884345,87.66783167668268,5.94537488365193,200.52644905832383,nutmeg
126,42,95,31.230125559246588,80.12592888388305,6.142828048254743,209.6008665658776,nutmeg
111,44,94,25.3953315974465,84.19403391508895,6.219211372232965,200.24151470924915,nutmeg
100,53,101,23.56112497041452,85.60535104160137,6.050487205840467,198.22911606245847,nutmeg
100,44,99,31.06393908988526,77.29784498025364,5.638695971415897,183.54755208775785,nutmeg
98,54,108,21.96638241170239,80.51277289650217,6.62468353977606,206.51425614720458,nutmeg
103,50,110,28.01533863470924,83.6398596083699,5.605787812064481,184.25429895459962,nutmeg
113,36,107,25.93371265861077,79.96318468631792,5.3623483461165975,170.90777737782102,nutmeg
92,54,91,29.021728745120097,85.86591287460134,6.4827220987611005,191.67381842220513,nutmeg
103,59,116,26.30590008533722,92.69787095764133,6.351905333564533,180.63697331916538,nutmeg
115,62,113,30.63151697295871,77.20379631960277,5.634934143127463,215.25792864695856,nutmeg
88,44,105,26.808673289921668,89.05949948419025,6.5254450300914755,181.4185132222718,nutmeg
95,46,97,27.53093502769867,78.54663483266933,6.05948948145636,213.7778250859488,nutmeg
110,61,83,28.10577082853453,84.76149795476303,5.343871146147039,188.6805524091203,nutmeg
105,39,93,32.16631412816321,90.13359263803659,5.380723122312401,194.52641395764277,nutmeg
105,57,92,31.72944992506801,89.59666427049538,6.342695805143503,203.65602346620045,nutmeg
99,54,97,28.04879958572232,80.47232310607534,5.891904576687883,193.54944316482224,nutmeg
89,36,105,25.417930430885328,84.99079830645347,6.0767591138421295,201.21469435559973,nutmeg
108,46,104,24.884987225829747,89.16945646891335,6.30862875412632,209.6824741254535,nutmeg
99,61,90,26.477251226027548,84.81986566054967,5.689334978980381,197.2156771697029,nutmeg
89,37,109,28.99313546287764,81.72886944463899,6.515530535011494,247.57847263604526,nutmeg
95,46,96,25.736515017118265,72.53455477032858,5.517609951861444,195.99929350808324,nutmeg
107,43,113,27.499291499854642,91.77256738563355,5.718181535351249,187.27344452426834,nutmeg
98,48,94,27.8982366291907,87.49308618649616,5.633616080451489,212.89954044467135,nutmeg
95,38,99,26.892307139604082,82.45164608419233,6.467974234496859,207.4917427863846,nutmeg
99,48,99,26.736395895214397,90.32745151638755,6.222050351934625,213.97164755913582,nutmeg
97,52,105,28.930583075050397,86.2695156266903,5.609652962319769,176.48766452088887,nutmeg
107,50,96,24.314532279779183,79.75061633717678,5.7267385655938545,217.50945597914088,nutmeg
108,55,96,28.989194485504605,81.7576667155417,6.120188647285524,210.63478199365673,nutmeg
75,57,100,30.51104007153867,90.7681995129358,5.928631970457707,202.61700823933575,nutmeg
88,43,92,30.110036198236457,81.87322788709169,6.344447435237742,204.0263104256901,nutmeg
99,54,101,29.62584528388951,89.74146591567425,6.461464266536463,213.52021093318822,nutmeg
111,56,91,22.23285341124183,77.74145142118176,5.628727271166287,210.8138970515445,nutmeg
95,50,99,27.8381758792749,81.46836680439372,6.62752814696866,197.46606185516407,nutmeg
111,44,103,26.834540290859685,84.15902086598305,5.291216634620024,168.13014585739188,nutmeg
104,54,101,27.172692664546048,80.09798853130388,6.014271728852926,177.65858621716353,nutmeg
106,45,96,29.02434030297497,76.21695563913377,6.253090614526066,192.61702189542146,nutmeg
95,58,109,24.01696470208601,77.35788615433692,5.7740666548916755,175.75508260135751,nutmeg
95,55,92,29.39992119892283,83.64360592398351,5.948917620001354,199.65792272146484,nutmeg
104,55,94,28.91477485452518,86.78310874549992,5.738814588325198,214.59123729512612,nutmeg
107,48,105,23.147761529007504,81.23905251044205,6.276422355596606,209.83437445910764,nutmeg
86,60,82,29.719188023815008,93.81689888604673,5.886994290972735,198.92473006725842,nutmeg
105,52,90,25.506703934079045,82.40425540011901,5.754587645491425,208.30358673098118,nutmeg
88,57,86,32.618934250911195,84.65105166260251,5.381745580418746,191.81527802217246,nutmeg
104,48,99,26.672043710905463,83.35947561946351,5.4503006038233,211.9899685890194,nutmeg
107,53,100,23.523920921228488,76.90542926370458,6.302634850223233,194.08823348902845,nutmeg
90,43,102,28.479472487467152,81.05298114125243,5.7641413967173625,177.6154372010867,nutmeg
93,59,104,28.106864712859604,87.33578570395123,5.751447084930916,200.10499419571448,nutmeg
99,56,102,30.592097369776134,89.48502159232491,6.305483836984423,196.1224337493813,nutmeg
105,55,107,32.02441575321052,90.92396872119573,6.337428087264943,205.4835393483772,nutmeg
113,45,107,29.539612559355405,83.53037818089427,5.978255304557437,180.70037356038603,nutmeg
85,49,115,30.219643124216446,78.74626548642851,6.119554719285909,200.82978055573543,nutmeg
109,52,108,25.812328390572336,89.02862907752686,5.897346001559002,202.91378410856277,nutmeg
94,41,103,26.260100958668545,84.78222623488891,6.915846338196663,211.0128842354424,nutmeg
103,51,95,30.180649910842938,83.42881651823683,6.329631410823492,185.2462997204119,nutmeg
85,49,93,29.38794069368247,84.45338030343763,6.884111303225939,188.54088860546233,nutmeg
94,49,98,26.60402178884418,78.05908306177994,6.48086099931018,190.46469378993095,nutmeg
106,40,101,25.03111224514213,90.78222170062121,5.685432571991683,183.2078285992946,nutmeg
88,50,96,31.48131991243608,76.48213694197578,5.7977273424815055,167.39667901513081,nutmeg
119,55,95,31.76790966199656,85.791020843545,5.932636414369338,219.14695108687488,nutmeg
93,47,112,25.551476489670957,86.50587723951995,5.741923772394834,208.17048321609377,nutmeg
98,53,117,28.56233521093833,80.60506866987028,6.217822246616393,205.8723960481029,nutmeg
106,44,96,25.8884347527537,88.1791234105173,6.11593429090477,220.26657774885683,nutmeg
89,54,92,28.524950785709756,87.94383752808693,5.924231309941593,193.0305233105637,nutmeg
102,42,98,25.108050638085047,87.88212429123855,6.83424985284563,211.6075380253669,nutmeg
110,53,88,25.2446125152693,86.68845583290033,5.336096029740697,212.53693116359398,nutmeg
107,61,105,28.80652297616665,86.94382755737094,7.136834337777341,207.61920025296158,nutmeg
88,35,100,30.957661361152645,88.4548423830514,5.677503087040729,217.46858454985232,nutmeg
85,38,101,28.220800863692563,74.1144183006235,6.098389715449669,214.82573922458147,nutmeg
91,58,93,32.52595938471657,85.74490596938746,6.084270116433061,187.67922389951144,nutmeg
83,56,93,24.106832425295853,75.90955896203216,6.266281076397211,205.0987599042621,nutmeg
98,57,107,27.51382930557556,86.82046969125119,6.084938762560599,203.14290694543882,nutmeg
81,38,103,31.271822401726368,88.92133723533229,5.508455426838379,221.3741832070286,nutmeg
102,43,112,27.595633318536052,87.7959045217932,5.9699954350198965,197.09170364274334,nutmeg
117,61,110,30.739657982978365,77.11711273838382,6.500788154248389,186.39419465450527,nutmeg
113,55,98,26.798350980367942,80.07214218120174,5.6080086450600835,173.1012028875322,nutmeg
75,52,113,32.31913259995992,84.88010779820593,5.673092644638211,189.55775838678795,nutmeg
106,55,103,29.72041502425526,84.91781809883462,5.701182553081106,193.59066984420346,nutmeg
107,48,98,27.98294585304669,81.81108232939249,6.27443975738633,200.44804025225312,nutmeg
118,79,127,21.990802339397415,75.85904860674778,5.808316920636592,115.23018797309874,tobacco
118,71,118,23.50857003481526,79.26579203913909,6.232973908868905,68.18794550026796,tobacco
115,69,121,26.14415154497083,67.46521444613069,6.408289484302258,84.80390444828026,tobacco
115,80,115,23.219121922204504,79.07139980443219,6.006611923052454,73.03489290764827,tobacco
112,82,121,25.500734400689314,83.46294012246105,6.504421717923789,125.19857015170093,tobacco
107,76,136,26.7032774147617,84.20357179875646,5.835784805003145,70.30424873943059,tobacco
116,90,121,22.893342613358506,74.83141397977302,5.530630790397515,113.30926112893704,tobacco
97,70,118,28.710333433747113,75.54541868573064,5.700270993905281,97.29201076146599,tobacco
113,87,111,23.592204319019757,80.09973289891687,6.610693330718291,100.74993711911922,tobacco
123,88,126,24.733738597669443,80.05066025348174,5.5301495967484655,104.80421645639457,tobacco
118,82,121,25.742278725387607,72.01520809995257,6.521528891573782,108.84567503199641,tobacco
110,72,125,23.531040138397557,63.40810580983394,6.100011868512364,83.7057589640858,tobacco
128,71,125,24.87481620842121,75.06840054881063,5.980845068011323,106.73947087648152,tobacco
113,75,112,28.513392683604778,70.21841873568584,5.8562126775430325,104.4730021245133,tobacco
110,93,121,24.736608839752925,71.31868960492699,5.695549525132225,112.50195429778337,tobacco
120,70,130,28.53042598328954,71.5780804437456,6.074158551015753,86.22596512465385,tobacco
116,94,122,28.33822820342911,73.42272655997232,5.77452810997481,99.32629946142667,tobacco
121,89,118,23.702553164332507,77.38487941019508,5.8021972855218324,100.49376427760555,tobacco
110,86,121,25.19664694854532,75.45805197541233,5.179464325405572,114.19787235925162,tobacco
124,80,132,27.323420580004527,76.08982853113477,5.795635033864614,89.9300341938708,tobacco
104,91,114,25.91892918339817,92.54741275338587,6.632093262390338,111.0363513844767,tobacco
120,81,127,23.211343455165135,71.27915220753671,6.1648316708179545,112.5713021576576,tobacco
121,67,125,26.247180831995205,68.42721215410934,5.900651707506798,90.47198574498856,tobacco
119,87,120,29.840618230268337,77.29318996674209,5.975150929287976,101.10920440105657,tobacco
126,68,118,23.28285451505668,60.54926955210583,5.536226031071039,99.25338498125095,tobacco
117,73,118,20.585863830641685,69.63141333323381,6.653081911318859,116.48296064936065,tobacco
130,86,119,28.873641761269397,79.45017241816211,5.928877215222464,81.18228705576225,tobacco
136,92,120,26.036088441046395,78.74095387771345,6.006367990922665,101.7951949045134,tobacco
118,74,113,26.752826612857543,67.53415263768444,5.75262488631658,125.42491824682416,tobacco
131,84,119,26.750276886343855,67.46959103885276,5.832825539813946,98.63403217236076,tobacco
116,72,121,26.69613214182644,81.32597857565283,6.052791732114624,115.4523968189452,tobacco
140,78,113,25.811652192912288,87.46136816963566,5.9389178956883715,105.31866957232282,tobacco
122,73,131,26.804520662107254,77.18567803259151,6.206264541979008,110.99971442083165,tobacco
120,72,132,26.53745228363528,71.09972992349992,5.548352607625307,119.97186948341147,tobacco
123,77,127,22.439931011494835,75.18175332122841,6.183664436825344,137.4188872938889,tobacco
119,75,127,25.252989438834625,76.17573357447132,5.372134964933113,86.75416512051298,tobacco
123,79,129,25.21427878194605,76.593259739926,6.233893688067159,116.11844149006589,tobacco
100,86,107,27.55301487058839,77.07906948393905,5.947171712186768,75.28811147931172,tobacco
113,67,120,21.332993840896055,78.32631670206742,5.647306770568484,114.28683941284295,tobacco
133,77,127,25.56499804883146,71.76957396365644,5.806881611839044,105.86762663220463,tobacco
104,68,123,25.556719909167434,68.09918962329719,5.63372859391726,81.24138426668347,tobacco
111,85,120,25.98324461446936,65.00316990895834,5.792480022399882,110.52406259939877,tobacco
124,66,120,28.658911675584623,71.45806065803977,6.316704214297819,98.8505904541359,tobacco
111,64,124,23.69059221663613,68.99431593170522,5.712447056905847,93.89048080182,tobacco
134,67,111,30.8145608382869,70.78289807010049,5.529612384505841,114.21454308048922,tobacco
110,76,108,27.384413196051128,64.41147580924934,5.568110771675225,102.60710421480704,tobacco
115,63,115,21.16520734069018,73.83977943533947,6.314610692688265,72.50304148209318,tobacco
120,91,120,21.769790589092125,77.57305326305334,5.659472203322079,91.8299215545885,tobacco
100,84,131,27.740333317276885,77.66726432687496,5.601667426258001,93.4583882117486,tobacco
120,87,120,27.8932444515684,73.26816050522854,6.017154761263349,94.6105810504926,tobacco
111,70,120,24.395739040475867,77.83828213467831,5.622980109597949,76.59757946677182,tobacco
119,79,111,23.335838461787123,74.13490406972022,5.215794140466137,102.55182701155,tobacco
123,75,116,27.53393908091912,68.39595143145975,5.782253249838174,119.83477947435347,tobacco
129,68,107,27.250725555875057,69.50336786243777,5.915559965777262,120.20319336236204,tobacco
132,67,126,23.63810933083525,75.82575066425025,6.1849604798584314,107.5447843240181,tobacco
111,89,125,29.572076241142714,75.80139951513985,6.59827265141025,90.4502152967861,tobacco
140,86,127,26.37803560510346,78.91077403579042,5.819659458270883,123.97660445424333,tobacco
130,73,112,27.425113536560076,69.15081776217436,6.587339844336299,75.76928180413438,tobacco
102,78,132,22.304204324306944,71.75407203018342,5.610972428740786,110.55528919633892,tobacco
106,88,117,24.600254101944824,71.35634022989534,6.059074604580641,90.89277156116117,tobacco
106,81,120,23.05850587506611,81.41696930541835,6.486154413198572,90.08540951801398,tobacco
116,74,138,23.778689198164674,80.76171270129099,5.964918057643858,74.7876024349114,tobacco
122,78,126,25.041535288203146,78.5604771325013,6.257829503650654,95.86474436914746,tobacco
130,61,119,22.07296090029613,73.32767671904243,5.251395470921838,92.30268221462354,tobacco
120,89,131,30.16568071367716,69.77905564724807,5.625432157152344,109.25826771061642,tobacco
104,69,106,23.97216188419673,75.76256819412043,5.50997809732783,105.66822573835772,tobacco
140,87,115,23.227079075055446,68.67249813235442,6.089518252154038,96.90274302719423,tobacco
103,77,137,25.263705944081508,71.77471766483785,6.37116518742828,99.53374495004816,tobacco
122,82,112,23.309204961378434,68.6064321808073,5.563790239255689,80.60066691580091,tobacco
119,96,113,22.177278912610102,76.86794170209687,6.262774060814446,93.04587322646084,tobacco
119,83,130,22.08110618446966,76.61588929354231,6.16914917566654,84.65196245425527,tobacco
124,81,121,23.5750662613606,76.49487149678012,5.911285899215162,107.63952131641427,tobacco
124,97,114,20.85846153721148,71.79563222220648,5.604750994701182,78.35195855880153,tobacco
112,86,112,19.976347969853485,71.56510970920273,5.5820037342357836,136.64331914291023,tobacco
103,74,113,20.298500953930873,75.12204895605336,6.240775046012133,106.83376791681192,tobacco
127,71,113,24.8615596484571,73.39887802613937,6.364890421218721,100.65426324097308,tobacco
132,81,115,25.10577688193739,70.07310225716226,6.171541214112039,79.90237679513322,tobacco
127,78,133,26.460110108542885,78.28101419701055,5.456024756097563,87.96757767339403,tobacco
124,73,117,21.89176229713313,75.20336037662805,5.9266906321079595,98.25117342161933,tobacco
110,75,114,21.77079738852852,67.31615291205502,5.983617624861863,86.71511488356285,tobacco
121,76,131,28.419794397342798,76.72178848277801,5.935816276156338,94.99028788799411,tobacco
114,82,132,22.825238388863525,75.66507603281208,5.952713850566393,91.96158805757264,tobacco
133,71,118,20.31956199824699,76.50726116457429,6.331581122324674,92.17049251161829,tobacco
121,100,114,24.30502619629883,74.99665047937924,6.071355027913599,81.6774579293417,tobacco
126,93,111,23.838436756711385,64.85422465796768,6.007152076394234,116.18577992660565,tobacco
115,90,125,27.82896700812831,74.41414368567017,5.781699681233362,73.36782263973559,tobacco
125,78,112,25.729503971002995,68.93316163431426,6.417893083115758,84.54635624697262,tobacco
131,71,128,25.266075090392725,79.79203339664923,5.811790304529079,89.85041116764667,tobacco
125,73,122,21.83003802138366,70.03273999594761,5.898403084587246,92.89487672090337,tobacco
124,82,117,27.874793731119077,76.90317723870297,6.7781723686472315,71.95157700646931,tobacco
118,81,124,22.89092811521577,72.90944387459405,5.850063380626056,83.54803314148626,tobacco
116,82,98,26.672227316842857,72.26973112392173,5.981407028217644,96.11087817597026,tobacco
113,74,118,24.716680963977268,77.64277882922025,6.412290064648786,105.70317018069872,tobacco
120,68,127,25.856243494787563,74.94361346848855,6.207312351399297,101.67837157057897,tobacco
135,82,115,25.869502150720074,68.93008549024444,6.025472968968818,110.61443819156453,tobacco
119,85,119,22.680346522065687,76.45648052278023,6.579240790613935,76.2890035716118,tobacco
138,71,127,26.23683072199249,78.98125000739844,6.483371070043937,112.01511640653308,tobacco
109,98,114,24.08468637264216,80.18239681736935,5.523280445037878,108.5738261363566,tobacco
119,76,116,25.775930126696778,71.68340518089778,6.080730859627589,71.73278665535847,tobacco
118,69,121,25.46326726905122,77.60576633824701,5.837540809652766,80.12206435131577,tobacco
104,45,102,26.767286221204145,87.0135496452976,5.470779638479259,218.5244675844204,rubber
100,51,85,27.57583180740418,88.96189485558882,5.521113476221441,242.99451467237978,rubber
92,42,90,28.535542102629606,84.50716273199663,5.8879001075934765,252.9794306370626,rubber
106,39,79,30.717925646692155,87.14893352746441,4.947574324119557,265.21448653253213,rubber
93,40,108,26.25322694678721,76.4785320728997,5.245926031349563,274.2902400497603,rubber
98,38,96,28.62682054204358,94.97047900400004,5.82635125825071,250.04346112320016,rubber
93,51,88,28.741972343506724,73.4776622526825,5.350239766488229,228.2627813158686,rubber
115,61,99,28.358075691177422,81.74823417315847,5.350107037347286,259.22359062457787,rubber
112,52,93,26.44135426103919,80.29031122813473,5.043899886090324,237.3637802969427,rubber
88,51,107,25.888818493065845,87.06396949801236,5.684522019269903,222.3707139307353,rubber
96,46,90,29.301741517639076,86.31058642424063,5.000116739460352,245.90288850224204,rubber
105,39,109,29.07166648146851,84.06879689742303,5.865299122429281,252.49156553271177,rubber
93,34,105,28.27625776208778,85.1143383161589,4.590644660494809,249.9708582347504,rubber
111,41,88,27.75391321697082,79.07394732628582,5.257008522336872,269.83908779966663,rubber
107,37,105,26.441699085367265,89.47762838482913,5.255817832227061,259.05130079081067,rubber
88,51,99,28.42073396599141,78.38357959571316,5.760766417729471,251.5403048736169,rubber
100,38,101,24.249164373014835,89.64463388972163,5.178342978120269,265.9939019393417,rubber
79,37,110,29.475446342630658,81.33760719215307,5.8946168467465165,255.45933962988374,rubber
99,46,90,29.903173249608983,81.89515623203674,4.431457410686051,250.72426908258845,rubber
101,49,107,33.57191299063298,78.99238696059112,5.319422859486682,261.8051163516578,rubber
107,47,114,29.728205881502124,79.97533934012009,6.065954999935857,231.63188845590903,rubber
84,62,96,30.318248136472228,90.24560670517914,5.633922565803249,277.4187976876508,rubber
105,63,84,26.170651145037976,86.72633513051052,5.4909117212462055,251.90155875027685,rubber
108,47,95,31.048556799822688,85.87575638796592,5.83182283075108,247.03370772009848,rubber
100,46,85,31.149433866455364,94.87848599183943,5.536926825177365,221.10462903762004,rubber
104,55,101,27.178272208937553,90.5984047115261,6.290533365189141,244.75371333248603,rubber
114,47,101,26.078137173551035,87.97898063965548,5.656618568503409,250.78847602986747,rubber
110,53,104,23.79378128921079,80.24227670232167,5.56471085754684,223.23642113149012,rubber
119,43,91,26.232570327334614,85.5951636965949,5.277178872432315,248.87651564646958,rubber
100,60,103,29.370130959268092,86.5767695932878,4.695220703976812,258.90110789224985,rubber
105,56,93,26.960491440801942,78.92114482097946,5.435225208606638,244.29001803572515,rubber
113,46,102,26.290721843120068,92.58713003402407,4.8010980468742215,240.540193292802,rubber
100,51,100,23.882821378803598,81.08346977027354,5.023422302632343,234.17341799173022,rubber
99,48,95,24.71638329882918,88.05516185299368,4.734710614492005,274.51177004014744,rubber
86,72,105,25.281175820750327,89.53884975062735,4.407869403514905,280.2306169762008,rubber
96,60,102,25.41645679147475,86.96619049218673,4.523546497389197,225.73064922085393,rubber
109,61,92,28.718724405320412,80.51293570210925,5.8334101570063766,252.10250334031937,rubber
87,59,100,28.40835724491287,91.7251894071472,4.678806345927741,260.47281968695955,rubber
88,57,86,27.381541750390912,78.45521793948419,4.727402291647023,262.88099784612916,rubber
96,39,102,24.084660225601898,84.61764720393704,5.398477810480261,231.63880479126342,rubber
111,50,92,28.228596381521246,83.20353889869169,5.610630237037403,241.47506210547763,rubber
98,36,102,26.32914461111766,88.36391156736427,5.173401712704682,270.1018189235908,rubber
90,55,93,23.691340830220273,85.82337790868807,5.901811593296859,268.4207151959251,rubber
106,50,87,24.290859344013686,81.8244548149789,5.5927942707898595,244.82998602681656,rubber
107,42,102,24.935146763471753,75.83593636438886,5.244387702848432,234.7279849936623,rubber
93,41,113,27.001612031860116,78.37596437253171,5.194145912054756,253.5221983832672,rubber
95,46,103,33.10463977357501,81.2331403253294,5.032209402100101,259.93357465330064,rubber
95,52,98,23.216107934977323,87.17381574968597,5.278763752914227,237.78598018431387,rubber
102,43,89,26.40598959642126,90.7198955528311,5.455720486708061,242.21673592840833,rubber
105,51,95,27.300857649073645,81.98108058928624,6.101225470090985,224.92972233231677,rubber
100,31,97,29.11475752926461,88.28383203723166,5.23639452318411,246.89785560588902,rubber
92,56,107,26.67771362296398,83.44121386275187,5.207615372477615,269.86224275864424,rubber
95,44,103,28.24074821740735,80.59278888704702,5.377307257386392,234.618412801875,rubber
99,55,110,31.367676864635744,77.62699903304642,5.6705944501365115,249.90140343317913,rubber
100,39,93,26.378387709622487,78.98485459549511,5.190636900283047,252.19525481248135,rubber
90,57,108,22.96726761780316,93.24612676000277,4.866510435925901,228.90971643781467,rubber
107,51,96,27.47291361320094,85.86446487834539,6.03588208910895,232.65427776745608,rubber
96,43,89,28.01915172515841,83.71112222617451,5.701868157496219,244.14678611172187,rubber
104,46,94,27.530999544408697,87.78491983460944,6.085132633932912,274.36657177087443,rubber
98,55,90,30.050736756286437,82.06341533349071,5.831535438034239,256.6415580174638,rubber
109,60,99,32.03003954960421,92.33572177327474,5.681463934106398,278.6880288681247,rubber
106,51,108,30.566505163382036,89.18077386335888,5.984303173397975,253.12459741850668,rubber
97,38,95,31.241295028855845,88.93882499934242,5.529233146619385,240.39684705546188,rubber
107,54,94,29.681994571885824,80.71607028597525,5.7666841409746326,243.1863784015233,rubber
107,51,98,22.22132149117565,75.18745083503248,5.637916561899433,256.8436499310648,rubber
93,47,100,30.018082229627026,89.96672409160308,5.8445942660565,268.2472029241765,rubber
95,44,101,27.98393292417522,86.2702317778877,5.268023933545138,268.72807470585064,rubber
107,53,101,27.582097138359654,76.47564164236584,5.498490716641156,241.61247629782005,rubber
103,47,105,28.027828914187985,87.12196357289957,5.697288219276951,227.16675707530368,rubber
93,51,106,25.834234022691117,87.13883242581461,5.497507221881261,240.57495679460382,rubber
105,58,87,34.194659367400234,87.13755800226373,5.119076191080762,223.7190221708915,rubber
88,50,108,23.18642007553312,81.7614717911981,6.088717279085362,233.186955453885,rubber
91,57,98,25.580492185312494,72.45612595160743,5.418384120281375,240.6247426459411,rubber
99,58,108,29.24228683896622,91.51680908822455,5.400916824872715,236.54671921180773,rubber
97,55,104,28.019185612849455,79.35484608524753,5.7841625198242905,253.31068606375138,rubber
93,57,93,28.370131249450612,83.56395892448211,4.957430411758975,235.81096449969104,rubber
98,55,100,28.925456339417714,91.50373228962859,5.627322685264391,282.4013040436796,rubber
106,46,98,24.220007722730195,82.9449832501187,5.3044119725841155,261.8091982225941,rubber
103,44,101,29.37134095769428,88.95068484635212,5.414494570309728,252.53590522370692,rubber
96,56,93,29.198370570258955,96.28048996029135,5.587932794912091,244.32846763016437,rubber
107,66,104,26.472247957149055,85.36348795365795,5.4864375177540055,254.7639485194967,rubber
93,54,103,27.415932201922725,86.3504571917153,5.617753140050135,228.32312374010434,rubber
106,46,97,29.167645243367346,91.49470607008494,6.137645448212692,246.96719418063583,rubber
113,48,100,24.062907291694675,80.82814752174055,5.931300539870319,264.9613408575178,rubber
99,54,82,25.454643838504037,80.48957789834657,4.547718120651317,261.0890835416287,rubber
77,55,100,29.855678821440222,83.22321399347699,5.350655662115476,248.64367219734478,rubber
113,50,101,30.84243485132119,90.6016889065902,5.133900428740965,249.70338631336864,rubber
79,49,89,25.97116752115009,87.68258849283718,5.373327793355561,259.2280627816396,rubber
117,38,106,28.98245724089071,90.77637820636546,4.70879675213202,252.973984556125,rubber
90,48,98,31.0838143188598,82.34002153340317,5.163914801743497,256.62075566319805,rubber
100,39,101,30.181194175391354,84.38684217424294,5.564269025133959,271.3466356418004,rubber
103,44,105,26.016923561335936,79.06971742213365,5.475290585715719,235.55052755770362,rubber
93,50,79,29.558605958885025,74.33681445485368,5.343337349290841,240.3271653102457,rubber
92,45,90,28.559459637587626,83.20745067668322,5.563453435906921,259.4128894091927,rubber
81,47,95,26.394549153323936,85.41610689324226,6.308076844250545,226.84802551639058,rubber
118,66,115,32.65542719758507,86.72830095842158,6.139184194752639,258.22879942565606,rubber
111,48,109,28.467763734040346,85.82680054873586,5.5629575956701025,223.24414028601274,rubber
111,46,94,23.729275014839168,78.73100900708434,5.863330855159233,255.26653400452344,rubber
83,50,98,21.426673925985455,90.60920799860472,5.235364508090009,259.9145453281301,rubber
92,51,104,25.370501229137577,88.58219313309377,5.705076326185785,235.4007279911235,rubber
124,54,98,32.190316186230746,83.52167498438575,6.3731489186707,201.13077609770417,cocoa
103,58,113,30.897721177679593,83.46784976825595,6.019731902147287,194.33596637801287,cocoa
90,60,98,32.08338805574006,89.09578084837135,5.28259446989742,206.50219023653432,cocoa
108,52,85,32.05581218918801,84.81591854156751,6.78317117029615,202.8864204676587,cocoa
76,44,103,29.563355695718624,92.35676502214632,6.052162414739822,184.19169383868777,cocoa
97,58,111,25.049952464199897,85.3535619324454,5.538621258417978,176.3947475968492,cocoa
117,37,104,27.720845462811248,87.96181604007354,6.057332856156877,196.22434278343263,cocoa
109,58,108,28.063091336055248,85.17270965301019,5.812667566528177,218.42192572421808,cocoa
81,63,96,30.644724205556287,81.09261206271847,5.713948701847391,207.38951304566208,cocoa
99,59,94,27.562294969486437,81.0671261417161,5.912655813295686,221.10745388676315,cocoa
96,38,81,33.06536566060365,89.8750753318241,5.453925983494609,192.4810826387878,cocoa
100,41,96,23.15382294633101,81.82885129109223,5.675962848784497,171.24864965960785,cocoa
106,36,94,31.354194219929433,93.90024987869735,6.2726291541236385,189.68302423659878,cocoa
106,46,96,29.774639935265164,83.6839419479327,5.781823386809037,179.50659535401053,cocoa
97,37,88,25.611403081417066,90.35414109732142,5.921910589768458,193.81489415951899,cocoa
105,56,106,29.246321063058478,91.07811942233005,5.7595729995748055,201.62412923638874,cocoa
99,51,119,34.24171720877709,84.70699954861854,5.9206939971137285,212.00702255359013,cocoa
116,48,96,29.78998854376767,82.80160786432366,6.362786784075456,181.3501898522809,cocoa
93,54,102,27.31649568053184,92.46691385954826,6.100489166501891,177.50834410560782,cocoa
111,47,101,29.0735369730771,86.16145374384185,6.780095050623302,233.43496234025122,cocoa
80,55,105,28.740629639853008,89.8260358850496,6.439944014963454,191.23418605939483,cocoa
94,62,94,30.44614772180388,80.9355368800997,5.8445493114835925,184.16750553321148,cocoa
87,47,104,22.06269286109145,88.23477210698589,5.515351848533661,183.46464774880673,cocoa
102,50,113,28.909026147382754,88.17799521581563,6.140191975191331,202.17968629919886,cocoa
100,41,90,32.63848466101329,89.51277600492863,5.842160835540744,199.38668609484444,cocoa
113,48,103,26.182219270151414,76.68640300965733,5.309294716654341,203.1185271135545,cocoa
90,40,94,25.774535194671742,86.93681336778909,6.376123897984399,194.23697958403343,cocoa
101,42,98,29.390186106691406,81.34783516143023,6.341985336059065,192.94760385226445,cocoa
92,50,94,33.048524223850805,89.79245376661693,6.376424596716522,210.3292126452878,cocoa
102,47,112,30.72366449291321,77.93871677424221,5.536196039274133,197.43357206150029,cocoa
125,51,99,25.005541331423238,85.42725062408742,6.001462611733771,186.62427920849274,cocoa
111,53,88,26.874394508088134,84.78994243068904,6.1033892043590665,214.3964815424874,cocoa
111,43,96,27.51855801376393,80.84530594256489,6.54021352375655,194.63084509078294,cocoa
98,38,93,20.144745127017988,84.28928488935684,5.460505058049144,217.70283165844188,cocoa
103,48,100,26.066078171798896,86.4222582981246,6.211278920172766,169.90148193081015,cocoa
95,37,88,27.8660206921262,81.63303051928493,5.876492373745237,190.38634600601594,cocoa
99,45,108,26.05408599509011,86.77141438856108,5.459723617554375,225.1071837263165,cocoa
111,50,101,28.269844076108303,94.39209813357888,6.002629336198733,205.58493960786214,cocoa
90,55,102,27.887839914726737,79.95146010699494,5.72861772937261,203.18975174461133,cocoa
120,45,93,26.23479982316031,87.94470617932248,5.579690684587583,171.67457329214653,cocoa
78,46,110,28.748624009269033,86.62512557371228,5.588102098942125,198.78036888721348,cocoa
111,41,97,28.801115547422054,97.7578627634739,5.621173659809463,163.00149515643614,cocoa
97,50,93,30.584910433575274,81.24595523574592,6.079816381476209,178.98746541998466,cocoa
71,58,94,25.472700922187734,87.11230018590734,4.851211954981479,204.91369393069226,cocoa
92,51,93,23.965736644401264,86.44053167096364,5.8032806109507895,187.1463734966899,cocoa
88,54,92,23.595525126887093,81.65460503969796,5.989062385881832,198.87615518324563,cocoa
112,58,99,25.902145771942685,82.11328456062067,5.932733383782552,201.42568974959906,cocoa
106,42,113,22.597526005004788,81.89203312108056,5.698897428770876,183.10997858236652,cocoa
122,56,98,28.023599841552326,79.2918351282178,6.2855482577517945,195.5702520709995,cocoa
106,48,114,28.255553918008726,86.03768910207508,5.710013259588232,197.93929548122216,cocoa
109,40,100,28.65899951794127,86.82640215819981,6.019679195666078,209.081907631655,cocoa
100,44,91,32.11467531133454,84.5845661170049,5.889125622429622,177.76306143617086,cocoa
122,60,94,23.983508428987488,87.58233994738919,6.006267718777959,208.6800245277152,cocoa
103,42,94,30.269661716448653,84.22295001535893,5.789289211464231,203.69933178880726,cocoa
99,56,90,30.695407984144293,85.80937660274644,5.8249618016943705,184.18304538336284,cocoa
112,62,104,26.749603441281018,82.62661055841167,5.73685978060509,191.4080971232142,cocoa
90,59,104,27.72845925043082,83.50856871996159,5.69424267827902,194.08032933383407,cocoa
84,50,95,23.74972037318569,79.74032466802635,5.697537778394446,201.90963669054133,cocoa
101,41,84,25.561450562604424,90.29415105153387,5.915905682283766,231.91822999027508,cocoa
95,49,97,25.009499858914992,90.5063507251464,6.205122122063751,194.3468107463428,cocoa
88,31,100,29.15908336384297,92.62692487463313,5.486117725886977,191.1305617406277,cocoa
102,39,100,26.020186023105683,95.51312315493472,5.935066969052536,201.91927114919466,cocoa
95,43,94,29.192541738622214,85.49419622323936,6.194778299205758,184.52875440757379,cocoa
96,41,92,26.540120374945424,88.86754830932782,6.571955877964793,190.62914933361571,cocoa
125,60,95,29.37440868316587,86.13662003989563,5.616921139388629,216.90168045632592,cocoa
111,56,109,21.938093690497833,74.82107185321996,6.207470371109089,191.1178030178173,cocoa
107,33,94,31.011218886015374,90.805170439618,5.323348255987561,215.1828217499484,cocoa
93,49,108,25.28153336968041,82.8225155410616,6.579221038502544,188.5504618212287,cocoa
81,46,91,31.572843727349667,88.53408927686623,6.045621541415169,194.33482161963505,cocoa
104,50,95,28.119793010744598,90.18836823657892,6.384580350718811,189.631775418684,cocoa
109,46,105,29.231509223294,92.31144625363311,5.3394546893398,192.97525103456144,cocoa
80,34,97,29.06911626636249,83.5275952421833,6.407869962760188,198.94212157032413,cocoa
105,51,113,30.14025314225404,75.52304157787188,6.187074549347014,213.07488156933866,cocoa
112,47,105,26.63886624451036,81.61428455283507,5.592823987134049,190.04210246620156,cocoa
110,51,94,29.454381364726615,85.4018834498514,6.111908115446448,212.72738236330107,cocoa
111,59,96,25.713693471543028,78.0794561377675,6.042209747400229,187.84928500919122,cocoa
93,43,114,31.644515195400913,79.45855087830653,6.366260068038189,192.02238392268174,cocoa
99,54,98,24.065531651623886,83.86323494052144,6.203146949924383,212.77765306294512,cocoa
98,52,98,28.460914610798767,84.1132774565234,5.915843443003739,193.5779067498331,cocoa
105,33,90,29.947890296531718,78.59824619905453,5.933350931826962,200.91127859260294,cocoa
93,67,101,27.38967478907835,81.48245073531109,6.059306285034115,190.82336771075717,cocoa
101,57,105,29.55951565337382,89.80910615597585,5.141503984396527,207.20657468818334,cocoa
96,55,109,32.85188334740257,82.10152844839772,5.547031232058875,191.13862722187756,cocoa
101,63,99,27.479606127386393,74.7948022026116,5.50754360382598,197.53914381521608,cocoa
104,45,98,30.14636925690471,89.22430596216844,6.061230120307012,202.00081033578059,cocoa
97,40,95,27.271755555303148,88.96664557515642,6.450831049211142,234.3039299896444,cocoa
100,56,97,29.26648261343025,79.42244253361226,5.5306627083089355,217.05914623270564,cocoa
77,50,106,29.146740958318723,84.52406686912575,5.675070784340445,209.61465520743943,cocoa
107,47,86,29.14504596203654,76.5477223137538,5.994548680250864,198.74844540126062,cocoa
104,59,107,26.393880354504063,86.50300387583783,6.312594316331186,201.72711153771286,cocoa
98,57,103,26.393087391585503,79.94520788839567,5.596774510162278,203.39990741044437,cocoa
109,39,95,22.72492451397804,90.02321667195181,6.070275539597453,186.229054291706,cocoa
97,48,97,29.264895729764504,80.25607841385077,6.031093565558949,215.13632274376556,cocoa
106,40,95,27.479173779478483,85.46938833890574,5.9694270256230215,211.99284151248418,cocoa
91,45,106,26.8722146645408,95.066362946433,5.05539551400277,195.40939225048578,cocoa
98,46,100,25.675206648688988,91.09190917352525,6.191210189682121,224.7005157437469,cocoa
99,58,94,30.10351379324316,93.11303183937314,5.716017372018977,175.71823760953416,cocoa
92,55,92,29.007646211172126,85.20305176652457,6.4793627103912765,218.09269593994503,cocoa
96,38,95,28.723438512927263,81.58751791440442,5.872666897781932,192.55940703228993,cocoa
100,56,99,27.370003128329532,93.0505473674039,6.133636620002937,218.0676998091828,cocoa
73,58,107,28.477270969880337,89.3442091889384,6.110957325051324,192.10972924250575,vanilla
82,49,111,31.406591271322284,82.82982364417167,6.236095899616817,195.28915418123765,vanilla
102,51,107,33.14222272886544,91.43171031182494,5.573523363948528,213.22382225785344,vanilla
98,43,109,31.852422701284713,89.40995868658709,5.21287249979755,201.31228367791627,vanilla
108,46,99,33.544117795534774,81.92349492033362,6.576304910788068,190.54909004021167,vanilla
90,33,106,31.190663431808943,85.26711338339445,6.1743820485748335,204.21767680101405,vanilla
106,52,91,24.604958744889796,81.95196560366274,6.046468334264275,223.82779458272395,vanilla
103,51,96,26.003982395287355,97.42159931886779,6.292578777048273,224.7872298585948,vanilla
105,50,93,27.27744497718181,82.16611687484081,5.945681598146285,212.83099752720375,vanilla
93,48,110,26.149817456040314,93.60931726847305,6.417329385370925,187.40816096083103,vanilla
105,40,103,29.027889095846586,89.29912742315283,5.374314826885034,208.48680335099996,vanilla
109,36,111,24.226386672813437,83.91949523455018,5.9592156775882446,212.31491994216913,vanilla
104,60,101,30.953754582394343,90.53436713154076,5.561110831566329,191.26277827937966,vanilla
92,74,105,28.70665234224564,86.57647427273494,5.878726716296226,205.1179584075496,vanilla
88,58,109,26.85549984442037,74.73474856275612,5.881698459912419,233.96125130286305,vanilla
102,47,98,32.00439201631618,77.72444151161751,6.180968862668191,214.793110392316,vanilla
87,54,95,22.635121990916147,81.59576129986354,5.655440435785638,207.39699970298992,vanilla
100,50,109,29.006660380506613,82.30983788946614,5.633144868277181,185.01968105050284,vanilla
83,48,115,25.60514996154289,87.44315492534356,5.864297039313002,183.16018812177742,vanilla
95,58,113,26.660026058428432,84.310693666568,6.785685002484843,180.31638072273256,vanilla
98,48,109,31.80687761401153,82.36919152899334,5.975341811334927,190.9269674012032,vanilla
80,51,110,27.701815503663877,82.85251355796433,5.696799388995611,183.3595496146034,vanilla
110,51,102,30.644222823619536,74.99087810446102,6.064124941736197,175.8990391563215,vanilla
95,46,82,27.85479342984956,80.29029043168494,6.217531585193633,173.1177099461849,vanilla
111,60,104,26.323742057565156,83.44871637175382,6.598756755941005,194.9483978440805,vanilla
99,59,97,29.969271818947476,79.80841289153412,6.294720001318778,206.66859678204244,vanilla
88,54,99,27.662267603409934,88.25244859574728,6.163051057256458,168.73965606519982,vanilla
102,52,99,31.587399622790368,91.13183582476675,5.8105587834940176,216.64807416930518,vanilla
121,60,93,26.284821093835326,82.90055722176217,5.44424246211247,200.20615555983673,vanilla
96,50,111,27.13109329686976,80.07819504325374,5.908936716661091,217.66976786179083,vanilla
112,48,92,29.478333355185327,95.20297931127985,6.031279210877164,202.95004616773087,vanilla
92,46,112,29.231459463307033,82.17530544684332,5.939135086487997,206.9578567847866,vanilla
81,63,106,29.556090196889283,73.98585214463499,5.834651401297261,199.40829661804173,vanilla
95,40,107,27.896216291509255,87.6779949839138,5.905156731456215,208.6472163929639,vanilla
115,42,103,27.950936888772333,86.48888900787651,5.523768242630652,193.23455757262397,vanilla
112,62,102,29.89971211425799,82.96159606541595,6.595328695215536,205.8556369616556,vanilla
115,44,104,26.56538577154688,80.93575389799295,5.903261346356844,190.08060001728677,vanilla
110,49,107,27.745716083321653,93.66075670782827,5.814384906616381,205.05861282296723,vanilla
96,33,111,30.435166956435925,79.93334877707795,5.745356083728985,220.20185211865828,vanilla
92,53,97,23.38517110263632,82.62375699869709,6.718278135364455,184.74702826891007,vanilla
115,42,101,31.188854345262246,80.32057594115528,5.74595451157967,176.87495102710648,vanilla
115,41,97,29.232262837159617,81.58340807398038,5.6727725417925265,188.01494952058653,vanilla
93,45,90,29.19536226249435,85.19580786834466,6.23511524245137,208.56483728454302,vanilla
98,52,109,31.329545696724765,81.07515223299512,6.055398308084861,194.38438797876975,vanilla
88,58,96,27.522300440217794,86.08645159108761,5.947608857638866,209.13792044230746,vanilla
89,41,98,29.780927108805013,82.94423530117197,5.635460785521293,210.35725629664142,vanilla
93,53,104,31.9030784553692,93.3246052548424,5.798522126289249,211.16213963180428,vanilla
96,40,102,28.46325140110219,80.82156068790808,6.228536755673557,165.49634608659488,vanilla
96,52,105,29.284972082940595,82.92195723227455,6.32066885168599,195.37271915938916,vanilla
111,51,102,26.56704513983962,89.05250675171555,6.178586815741252,184.12499294489615,vanilla
94,44,101,27.455210183138025,87.10798301002228,6.2155480596944015,203.80644854681995,vanilla
112,45,98,30.390028996170845,83.79035266494958,5.371681050724993,186.6888335033321,vanilla
110,43,106,25.75187024110638,87.59700962111876,5.519943335658846,191.35039315861076,vanilla
97,47,112,27.552016438945262,82.58818919163372,6.2654308459063355,178.81185032253248,vanilla
115,60,100,26.885501881131557,82.28656252466604,5.559178888835082,177.29327981808254,vanilla
108,66,87,30.789201850097047,80.40493509849536,6.021893583655107,203.94707505892777,vanilla
106,57,94,31.35631669386791,74.59224487118588,6.398452819034848,177.18105498052313,vanilla
105,42,93,27.56256054119025,92.12494266296494,6.1546714182589755,184.8030028898069,vanilla
88,43,81,26.92561161198271,80.23894878414033,6.166846409607947,219.22425410594172,vanilla
114,50,99,29.627466813593966,82.67915273713645,5.94580281726111,190.41699420815502,vanilla
76,42,101,26.053084513241004,85.64018834610083,6.063042184736342,209.3997448444803,vanilla
102,52,108,23.283398422806563,76.89884800731366,5.872968053260499,167.94749884537367,vanilla
100,48,95,29.168593534150915,79.48088606535046,5.673835183511124,203.91373971445356,vanilla
94,49,96,28.320459334752154,85.39844229436918,6.587331060104671,181.84659323263185,vanilla
93,62,119,28.26519893765513,82.58818639763138,6.09365264617214,199.3316883511411,vanilla
100,60,103,32.90730990950891,82.97451858800588,5.950918797744441,200.01838796216245,vanilla
107,34,98,32.9695209976444,80.49475130172573,6.71007779313517,207.6910755440242,vanilla
104,44,94,25.50815289049203,80.66776850290795,5.958897387842914,181.4705260261407,vanilla
86,58,99,26.056534132050935,85.42606537876527,5.8422753377330725,217.35862247771598,vanilla
90,57,101,28.449136377354595,91.65527377261921,6.0155203430754245,218.69715341237642,vanilla
111,49,102,23.210458088903337,79.67363859678,5.958444505773173,230.44771784797095,vanilla
84,42,103,24.502236343331674,84.32393039431673,6.176972013218447,160.91822299058606,vanilla
110,58,101,26.38482192303301,81.95666058247797,6.3140844508326825,178.59901993212534,vanilla
90,30,99,28.901696464758338,87.83679642624564,6.723882860298782,203.70203380141828,vanilla
100,34,97,27.171223724843937,82.19448806134514,5.2667727153230715,190.46049340292825,vanilla
87,58,78,28.234711945868927,91.74025793227344,5.686359859180883,189.4256861080163,vanilla
85,43,107,28.507339520263482,77.8522775265021,6.18513958821059,173.73015451632233,vanilla
95,51,104,27.486357230894377,87.07932610442442,6.253018153144743,208.194691551138,vanilla
88,46,99,31.065381611212395,82.17394962178852,6.568199964363013,209.88291728734544,vanilla
98,47,101,29.01277228007203,83.15509871302417,6.311094431559142,197.39046787455675,vanilla
103,50,100,33.506872864812244,77.93929944153766,5.687867575545188,191.49236853461147,vanilla
94,48,76,31.203412787396605,83.11269262970792,6.291564565688613,194.15280028625872,vanilla
89,44,94,29.61474546188414,80.2227843542082,6.493997987856872,211.73706909819978,vanilla
101,56,104,24.302090100239173,82.11620126820424,6.2142089254940105,196.7683491556979,vanilla
113,40,109,28.219508728809164,83.26792994842754,5.7148798830455885,176.30942772565749,vanilla
92,62,103,29.161096320595092,81.98535636493405,5.906869829410984,203.5348675721641,vanilla
107,47,96,28.077385205671348,84.38815386444719,5.430277892162508,189.8404616165053,vanilla
85,59,99,26.28126693512271,80.81041246324718,6.292784222920582,185.9187774587561,vanilla
96,62,103,26.419907355399044,78.20577441935964,6.5525431256173405,182.30539903541631,vanilla
92,49,100,26.577739757072514,87.65550348195833,6.304282621640883,224.5060006964305,vanilla
106,38,93,24.90649618420225,79.86707309987041,6.242445801657562,185.35631221166244,vanilla
104,58,83,30.490190277897376,87.58470370310553,5.805783057379167,194.16031780204682,vanilla
103,50,89,32.217022961999014,88.08893441534984,5.736790003261932,207.12543178077271,vanilla
92,60,98,27.71061614451279,79.5002199689232,5.398229253606489,199.87150661343978,vanilla
99,45,87,26.108917708605993,90.30661800781834,5.949868463382628,208.47422157806142,vanilla
106,56,112,29.399865787964814,75.85101163698388,5.7809500681388375,203.20453768934547,vanilla
98,56,103,28.402386414113046,86.36366826130079,6.2526134123078085,192.63766158428842,vanilla
98,51,94,26.74248971882138,82.39510923894542,5.556837292818807,177.02637950763446,vanilla
96,42,103,28.913052125668614,95.89339340519723,6.3687666984292886,227.76542614828915,vanilla
116,51,110,26.47670530476736,83.22775056739623,6.00845458884759,200.27682305489077,vanilla
